caller,last_name,first_name,state,city,zip,ruca_code,rural_satellite_office,datasets,subspecialty_agreement,website_found,phone,ent_type,call_date,office_answered,taking_new_patients,sees_chief_complaint,appointment_with_physician,appointment_date,complete,record_id,npi
Roesch,Nelson,Ralph,WA,Port Orchard,98366,1,No,"ABO, NPI but not ENT Health",aboto_nppes_agree_enthealth_missing,Yes,3606218179,Otology/neurotology,46171,Yes,No-retired or no longer practicing medicine,Not applicable,"Not applicable, no appointment offered with anyone in practice",NA,Complete,1,1750653143
Roesch,Crepeau,Jerome,MA,Provincetown,2657,7,No,"ABO, NPI but not ENT Health",aboto_nppes_agree_enthealth_missing,Yes,508-487-2382,General,46175,No,No-not specified why,Not applicable,"Not applicable, no appointment offered with anyone in practice",NA,Complete,2,1770772931
Roesch,Staats,Ethan,NC,Cashiers,28717,10,No,"ABO, NPI but not ENT Health",aboto_nppes_agree_enthealth_missing,NA,828-743-2558,General,46175,No,No-not specified why,Not applicable,"Not applicable, no appointment offered with anyone in practice",NA,Complete,3,1194244012
Roesch,Hanson,Jonathan,IN,Madison,47250,4,No,"ABO, NPI, ENT Health",all_three_agree,Yes,812-801-0820,General,46175,Yes,Yes,Yes,Yes,46204,Complete,4,1992735583
Roesch,Stachler,Robert,MI,West Bloomfield,48322,1,No,"ABO, NPI, ENT Health",all_three_agree,Yes,(248) 325-9653,General,46175,No,No-not specified why,Not applicable,"Not applicable, no appointment offered with anyone in practice",NA,Complete,5,1134169014
Roesch,Holland,Charles,OK,Bartlesville,74006,4,No,"ABO, NPI but not ENT Health",aboto_nppes_agree_enthealth_missing,Yes,918-333-0474,General,46175,Yes,Yes,Yes,Yes,46223,Complete,6,1144241704
Roesch,Goepfert,Helmuth,TX,Bellaire,77401,1,No,"ABO, NPI but not ENT Health",aboto_nppes_agree_enthealth_missing,Yes,713-792-2121,Head and Neck Cancer,46176,Yes,Yes,Yes,"Not applicable, no appointment offered with anyone in practice",NA,Complete,7,1043695315
Roesch,Foote,Donovan,NE,Grand Island,68803,1,No,"ABO, NPI but not ENT Health",aboto_nppes_agree_enthealth_missing,Yes,308-398-5312,General,46175,No,No-not specified why,Not applicable,"Not applicable, no appointment offered with anyone in practice",NA,Complete,8,1922333954
Roesch,Landau,Steven,NC,Statesville,28677,4,No,"ABO, NPI, ENT Health",all_three_agree,Yes,704-873-5224,General,46175,Yes,Yes,Yes,Yes,46178,Complete,9,1609868132
Roesch,Abaza,Mona,CO,Aurora,80045,1,No,"ABO, NPI, ENT Health",all_three_agree,Yes,720-848-2820,Laryngology,46175,Yes,Yes,Yes,Yes,46266,Complete,10,1043313844
Roesch,Linn,David,WI,Waukesha,53188,1,No,"ABO, NPI, ENT Health",all_three_agree,Yes,262-696-0808,General,46175,Yes,Yes,Yes,Yes,46195,Complete,11,1427391283
Roesch,Heichel,David,MI,Marquette,49855,4,No,"ABO, NPI but not ENT Health",aboto_nppes_agree_enthealth_missing,Yes,(906) 225-7660,General,46175,No,No-not specified why,Not applicable,"Not applicable, no appointment offered with anyone in practice",NA,Complete,12,1629010343
Roesch,Bell,Mark,KS,Salina,67401,4,No,"ABO, NPI, ENT Health",all_three_agree,Yes,785-823-7225,General,46175,Yes,Yes,Yes,Yes,46196,Complete,13,1629043807
Roesch,Truitt,Theodore,MN,Saint Cloud,56303,1,No,"ABO, NPI, ENT Health",all_three_agree,Yes,(320) 252-0233,General,46175,No,No-not specified why,Not applicable,"Not applicable, no appointment offered with anyone in practice",NA,Complete,14,1740240258
Roesch,Ingle,John,NY,Rochester,14618,1,No,"ABO, NPI but not ENT Health",aboto_nppes_agree_enthealth_missing,Yes,585-504-4915,Laryngology,46175,No,No-not specified why,Not applicable,"Not applicable, no appointment offered with anyone in practice",NA,Complete,15,1508905548
Roesch,Davis,Samuel,NC,Goldsboro,27534,1,No,"ABO, NPI but not ENT Health",aboto_nppes_agree_enthealth_missing,Yes,919-735-9146,Facial Plastics,46175,Yes,No-changed practices,Not applicable,"Not applicable, no appointment offered with anyone in practice",NA,Complete,16,1982631768
Roesch,Cumpston,Evan,IN,Indianapolis,46202,1,No,"ABO, NPI, ENT Health",aboto_enthealth_agree_nppes_disagree,Yes,317-944-6467,Otology/neurotology,46175,Yes,Yes,Yes,"Not applicable, no appointment offered with anyone in practice",NA,Complete,17,1376905877
Roesch,Archer,Sanford,KY,Lexington,40536,1,No,"ABO, NPI, ENT Health",all_three_agree,Yes,859-257-5405,General,46175,Yes,Yes,Yes,"Not applicable, no appointment offered with anyone in practice",NA,Complete,18,1396783411
Roesch,Ahn,Andrew,FL,Gainesville,32608,1,No,"ABO, NPI, ENT Health",all_three_agree,Yes,352-548-6000 ext 1153,General,46175,No,No-not specified why,Not applicable,"Not applicable, no appointment offered with anyone in practice",NA,Complete,19,1265752406
Roesch,Davison,Wesley,NY,Brooklyn,11209,1,No,"ABO, NPI, ENT Health",all_three_agree,Yes,718-833-0515,General,46175,Yes,Yes,Yes,Yes,46184,Complete,20,1801259924
Roesch,Keyser,Jeffrey,UT,Logan,84341,1,No,"ABO, NPI but not ENT Health",aboto_nppes_agree_enthealth_missing,Yes,435-714-7437,General,46175,Yes,No-changed practices,Not applicable,No-but appointment offered with different physician,NA,Complete,21,1588674055
Roesch,Collins,William,FL,Gainesville,32610,1,No,"ABO, NPI, ENT Health",aboto_nppes_agree_enthealth_disagree,Yes,352-273-5199,Pediatrics,46175,Yes,Yes,Yes,Yes,46266,Complete,22,1013938653
Roesch,Creighton,Francis,MD,Baltimore,21287,1,No,"ABO, NPI, ENT Health",aboto_enthealth_agree_nppes_disagree,Yes,443-997-6467,Otology/neurotology,46175,Yes,Yes,Yes,Yes,46177,Complete,23,1871859959
Roesch,Cheng,Elbert,CA,Saratoga,95070,1,No,"ABO, NPI, ENT Health",aboto_enthealth_agree_nppes_disagree,Yes,408-741-9982,Facial Plastics,46175,Yes,Yes,No,No-but appointment offered with different physician,46204,Complete,24,1396823357
Roesch,Ellis,Milton,NC,Mount Airy,27030,4,No,"ABO, NPI but not ENT Health",aboto_nppes_agree_enthealth_missing,Yes,336-838-7758,Facial Plastics,46175,No,No-not specified why,Not applicable,"Not applicable, no appointment offered with anyone in practice",NA,Complete,25,1306804869
Roesch,Benke,Theodore,TX,Cleburne,76033,4,No,"ABO, NPI, ENT Health",all_three_agree,Yes,817-641-3750,General,46175,Yes,Yes,No,No-but appointment offered with different physician,46209,Complete,26,1295786135
Roesch,Scapini,David,MI,Sterling Heights,48314,1,No,"ABO, NPI, ENT Health",all_three_agree,Yes,586-254-7200,General,46175,Yes,Yes,Yes,Yes,46225,Complete,27,1255322129
Roesch,Smith,Mark,NH,Lebanon,3756,4,No,"ABO, NPI, ENT Health",aboto_nppes_agree_enthealth_disagree,Yes,603-650-8123,Pediatrics,46175,Yes,Yes,Yes,Yes,46327,Complete,28,1386668135
Roesch,Garren,Kurt,OH,Akron,44320,4,No,"ABO, NPI but not ENT Health",aboto_nppes_agree_enthealth_missing,Yes,234-368-8493,General,46176,Yes,Yes,Yes,Yes,46177,Complete,29,1487644100
Roesch,Connelly,Jan,WA,Spokane,99201,1,No,"ABO, NPI but not ENT Health",aboto_nppes_agree_enthealth_missing,Yes,509-489-3514,General,46176,No,No-not specified why,Not applicable,"Not applicable, no appointment offered with anyone in practice",NA,Complete,30,1972554046
Roesch,Schreiner,Carl,OR,Roseburg,97471,4,No,"ABO, NPI but not ENT Health",aboto_nppes_agree_enthealth_missing,Yes,541-677-3349,General,46176,No,No-not specified why,Not applicable,"Not applicable, no appointment offered with anyone in practice",NA,Complete,31,1710969175
Roesch,Wanless,Kirk,MO,Moberly,65270,4,No,"ABO, NPI, ENT Health",all_three_agree,Yes,660-263-4600,General,46176,No,No-not specified why,Not applicable,"Not applicable, no appointment offered with anyone in practice",NA,Complete,32,1497749485
Roesch,Lander,Timothy,MN,Minneapolis,55404,1,No,"ABO, NPI but not ENT Health",aboto_nppes_disagree_enthealth_missing,Yes,612-874-1292,Pediatrics,46176,Yes,No-changed practices,Yes,No-but appointment offered with different physician,46177,Complete,33,1548264435
Roesch,Viall,John,OH,Gallipolis,45631,4,No,"ABO, NPI but not ENT Health",aboto_nppes_agree_enthealth_missing,Yes,740-446-5135,General,46176,Yes,No-changed practices,Not applicable,"Not applicable, no appointment offered with anyone in practice",NA,Complete,34,1023052107
Roesch,Kashat,Lawrence,MI,East Lansing,48823,1,No,"ABO, NPI, ENT Health",all_three_agree,Yes,517-332-0100,Laryngology,46176,Yes,Yes,Yes,Yes,46196,Complete,35,1205290137
Roesch,Okun,Monica,NY,New York,10028,1,No,"ABO, NPI but not ENT Health",aboto_nppes_agree_enthealth_missing,Yes,914-831-4100,General,46176,Yes,Yes,Yes,Yes,46197,Complete,36,1740497791
Roesch,Kaplan,Brian,MD,Towson,21204,1,No,"ABO, NPI, ENT Health",all_three_agree,Yes,410-821-5151,General,46176,No,No-not specified why,Not applicable,"Not applicable, no appointment offered with anyone in practice",NA,Complete,37,1215941240
Roesch,Miller,Chipp,CA,Santa Monica,90404,1,No,"ABO, NPI but not ENT Health",aboto_nppes_agree_enthealth_missing,Yes,310-829-8701,Pediatrics,46176,No,No-not specified why,Not applicable,"Not applicable, no appointment offered with anyone in practice",NA,Complete,38,1285661363
Roesch,Schackel,Gregory,CO,Durango,81301,4,No,"ABO, NPI but not ENT Health",aboto_nppes_agree_enthealth_missing,Yes,970-385-7272,General,46176,Yes,Yes,Yes,Yes,46258,Complete,39,1831148352
Roesch,Bolduan,Alyssa,IL,Geneva,60134,1,No,"ABO, NPI but not ENT Health",aboto_nppes_agree_enthealth_missing,Yes,630-938-3900,General,46176,Yes,Yes,Yes,Yes,46286,Complete,40,1336535657
Roesch,Song,Christopher,NY,Brooklyn,11209,1,No,"ABO, NPI, ENT Health",all_three_agree,Yes,718-833-0515,General,46177,Yes,Yes,Yes,"Not applicable, no appointment offered with anyone in practice",NA,Complete,41,1770568818
Roesch,Jain,Sonu,OH,Cincinnati,45219,1,No,"ABO, NPI but not ENT Health",aboto_nppes_agree_enthealth_missing,Yes,513-584-1000,Facial Plastics,46177,Yes,No-changed practices,No,"Not applicable, no appointment offered with anyone in practice",NA,Complete,42,1194997015
Roesch,McLeod,Fred,AL,Alexander City,35010,7,No,"ABO, NPI, ENT Health",aboto_nppes_agree_enthealth_disagree,Yes,256-329-1114,Sleep,46177,Yes,Yes,Yes,Yes,46181,Complete,43,1356305940
Roesch,Ventura,Peter,UT,Tooele,84074,4,No,"ABO, NPI but not ENT Health",aboto_nppes_agree_enthealth_missing,Yes,435-833-9600,General,46177,Yes,No-changed practices,Not applicable,"Not applicable, no appointment offered with anyone in practice",NA,Complete,44,1144201690
Roesch,Natili,Angelia,NC,Statesville,28677,4,No,"ABO, NPI, ENT Health",all_three_agree,Yes,704-873-5224,General,46177,Yes,Yes,Yes,Yes,46188,Complete,45,1831406933
Roesch,Kaufman,Raymond,MT,Butte,59701,4,No,"ABO, NPI, ENT Health",all_three_agree,Yes,406-494-0188,Facial Plastics,46177,Yes,No-retired or no longer practicing medicine,Not applicable,"Not applicable, no appointment offered with anyone in practice",NA,Complete,46,1427142231
Roesch,Hillman,Todd,PA,Pittsburgh,15212,1,No,"ABO, NPI, ENT Health",aboto_enthealth_agree_nppes_disagree,Yes,412-321-2480,General,46177,No,No-not specified why,Not applicable,"Not applicable, no appointment offered with anyone in practice",NA,Complete,47,1063592673
Roesch,Roberts,Daniel,CT,Wethersfield,6109,1,No,"ABO, NPI but not ENT Health",aboto_nppes_disagree_enthealth_missing,Yes,860-493-1950,Otology/neurotology,46177,Yes,Yes,Yes,Yes,46223,Complete,48,1104072354
Roesch,Cruz,Michael,WA,Spokane,99201,1,No,"ABO, NPI, ENT Health",all_three_agree,Yes,509-624-2326,General,46177,Yes,Yes,Yes,Yes,46195,Complete,49,1083665145
Roesch,Ambrus,Peter,MA,Quincy,2169,1,No,"ABO, NPI but not ENT Health",aboto_nppes_agree_enthealth_missing,Yes,617-376-8840,General,46177,No,No-retired or no longer practicing medicine,Not applicable,"Not applicable, no appointment offered with anyone in practice",NA,Complete,50,1326087412
Roesch,Plotnick,Eric,GA,Griffin,30224,4,No,"ABO, NPI, ENT Health",aboto_nppes_agree_enthealth_disagree,Yes,470-956-4372,Sleep,46177,Yes,Yes,Yes,Yes,46212,Complete,51,1689657892
Roesch,Inglis,Andrew,WA,Seattle,98105,1,No,"ABO, NPI but not ENT Health",aboto_nppes_agree_enthealth_missing,Yes,206-987-2105,Pediatrics,46177,No,No-not specified why,Not applicable,"Not applicable, no appointment offered with anyone in practice",NA,Complete,52,1255421145
Roesch,Angel,Michael,GA,Gainesville,30501,1,No,"ABO, NPI, ENT Health",all_three_agree,Yes,678-206-2700,Facial Plastics,46177,No,No-not specified why,Not applicable,"Not applicable, no appointment offered with anyone in practice",NA,Complete,53,1366534851
Roesch,Rankin,Brett,ME,Kittery,3904,1,No,"ABO, NPI, ENT Health",all_three_agree,Yes,207-475-0100,General,46177,Yes,No-retired or no longer practicing medicine,Not applicable,"Not applicable, no appointment offered with anyone in practice",NA,Complete,54,1831296748
Roesch,Goodstein,Matthew,CO,Glenwood Springs,81601,4,No,"ABO, NPI, ENT Health",all_three_agree,Yes,970-945-1112,General,46176,No,No-not specified why,Not applicable,"Not applicable, no appointment offered with anyone in practice",NA,Complete,55,1376692533
Roesch,Newland-Pagan,Yvonne,NY,Ferndale,12734,10,No,"ABO, NPI but not ENT Health",aboto_nppes_agree_enthealth_missing,Yes,845-292-2283,General,46177,Yes,Yes,Yes,Yes,46202,Complete,56,1215029491
Roesch,Isseroff,Tova,NY,Garden City,11530,1,No,"ABO, NPI, ENT Health",all_three_agree,Yes,516-294-9363,Laryngology,46177,Yes,Yes,Yes,Yes,46196,Complete,57,1962729103
Roesch,Witt,Robert,DE,Newark,19713,1,No,"ABO, NPI but not ENT Health",aboto_nppes_agree_enthealth_missing,Yes,302-738-6014,General,46185,No,No-not specified why,Not applicable,"Not applicable, no appointment offered with anyone in practice",NA,Complete,58,1659342582
Roesch,Rossos,Apostolos,NJ,Trenton,8619,1,No,"ABO, NPI but not ENT Health",aboto_nppes_agree_enthealth_missing,Yes,609-581-0500,General,46178,Yes,Yes,Yes,No-but appointment offered with different physician,46182,Complete,59,1710074562
Roesch,Conoyer,John,MO,Saint Peters,63376,1,No,"ABO, NPI, ENT Health",all_three_agree,Yes,636-441-3100,General,46177,No,No-not specified why,Not applicable,"Not applicable, no appointment offered with anyone in practice",NA,Complete,60,1295750586
Roesch,Shimotakahara,Steven,OR,Coos Bay,97420,4,No,"ABO, NPI, ENT Health",all_three_agree,Yes,541-267-5151,Head and Neck Cancer,46177,Yes,Yes,Yes,Yes,46258,Complete,61,1326024738
Roesch,Worley,Mitchell,SC,Spartanburg,29303,1,No,"ABO, NPI, ENT Health",all_three_agree,Yes,864-582-2900,General,46177,Yes,Yes,Yes,Yes,46183,Complete,62,1528447281
Roesch,Soderberg,Keith,AZ,Tucson,85712,1,No,"ABO, NPI, ENT Health",all_three_agree,Yes,520-296-8500,General,46177,Yes,No-retired or no longer practicing medicine,Not applicable,"Not applicable, no appointment offered with anyone in practice",NA,Complete,63,1770531527
Roesch,Suh,Jeffrey,CA,Los Angeles,90095,1,No,"ABO, NPI, ENT Health",all_three_agree,Yes,310-206-6688,Rhinology,46177,Yes,Yes,Yes,Yes,46237,Complete,64,1114172442
Roesch,Fitzpatrick,Philip,NE,North Platte,69101,4,Yes,"ABO, NPI, ENT Health",all_three_agree,Yes,308-532-3330,General,46177,No,No-not specified why,Not applicable,"Not applicable, no appointment offered with anyone in practice",NA,Complete,65,1588742001
Roesch,McHugh,Richard,AL,Birmingham,35233,1,No,"ABO, NPI, ENT Health",all_three_agree,Yes,205-801-8000,General,46177,Yes,No-changed practices,Not applicable,"Not applicable, no appointment offered with anyone in practice",NA,Complete,66,1063690311
Roesch,Herrington,Heather,VT,Burlington,5401,1,No,"ABO, NPI, ENT Health",aboto_enthealth_agree_nppes_disagree,Yes,802-847-4535,Pediatrics,46177,Yes,Yes,Yes,Yes,46280,Complete,67,1679607170
Roesch,Holt,Justin,OR,Astoria,97103,4,No,"ABO, NPI, ENT Health",all_three_agree,Yes,503-338-4517,General,46177,No,No-not specified why,Not applicable,"Not applicable, no appointment offered with anyone in practice",NA,Complete,68,1902225709
Roesch,Abernathy,Susan,TN,Greeneville,37745,4,No,"ABO, NPI, ENT Health",all_three_agree,Yes,423-638-1291,General,46177,Yes,No-practice is full but physician does still see established patients,Not applicable,"Not applicable, no appointment offered with anyone in practice",NA,Complete,69,1780632141
Roesch,Wilson,James,NC,New Bern,28562,4,No,"ABO, NPI but not ENT Health",aboto_nppes_agree_enthealth_missing,Yes,252-638-2515,General,46177,Yes,Yes,Yes,Yes,46191,Complete,70,1043770522
Roesch,Holland,Bradford,TX,Gatesville,76528,4,No,"ABO, NPI, ENT Health",all_three_agree,Yes,254-248-6401,General,46185,Yes,Yes,Yes,Yes,46231,Complete,71,1790724839
Roesch,Barretto,Roberto,CA,Orange,92868,1,No,"ABO, NPI but not ENT Health",aboto_nppes_disagree_enthealth_missing,Yes,714-633-4020,Pediatrics,46177,Yes,No-retired or no longer practicing medicine,Not applicable,No-but appointment offered with different physician,46202,Complete,72,1477552941
Roesch,Strigenz,Daniel,TX,Conroe,77385,1,No,"ABO, NPI but not ENT Health",aboto_nppes_agree_enthealth_missing,Yes,936-270-4010,General,46177,Yes,Yes,Yes,Yes,46217,Complete,73,1588919633
Roesch,Windham,Byron,MS,Oxford,38655,4,No,"ABO, NPI, ENT Health",all_three_agree,Yes,662-234-1337,General,46177,Yes,Yes,Yes,Yes,46183,Complete,74,1497975106
Roesch,Boucher,Robert,PA,Lebanon,17042,1,No,"ABO, NPI but not ENT Health",aboto_nppes_agree_enthealth_missing,Yes,717-272-6621,General,46177,No,No-not specified why,Not applicable,"Not applicable, no appointment offered with anyone in practice",NA,Complete,75,1508150624
Roesch,Tabaee,Abtin,NY,New York,10021,1,No,"ABO, NPI, ENT Health",all_three_agree,Yes,646-962-2221,Rhinology,46177,Yes,Yes,Yes,Yes,46197,Complete,76,1255448106
Roesch,Sigmon,Jason,CO,Steamboat Springs,80487,4,No,"ABO, NPI, ENT Health",all_three_agree,Yes,970-871-2549,General,46178,No,No-changed practices,Not applicable,"Not applicable, no appointment offered with anyone in practice",NA,Complete,77,1700841145
Roesch,Arnstein,David,CA,Los Gatos,95030,1,No,"ABO, NPI but not ENT Health",aboto_nppes_disagree_enthealth_missing,Yes,408-395-6121,General,46178,No,No-not specified why,Not applicable,"Not applicable, no appointment offered with anyone in practice",NA,Complete,78,1801898796
Roesch,Rust,Kevin,SC,Greenwood,29646,4,No,"ABO, NPI, ENT Health",all_three_agree,Yes,864-227-6741,General,46178,Yes,Yes,Yes,Yes,46218,Complete,79,1821172560
Roesch,Barrera,Jose,TX,San Antonio,78230,1,No,"ABO, NPI, ENT Health",aboto_enthealth_agree_nppes_disagree,Yes,210-468-5426,Facial Plastics,46178,Yes,Yes,Yes,Yes,46192,Complete,80,1619966686
Roesch,Borden,Robert,MS,Columbus,39705,4,Yes,"ABO, NPI, ENT Health",all_three_agree,Yes,662-327-4432,General,46178,Yes,Yes,Yes,Yes,46203,Complete,81,1710026034
Roesch,Gunter,Anne,TX,Nacogdoches,75965,4,No,"ABO, NPI, ENT Health",all_three_agree,Yes,936-510-8640,General,46178,Yes,Yes,Yes,Yes,46233,Complete,82,1982099040
Roesch,Davis,Greg,WA,Puyallup,98374,1,No,"ABO, NPI, ENT Health",all_three_agree,Yes,253-770-9000,Rhinology,46178,No,No-not specified why,Not applicable,"Not applicable, no appointment offered with anyone in practice",NA,Complete,83,1679689145
Roesch,Maniar,Anoli,NJ,Flemington,8822,4,No,"ABO, NPI but not ENT Health",aboto_nppes_agree_enthealth_missing,Yes,908-788-0945,General,46178,No,No-not specified why,Not applicable,"Not applicable, no appointment offered with anyone in practice",NA,Complete,84,1831281682
Roesch,Nurbhai,Murtaza,PA,Coudersport,16915,10,No,"ABO, NPI but not ENT Health",aboto_nppes_disagree_enthealth_missing,Yes,814-274-7761,General,46178,No,No-not specified why,Not applicable,"Not applicable, no appointment offered with anyone in practice",NA,Complete,85,1477510238
Roesch,Dodds,Brian,CO,Canon City,81212,4,No,"ABO, NPI, ENT Health",all_three_agree,Yes,719-275-3288,General,46178,No,No-not specified why,Not applicable,"Not applicable, no appointment offered with anyone in practice",NA,Complete,86,1922171776
Roesch,Abram,Adam,SC,Columbia,29203,1,No,"ABO, NPI but not ENT Health",aboto_nppes_disagree_enthealth_missing,Yes,803-761-7592,Facial Plastics,46178,No,No-not specified why,Not applicable,"Not applicable, no appointment offered with anyone in practice",NA,Complete,87,1649230632
Roesch,Collazo,Antonio,OH,Marion,43302,4,No,"ABO, NPI, ENT Health",all_three_agree,Yes,740-383-8060,General,46178,No,No-not specified why,Not applicable,"Not applicable, no appointment offered with anyone in practice",NA,Complete,88,1013967371
Roesch,Burkhead,Steven,WA,Covington,98042,1,No,"ABO, NPI but not ENT Health",aboto_nppes_agree_enthealth_missing,Yes,253-372-7115,General,46178,Yes,Yes,Yes,Yes,46202,Complete,89,1134310162
Roesch,Petitjean,Mark,LA,Crowley,70526,4,No,"ABO, NPI, ENT Health",all_three_agree,Yes,337-261-6415,General,46185,Yes,Yes,Yes,No-but appointment offered with different physician,46265,Complete,90,1902888019
Roesch,Horton,Joshua,KY,Louisville,40202,4,No,"ABO, NPI, ENT Health",all_three_agree,Yes,502-629-2500,Head and Neck Cancer,46178,Yes,Yes,Yes,"Not applicable, no appointment offered with anyone in practice",NA,Complete,91,1992153076
Roesch,White,Peter,PA,Meadville,16335,4,Yes,"ABO, NPI, ENT Health",all_three_agree,Yes,814-373-3070,General,46185,No,No-not specified why,Not applicable,"Not applicable, no appointment offered with anyone in practice",NA,Complete,92,1225036270
Roesch,Moss,Richard,IN,Jasper,47546,4,No,"ABO, NPI but not ENT Health",aboto_nppes_agree_enthealth_missing,Yes,812-634-6666,Facial Plastics,46178,No,No-not specified why,Not applicable,"Not applicable, no appointment offered with anyone in practice",NA,Complete,93,1326097619
Roesch,Burkart,Collin,OH,Cincinnati,45219,1,No,"ABO, NPI but not ENT Health",aboto_nppes_agree_enthealth_missing,Yes,513-421-5558,General,46178,Yes,Yes,Yes,Yes,46181,Complete,94,1851502140
Roesch,Cross,Jenny,WV,Elkins,26241,4,No,"ABO, NPI, ENT Health",all_three_agree,Yes,304-637-6302,General,46178,No,No-not specified why,Not applicable,"Not applicable, no appointment offered with anyone in practice",NA,Complete,95,1487858775
Roesch,Paddock,Bradley,NY,Gloversville,12078,4,No,"ABO, NPI, ENT Health",aboto_enthealth_agree_nppes_disagree,Yes,518-725-8656,General,46178,Yes,No-practice is full but physician does still see established patients,Not applicable,No-but appointment offered with different physician,NA,Complete,96,1649230012
Roesch,Bowman,Michael,VA,Blacksburg,24060,4,No,"ABO, NPI but not ENT Health",aboto_nppes_agree_enthealth_missing,Yes,540-443-7400,Facial Plastics,46178,No,No-not specified why,Not applicable,"Not applicable, no appointment offered with anyone in practice",NA,Complete,97,1376510073
Roesch,Thompson,Nicholas,NC,Chapel Hill,27514,1,No,"ABO, NPI, ENT Health",nppes_enthealth_agree_aboto_disagree,Yes,984-974-6484,Otology/neurotology,46182,No,No-not specified why,Not applicable,"Not applicable, no appointment offered with anyone in practice",NA,Complete,98,1508210923
Roesch,Weinheimer,Wyatt,TX,Amarillo,79124,1,No,"ABO, NPI, ENT Health",all_three_agree,NA,806-355-9999,General,46182,Yes,Yes,Yes,Yes,46181,Complete,99,1235499534
Roesch,Ho,Tang,TX,Houston,77030,1,No,"ABO, NPI but not ENT Health",aboto_nppes_disagree_enthealth_missing,Yes,713-486-5019,Facial Plastics,46182,Yes,Yes,Yes,Yes,46188,Complete,100,1770755308
Roesch,Mann,David,IL,Herrin,62948,4,No,"ABO, NPI, ENT Health",all_three_agree,Yes,618-993-0307,General,46182,Yes,Yes,Yes,Yes,46027,Complete,101,1386739670
Roesch,Grimm,Mark,MO,Fenton,63026,1,No,"ABO, NPI but not ENT Health",aboto_nppes_agree_enthealth_missing,Yes,417-888-5696,General,46182,No,No-not specified why,Not applicable,"Not applicable, no appointment offered with anyone in practice",NA,Complete,102,1942271689
Roesch,Taylor,Joseph,MD,Silver Spring,20903,1,No,"ABO, NPI but not ENT Health",aboto_nppes_agree_enthealth_missing,Yes,301-439-4427,General,46182,No,No-not specified why,Not applicable,"Not applicable, no appointment offered with anyone in practice",NA,Complete,103,1679756902
Roesch,Ossoff,Jacob,SC,Lugoff,29078,4,No,"ABO, NPI but not ENT Health",aboto_nppes_agree_enthealth_missing,Yes,803-408-3277,General,46182,No,No-changed practices,Not applicable,No-but appointment offered with different physician,46185,Complete,104,1073958989
Roesch,Montague,Glenda,CA,Napa,94558,1,No,"ABO, NPI but not ENT Health",aboto_nppes_agree_enthealth_missing,Yes,707-251-3608,General,46185,No,No-not specified why,Not applicable,"Not applicable, no appointment offered with anyone in practice",NA,Complete,105,1043508872
Roesch,Rinehart,Richard,IA,West des Moines,50266,1,No,"ABO, NPI but not ENT Health",aboto_nppes_agree_enthealth_missing,Yes,515-875-9450,General,46182,Yes,No-changed practices,Not applicable,No-but appointment offered with different physician,46191,Complete,106,1932195997
Roesch,Yim,Michael,LA,Shreveport,71103,1,No,"ABO, NPI, ENT Health",all_three_agree,Yes,318-626-2690,Rhinology,46182,Yes,Yes,Yes,"Not applicable, no appointment offered with anyone in practice",NA,Complete,107,1073959508
Roesch,Hardee,Monica,TX,Tyler,75703,1,No,"ABO, NPI but not ENT Health",aboto_nppes_agree_enthealth_missing,Yes,903-592-5601,General,46185,No,No-not specified why,Not applicable,"Not applicable, no appointment offered with anyone in practice",NA,Complete,108,1285609883
Roesch,Weissbrod,Philip,CA,San Diego,92103,1,No,"ABO, NPI, ENT Health",all_three_agree,Yes,858-249-4070,Laryngology,46185,No,No-not specified why,Not applicable,"Not applicable, no appointment offered with anyone in practice",NA,Complete,109,1366590853
Roesch,Andrews,Brian,IA,Iowa City,52242,1,No,"ABO, NPI, ENT Health",nppes_enthealth_agree_aboto_disagree,Yes,319-356-3574,Facial Plastics,46185,Yes,Yes,No,No-but appointment offered with different physician,46244,Complete,110,1245449701
Roesch,Buck,Steven,NY,Buffalo,14221,1,No,"ABO, NPI but not ENT Health",aboto_nppes_agree_enthealth_missing,Yes,716-883-6800,General,46185,Yes,No-retired or no longer practicing medicine,Not applicable,"Not applicable, no appointment offered with anyone in practice",NA,Complete,111,1932197449
Roesch,Stevens,Patrick,NH,Laconia,3246,4,Yes,"ABO, NPI but not ENT Health",aboto_nppes_agree_enthealth_missing,Yes,603-238-2209,Rhinology,46185,No,No-not specified why,Not applicable,"Not applicable, no appointment offered with anyone in practice",NA,Complete,112,1992024533
Roesch,Neal,Jeffrey,VA,Abingdon,24210,1,No,"ABO, NPI but not ENT Health",aboto_nppes_agree_enthealth_missing,Yes,276-628-9547,General,46185,Yes,No-on leave of absence (like parental leave),Not applicable,No-but appointment offered with different physician,46260,Complete,113,1942384433
Roesch,Ali,Abu,PA,Jeannette,15644,1,No,"ABO, NPI but not ENT Health",aboto_nppes_agree_enthealth_missing,Yes,724-836-2839,General,46185,No,No-not specified why,Not applicable,"Not applicable, no appointment offered with anyone in practice",NA,Complete,114,1376801688
Roesch,Dewyer,Nicholas,CA,San Francisco,94115,1,No,"ABO, NPI, ENT Health",aboto_enthealth_agree_nppes_disagree,Yes,415-600-0151,Otology/neurotology,46185,No,No-not specified why,Not applicable,"Not applicable, no appointment offered with anyone in practice",NA,Complete,115,1154671089
Roesch,Ruffy,Mauro,NY,Brooklyn,11201,1,No,"ABO, NPI but not ENT Health",aboto_nppes_agree_enthealth_missing,Yes,718-287-0007,General,46185,Yes,No-on leave of absence (like parental leave),Not applicable,No-but appointment offered with different physician,46225,Complete,116,1528047800
Roesch,Frey,Mark,NY,Canton,13617,7,No,"ABO, NPI but not ENT Health",aboto_nppes_agree_enthealth_missing,Yes,315-261-5810,General,46185,Yes,Yes,Yes,Yes,46286,Complete,117,1336116797
Roesch,Schularick,Nathan,MN,Buffalo,55313,2,No,"ABO, NPI, ENT Health",all_three_agree,Yes,612-871-1144,General,46185,No,No-not specified why,Not applicable,"Not applicable, no appointment offered with anyone in practice",NA,Complete,118,1649590076
Roesch,McGarrah,Pamela,AL,Sheffield,35660,1,No,"ABO, NPI, ENT Health",all_three_agree,Yes,256-381-6673,General,46185,Yes,Yes,Yes,Yes,46295,Complete,119,1407957129
Roesch,Hughes,Robert,NY,Albany,12206,1,No,"ABO, NPI, ENT Health",all_three_agree,Yes,518-701-2000,General,46185,No,No-not specified why,Not applicable,"Not applicable, no appointment offered with anyone in practice",NA,Complete,120,1407842248
Roesch,McIlwaine,James,MO,Washington,63090,4,No,"ABO, NPI, ENT Health",all_three_agree,Yes,636-390-1570,General,46188,No,No-not specified why,Not applicable,"Not applicable, no appointment offered with anyone in practice",NA,Complete,121,1558352443
Roesch,Affleck,Brian,ID,Nampa,83686,1,No,"ABO, NPI, ENT Health",all_three_agree,Yes,208-884-2980,General,46188,No,No-retired or no longer practicing medicine,Not applicable,"Not applicable, no appointment offered with anyone in practice",NA,Complete,122,1386633824
Roesch,Adam,Jeffery,OH,Troy,45373,4,No,"ABO, NPI but not ENT Health",aboto_nppes_agree_enthealth_missing,Yes,937-440-7872,General,46188,No,No-not specified why,Not applicable,"Not applicable, no appointment offered with anyone in practice",NA,Complete,123,1326019613
Roesch,Wade,John,WV,Point Pleasant,25550,5,No,"ABO, NPI but not ENT Health",aboto_nppes_agree_enthealth_missing,Yes,304-675-1244,General,46188,No,No-not specified why,Not applicable,"Not applicable, no appointment offered with anyone in practice",NA,Complete,124,1215066873
Roesch,Goldsmith,Ari,NY,Brooklyn,11209,1,No,"ABO, NPI, ENT Health",aboto_nppes_agree_enthealth_disagree,Yes,718-833-0515,Pediatrics,46188,Yes,No-changed practices,Not applicable,No-but appointment offered with different physician,46189,Complete,125,1295754539
Roesch,Cihak,Robert,SD,Aberdeen,57401,4,No,"ABO, NPI, ENT Health",aboto_nppes_agree_enthealth_disagree,Yes,605-622-5506,General,46188,Yes,Yes,Yes,Yes,46212,Complete,126,1528039765
Roesch,Hah,Wilbur,TX,Orange,77630,4,No,"ABO, NPI but not ENT Health",aboto_nppes_agree_enthealth_missing,Yes,409-883-5600,Facial Plastics,46188,No,No-retired or no longer practicing medicine,Not applicable,"Not applicable, no appointment offered with anyone in practice",NA,Complete,127,1043327943
Roesch,Consiglio,Angelo,FL,Marianna,32446,8,No,"ABO, NPI but not ENT Health",aboto_nppes_agree_enthealth_missing,Yes,850-372-4070,General,46188,Yes,Yes,Yes,Yes,46195,Complete,128,1396791638
Roesch,Shen,Jing,TX,Houston,77070,1,No,"ABO, NPI, ENT Health",all_three_agree,Yes,281-649-7200,General,46188,Yes,Yes,Yes,Yes,46189,Complete,129,1508908971
Roesch,Moore,Gary,NE,Omaha,68114,1,No,"ABO, NPI, ENT Health",aboto_nppes_agree_enthealth_disagree,Yes,402-502-6970,Otology/neurotology,46188,No,No-not specified why,Not applicable,"Not applicable, no appointment offered with anyone in practice",NA,Complete,130,1730160854
Roesch,Lord,Christopher,TN,Hixson,37343,1,No,"ABO, NPI, ENT Health",all_three_agree,Yes,423-267-6738,General,46192,Yes,Yes,Yes,Yes,46211,Complete,131,1497165070
Roesch,Phillips,Michael,NC,New Bern,28562,4,No,"ABO, NPI but not ENT Health",aboto_nppes_agree_enthealth_missing,Yes,252-638-2515,General,46192,Yes,No-not specified why,Not applicable,No-but appointment offered with different physician,46205,Complete,132,1417919044
Roesch,Warrick,Paul,IN,Lebanon,46052,4,No,"ABO, NPI, ENT Health",all_three_agree,Yes,765-485-8340,General,46192,Yes,Yes,Yes,Yes,46218,Complete,133,1790770097
Roesch,Dubin,Stephen,NY,Oneida,13421,4,No,"ABO, NPI but not ENT Health",aboto_nppes_agree_enthealth_missing,Yes,315-363-5421,General,46192,Yes,No-changed practices,Not applicable,"Not applicable, no appointment offered with anyone in practice",NA,Complete,134,1205839370
Roesch,Graham,Camille,TX,Greenville,75401,4,No,"ABO, NPI, ENT Health",all_three_agree,Yes,903-454-6481,General,46192,Yes,Yes,Yes,Yes,46219,Complete,135,1720003569
Roesch,Kelsall,David,CO,Englewood,80113,1,No,"ABO, NPI, ENT Health",aboto_nppes_agree_enthealth_disagree,Yes,303-783-9220,Otology/neurotology,46192,No,No-not specified why,Not applicable,"Not applicable, no appointment offered with anyone in practice",NA,Complete,136,1538219969
Roesch,Hanson,Ronald,MN,Saint Cloud,56303,1,No,"ABO, NPI, ENT Health",all_three_agree,Yes,320-252-0233,Facial Plastics,46192,No,No-not specified why,Not applicable,"Not applicable, no appointment offered with anyone in practice",NA,Complete,137,1972564987
Roesch,Raja,Mukund,GA,Lawrenceville,30046,1,No,"ABO, NPI but not ENT Health",aboto_nppes_agree_enthealth_missing,Yes,770-962-0220,General,46192,No,No-not specified why,Not applicable,"Not applicable, no appointment offered with anyone in practice",NA,Complete,138,1871601229
Roesch,Seltzer,David,CA,Solvang,93463,4,No,"ABO, NPI but not ENT Health",aboto_nppes_agree_enthealth_missing,Yes,805-618-1242,General,46192,No,No-not specified why,Not applicable,"Not applicable, no appointment offered with anyone in practice",NA,Complete,139,1154345494
Roesch,Seo,Sarah,NH,Lebanon,3756,4,No,"ABO, NPI, ENT Health",all_three_agree,Yes,603-650-8123,General,46192,Yes,Yes,Yes,Yes,46260,Complete,140,1003081597
Roesch,Johnson,Robert,GA,Vidalia,30474,4,Yes,"ABO, NPI but not ENT Health",aboto_nppes_agree_enthealth_missing,Yes,912-537-3384,General,46192,No,No-not specified why,Not applicable,"Not applicable, no appointment offered with anyone in practice",NA,Complete,141,1093887820
Roesch,King,Peter,MD,Annapolis,21401,1,No,"ABO, NPI, ENT Health",all_three_agree,Yes,410-266-3900,General,46195,No,No-not specified why,Not applicable,"Not applicable, no appointment offered with anyone in practice",NA,Complete,142,1760656540
Roesch,Johnson,James,MN,Virginia,55792,4,No,"ABO, NPI but not ENT Health",aboto_nppes_agree_enthealth_missing,Yes,218-741-0150,General,46195,Yes,No-retired or no longer practicing medicine,Not applicable,"Not applicable, no appointment offered with anyone in practice",NA,Complete,143,1568495422
Roesch,McBeath,Evan,OH,Findlay,45840,4,No,"ABO, NPI, ENT Health",all_three_agree,Yes,419-423-5492,General,46195,No,No-not specified why,Not applicable,"Not applicable, no appointment offered with anyone in practice",NA,Complete,144,1538301163
Roesch,Civantos,Francisco,FL,Miami,33136,1,No,"ABO, NPI, ENT Health",all_three_agree,Yes,305-243-0940,Head and Neck Cancer,46195,Yes,Yes,Yes,"Not applicable, no appointment offered with anyone in practice",NA,Complete,145,1174549224
Roesch,Owens,David,OR,Roseburg,97471,4,No,"ABO, NPI but not ENT Health",aboto_nppes_agree_enthealth_missing,Yes,541-672-5377,General,46195,No,No-not specified why,Not applicable,"Not applicable, no appointment offered with anyone in practice",NA,Complete,146,1982688099
Roesch,Jacob,Sarah,IN,Vincennes,47591,4,No,"ABO, NPI, ENT Health",all_three_agree,Yes,812-473-2060,General,46195,Yes,Yes,Yes,Yes,46281,Complete,147,1336463272
Roesch,Byrd,Serena,NJ,Florham Park,7932,1,No,"ABO, NPI but not ENT Health",aboto_nppes_agree_enthealth_missing,Yes,973-404-9958,Head and Neck Cancer,46195,Yes,No-on leave of absence (like parental leave),Not applicable,No-but appointment offered with different physician,46211,Complete,148,1831450071
Roesch,Killian,Thomas,TX,Kerrville,78028,4,No,"ABO, NPI but not ENT Health",aboto_nppes_agree_enthealth_missing,No,NA,General,NA,NA,No-retired or no longer practicing medicine,Not applicable,"Not applicable, no appointment offered with anyone in practice",NA,Complete,149,1790948156
Roesch,Porter,William,MN,Fergus Falls,56537,4,No,"ABO, NPI but not ENT Health",aboto_nppes_agree_enthealth_missing,Yes,218-736-8000,General,46195,Yes,No-changed practices,Not applicable,No-but appointment offered with different physician,46232,Complete,150,1801886445
Roesch,Goodwin,Jason,TX,Seguin,78155,4,No,"ABO, NPI, ENT Health",all_three_agree,Yes,803-379-0299,General,46198,Yes,Yes,Yes,Yes,46225,Complete,151,1972737237
Roesch,Loney,Deborah,FL,West Palm Beach,33411,1,No,"ABO, NPI but not ENT Health",aboto_nppes_disagree_enthealth_missing,Yes,561-793-5077,General,46198,No,No-not specified why,Not applicable,"Not applicable, no appointment offered with anyone in practice",NA,Complete,152,1356658595
Roesch,Cohen,Jason,NY,Poughkeepsie,12601,1,No,"ABO, NPI, ENT Health",all_three_agree,Yes,845-471-4086,General,46198,Yes,No-retired or no longer practicing medicine,Not applicable,No-but appointment offered with different physician,46202,Complete,153,1851401152
Roesch,Ihm,Peter,NH,Exeter,3833,4,No,"ABO, NPI, ENT Health",all_three_agree,Yes,1-800-439-3837,General,46198,Yes,Yes,Yes,Yes,46259,Complete,154,1285691030
Roesch,Kern,Robert,IL,Chicago,60611,1,No,"ABO, NPI, ENT Health",all_three_agree,Yes,312-695-8182,General,46198,Yes,Yes,Yes,Yes,46223,Complete,155,1033149992
Roesch,Rojewski,Thomas,OH,Zanesville,43701,4,No,"ABO, NPI, ENT Health",aboto_nppes_agree_enthealth_disagree,Yes,740-454-0158,Sleep,46203,Yes,Yes,No,Yes,46205,Complete,156,1215096854
Roesch,Thielman,Michael,WI,Stevens Point,54481,4,No,"ABO, NPI, ENT Health",all_three_agree,Yes,715-346-5000,General,46198,Yes,Yes,Yes,Yes,46230,Complete,157,1881722239
Roesch,Jassin,Basem,TX,Ennis,75119,4,No,"ABO, NPI but not ENT Health",aboto_nppes_agree_enthealth_missing,Yes,972-875-9700,General,46203,No,No-not specified why,Not applicable,"Not applicable, no appointment offered with anyone in practice",NA,Complete,158,1336124130
Roesch,Han,Sehjin,IL,Chicago,60611,1,No,"ABO, NPI but not ENT Health",aboto_nppes_disagree_enthealth_missing,Yes,312-877-5522,Facial Plastics,46203,Yes,Yes,Yes,Yes,46209,Complete,159,1114005600
Roesch,Kletzker,George,MO,Chesterfield,63017,1,No,"ABO, NPI but not ENT Health",aboto_nppes_agree_enthealth_missing,Yes,636-449-5377,General,46203,No,No-not specified why,Not applicable,"Not applicable, no appointment offered with anyone in practice",NA,Complete,160,1417959479
Roesch,Johnston,Douglas,IL,Chicago,60611,1,No,"ABO, NPI, ENT Health",all_three_agree,Yes,800-543-7362,Pediatrics,46203,Yes,Yes,Yes,Yes,46273,Complete,161,1659581262
Roesch,Lynn-Macrae,Alastair,TX,McAllen,78503,1,No,"ABO, NPI but not ENT Health",aboto_nppes_disagree_enthealth_missing,Yes,956-362-7020,Sleep,46204,Yes,No-retired or no longer practicing medicine,Not applicable,No-but appointment offered with different physician,46372,Complete,162,1437133055
Roesch,Prince,Beverly,PA,Coudersport,16915,10,No,"ABO, NPI but not ENT Health",aboto_nppes_agree_enthealth_missing,Yes,814-274-9300,Facial Plastics,46203,Yes,No-changed practices,Not applicable,"Not applicable, no appointment offered with anyone in practice",NA,Complete,163,1912973314
Roesch,Haddad,Nazih,CA,Newport Beach,92660,1,No,"ABO, NPI but not ENT Health",aboto_nppes_agree_enthealth_missing,Yes,714-919-5883,Facial Plastics,46204,No,No-not specified why,Not applicable,"Not applicable, no appointment offered with anyone in practice",NA,Complete,164,1649275637
Roesch,Slavit,David,NY,New York,10021,1,No,"ABO, NPI, ENT Health",all_three_agree,Yes,212-517-9177,General,46203,No,No-retired or no longer practicing medicine,Not applicable,"Not applicable, no appointment offered with anyone in practice",NA,Complete,165,1134212400
Roesch,Stavrides,Kevin,PA,Danville,17822,7,No,"ABO, NPI, ENT Health",all_three_agree,Yes,800-275-6401,General,46203,Yes,Yes,Yes,Yes,46235,Complete,166,1467806570
Roesch,Fierstein,Jeffrey,IL,Granite City,62040,1,No,"ABO, NPI but not ENT Health",aboto_nppes_agree_enthealth_missing,Yes,618-288-8500,General,46204,Yes,No-retired or no longer practicing medicine,Not applicable,Yes,46246,Complete,167,1740259043
Roesch,Duplan,Don,TX,Port Arthur,77640,1,No,"ABO, NPI but not ENT Health",aboto_nppes_agree_enthealth_missing,Yes,409-722-5000,General,46204,No,No-retired or no longer practicing medicine,Not applicable,"Not applicable, no appointment offered with anyone in practice",NA,Complete,168,1598763062
Roesch,Epstein,Gordon,CA,Fremont,94538,1,No,"ABO, NPI but not ENT Health",aboto_nppes_agree_enthealth_missing,Yes,510-498-2814,General,46204,No,No-not specified why,Not applicable,"Not applicable, no appointment offered with anyone in practice",NA,Complete,169,1992741268
Roesch,Toma,Vincent,OH,Toledo,43623,1,No,"ABO, NPI, ENT Health",all_three_agree,Yes,419-931-6128,General,46204,Yes,Yes,Yes,Yes,46253,Complete,170,1790786671
Roesch,VandeGriend,Zachary,CA,Santa Maria,93454,1,No,"ABO, NPI, ENT Health",all_three_agree,Yes,805-541-2368,General,46204,Yes,Yes,Yes,Yes,46210,Complete,171,1477781193
Roesch,Reed,Michael,IA,Iowa City,52245,1,No,"ABO, NPI, ENT Health",all_three_agree,Yes,319-351-5680,General,46204,Yes,Yes,Yes,Yes,46219,Complete,172,1417183351
Roesch,Brackebusch,Joyce,SC,West Columbia,29169,1,No,"ABO, NPI but not ENT Health",aboto_nppes_agree_enthealth_missing,Yes,803-936-7530,General,46204,Yes,No-changed practices,Yes,No-but appointment offered with different physician,46216,Complete,173,1710065271
Chow,Chaturvedi,Govind,NY,Kingston,12401,1,No,"ABO, NPI but not ENT Health",aboto_nppes_agree_enthealth_missing,NA,NA,NA,NA,NA,NA,NA,NA,NA,Incomplete,174,1710942644
Roesch,Newburger,Herbert,CA,Petaluma,94952,1,No,"ABO, NPI but not ENT Health",aboto_nppes_agree_enthealth_missing,Yes,707-763-3153,General,46204,No,No-not specified why,Not applicable,"Not applicable, no appointment offered with anyone in practice",NA,Complete,175,1629314265
Roesch,McQueen,James,AL,Enterprise,36330,4,No,"ABO, NPI, ENT Health",all_three_agree,Yes,334-393-6837,General,46204,Yes,Yes,Yes,Yes,46225,Complete,176,1740268259
Roesch,Wijewickrama,Rohan,MA,Brighton,2135,1,No,"ABO, NPI, ENT Health",all_three_agree,Yes,617-789-5004,Rhinology,46203,Yes,Yes,Yes,Yes,46223,Complete,177,1720210800
Roesch,Bryant,James,WV,Bridgeport,26330,4,No,"ABO, NPI but not ENT Health",aboto_nppes_agree_enthealth_missing,Yes,304-622-2708,General,46203,Yes,No-retired or no longer practicing medicine,Not applicable,"Not applicable, no appointment offered with anyone in practice",NA,Complete,178,1497847651
Roesch,Vidrine,David,SC,Lugoff,29078,4,No,"ABO, NPI but not ENT Health",aboto_nppes_disagree_enthealth_missing,Yes,803-736-3277,Pediatrics,46203,Yes,Yes,Yes,Yes,46205,Complete,179,1447293121
Roesch,Newby,Maxwell,PA,Allentown,18103,1,No,"ABO, NPI, ENT Health",all_three_agree,Yes,610-402-7999,Pediatrics,46203,No,No-not specified why,Not applicable,"Not applicable, no appointment offered with anyone in practice",NA,Complete,180,1912448317
Roesch,Wilson,Robert,KY,Danville,40422,4,No,"ABO, NPI but not ENT Health",aboto_nppes_agree_enthealth_missing,Yes,859-236-0903,General,46204,No,No-not specified why,Not applicable,"Not applicable, no appointment offered with anyone in practice",NA,Complete,181,1861646374
Roesch,Overton,Lewis,NC,Raleigh,27610,1,No,"ABO, NPI, ENT Health",all_three_agree,Yes,919-350-3277,Head and Neck Cancer,46204,Yes,Yes,Yes,Yes,46211,Complete,182,1710323704
Roesch,Bennett,Garrett,NY,New York,10065,1,No,"ABO, NPI but not ENT Health",aboto_nppes_disagree_enthealth_missing,Yes,212-980-2600,Facial Plastics,46203,No,No-not specified why,Not applicable,"Not applicable, no appointment offered with anyone in practice",NA,Complete,183,1689746752
Roesch,Puzzi,Joseph,PA,Pottsville,17901,4,No,"ABO, NPI, ENT Health",all_three_agree,Yes,570-621-5010,General,46204,Yes,Yes,Yes,"Not applicable, no appointment offered with anyone in practice",NA,Complete,184,1205829496
Roesch,Vietti,Michael,OH,Sidney,45365,4,Yes,"ABO, NPI, ENT Health",all_three_agree,Yes,937-494-5242,General,46204,Yes,Yes,Yes,Yes,46268,Complete,185,1811952658
Roesch,Lin,Fred,NY,New York,10029,1,No,"ABO, NPI, ENT Health",nppes_enthealth_agree_aboto_disagree,Yes,212-241-9410,Sleep,46204,Yes,Yes,Yes,Yes,46209,Complete,186,1104084904
Roesch,Hunter,Paul,OK,Oklahoma City,73102,1,No,"ABO, NPI but not ENT Health",aboto_nppes_disagree_enthealth_missing,Yes,405-272-6027,General,46204,No,No-not specified why,Not applicable,"Not applicable, no appointment offered with anyone in practice",NA,Complete,187,1528021912
Roesch,Lewis,Melba,TX,Austin,78746,1,No,"ABO, NPI, ENT Health",all_three_agree,Yes,512-328-4999,General,46204,Yes,Yes,Yes,Yes,46234,Complete,188,1831120021
Roesch,Anderson,Kristofer,VT,Middlebury,5753,10,No,"ABO, NPI, ENT Health",all_three_agree,Yes,802-388-7037,General,46204,Yes,Yes,Yes,Yes,46323,Complete,189,1568479251
Falk,Osborne,Ryan,CA,Los Angeles,90048,1,No,"ABO, NPI but not ENT Health",aboto_nppes_agree_enthealth_missing,Yes,310-657-0123,Head and Neck Cancer,46189,Yes,Yes,Yes,Yes,46196,Complete,190,1992880439
Falk,Nordstrom,Michael,WI,Milwaukee,53220,1,No,"ABO, NPI, ENT Health",all_three_agree,No,414-281-4466,General,46189,Yes,Yes,Yes,Yes,46210,Complete,191,1376554832
Falk,Kryzer,Thomas,KS,Wichita,67206,1,No,"ABO, NPI but not ENT Health",aboto_nppes_agree_enthealth_missing,Yes,316-686-6608,Otology/neurotology,NA,Yes,No-retired or no longer practicing medicine,Not applicable,NA,NA,Complete,192,1194727453
Falk,Boyev,Kestutis,FL,Tampa,33612,1,No,"ABO, NPI, ENT Health",aboto_enthealth_agree_nppes_disagree,Yes,813-821-8012,Otology/neurotology,46191,Yes,Yes,Yes,Yes,46199,Complete,193,1730114380
Falk,Erickson,Rick,TX,Paris,75460,4,No,"ABO, NPI, ENT Health",all_three_agree,Yes,(903) 785-5800,General,46189,Yes,Yes,Yes,Yes,46196,Complete,194,1457354367
Falk,Goodrich,Timothy,WA,Pullman,99163,4,No,"ABO, NPI but not ENT Health",aboto_nppes_agree_enthealth_missing,Yes,(509) 332-8843,General,46189,Yes,Yes,Yes,Yes,46309,Complete,195,1598887861
Falk,Danziger,Eliot,NY,Levittown,11756,1,No,"ABO, NPI but not ENT Health",aboto_nppes_disagree_enthealth_missing,No,(516) 579-3050,General,46198,Yes,No-not specified why,Not applicable,"Not applicable, no appointment offered with anyone in practice",NA,Complete,196,1538127683
Falk,Doellman,Mary,IL,Quincy,62301,4,Yes,"ABO, NPI, ENT Health",all_three_agree,Yes,(217) 222-6550,General,46189,Yes,Yes,Yes,Yes,46220,Complete,197,1417117854
Falk,Vora,Neil,TX,Greenville,75401,4,No,"ABO, NPI, ENT Health",all_three_agree,Yes,903.454.6481,General,46191,Yes,Yes,Yes,Yes,46211,Complete,198,1871525709
Falk,Wynings-Keaty,Erin,MN,Saint Paul,55125,1,No,"ABO, NPI but not ENT Health",aboto_nppes_agree_enthealth_missing,Yes,(651) 702-0750,General,46191,Yes,Yes,Yes,Yes,46205,Complete,199,1093212011
Falk,Zapanta,Philip,VA,Danville,24541,4,No,"ABO, NPI, ENT Health",all_three_agree,Yes,(434) 792-0830,General,46191,Yes,Yes,Yes,Yes,46293,Complete,200,1528008026
Falk,Mumtaz,Anwar,MD,Halethorpe,21227,1,No,"ABO, NPI but not ENT Health",aboto_nppes_agree_enthealth_missing,Yes,â€‹410-789-2800,General,46198,Yes,Yes,Yes,Yes,46212,Complete,201,1639281736
Falk,Mathias,Brad,GA,Milledgeville,31061,5,No,"ABO, NPI but not ENT Health",aboto_nppes_agree_enthealth_missing,No,(478) 240-2000,General,46198,Yes,No-not specified why,Not applicable,"Not applicable, no appointment offered with anyone in practice",NA,Complete,202,1649450586
Falk,Miller,Karen,ME,Belfast,4915,7,No,"ABO, NPI but not ENT Health",aboto_nppes_agree_enthealth_missing,No,(207) 338-2500,General,46191,Yes,No-not specified why,Not applicable,"Not applicable, no appointment offered with anyone in practice",46191,Complete,203,1386828960
Falk,Blevins,Nikolas,CA,Stanford,94305,1,No,"ABO, NPI, ENT Health",aboto_enthealth_agree_nppes_disagree,Yes,(650) 723-5281,Otology/neurotology,46196,Yes,Yes,Yes,"Not applicable, no appointment offered with anyone in practice",NA,Complete,204,1093863169
Falk,Scheidt,Troy,MO,Columbia,65203,1,No,"ABO, NPI, ENT Health",all_three_agree,Yes,(573) 214-2000,General,46191,Yes,Yes,No,No-but appointment offered with different physician,46213,Complete,205,1619920097
Falk,Levinger,Joshua,TX,Odessa,79761,1,No,"ABO, NPI, ENT Health",all_three_agree,No,432-640-6360,General,46191,Yes,No-changed practices,Not applicable,"Not applicable, no appointment offered with anyone in practice",NA,Complete,206,1942456967
Falk,Malekzadeh,Sonya,DC,Washington,20007,1,No,"ABO, NPI, ENT Health",all_three_agree,Yes,202-444-8186,General,46191,Yes,No-not specified why,Not applicable,"Not applicable, no appointment offered with anyone in practice",NA,Complete,207,1861491409
Falk,Fordham,Morgan,TX,San Antonio,78207,1,No,"ABO, NPI but not ENT Health",aboto_nppes_disagree_enthealth_missing,Yes,210-704-3707,Pediatrics,46191,Yes,Yes,Yes,Yes,46260,Complete,208,1558522615
Falk,Daly,Scott,GA,Moultrie,31768,4,No,"ABO, NPI, ENT Health",all_three_agree,Yes,229-891-3325,General,46191,Yes,Yes,Yes,Yes,46209,Complete,209,1619917838
Falk,Bailey,David,TX,Conroe,77384,1,Yes,"ABO, NPI but not ENT Health",aboto_nppes_agree_enthealth_missing,No,936-266-2630,General,46198,Yes,No-retired or no longer practicing medicine,Not applicable,"Not applicable, no appointment offered with anyone in practice",NA,Complete,210,1548277882
Falk,Bradford,Benjamin,NV,Stateline,89449,4,No,"ABO, NPI but not ENT Health",aboto_nppes_disagree_enthealth_missing,Yes,(530) 721-6052,Facial Plastics,46188,Yes,No-changed practices,NA,NA,NA,Complete,211,1629336128
Falk,Cote,Donald,GA,Conyers,30012,1,No,"ABO, NPI, ENT Health",all_three_agree,No,(770) 922-5458,General,46191,Yes,No-retired or no longer practicing medicine,Not applicable,No-but appointment offered with different physician,46211,Complete,212,1942302328
Falk,Hirsch,Matthew,CA,Carlsbad,92009,1,No,"ABO, NPI but not ENT Health",aboto_nppes_agree_enthealth_missing,Yes,760-334-5466,Facial Plastics,46188,Yes,Yes,Yes,Yes,46190,Complete,213,1831331693
Falk,Ferris,Robert,NC,Raleigh,27607,1,No,"ABO, NPI but not ENT Health",aboto_nppes_agree_enthealth_missing,Yes,984-974-6486,Head and Neck Cancer,46198,Yes,No-not specified why,Not applicable,"Not applicable, no appointment offered with anyone in practice",NA,Complete,214,1851364509
Falk,Pavlovich,Andrew,MO,Lees Summit,64064,1,No,"ABO, NPI but not ENT Health",aboto_nppes_agree_enthealth_missing,No,(816) 478-4200,Facial Plastics,46191,Yes,No-not specified why,Not applicable,No-but appointment offered with different physician,46195,Complete,215,1013980614
Falk,Wall,Maryann,CO,Steamboat Springs,80487,4,No,"ABO, NPI but not ENT Health",aboto_nppes_agree_enthealth_missing,No,(970) 879-3200,General,46188,No,NA,NA,"Not applicable, no appointment offered with anyone in practice",NA,Complete,216,1528065695
Falk,Mendelsohn,Michael,NY,Garden City,11530,1,No,"ABO, NPI, ENT Health",nppes_enthealth_agree_aboto_disagree,Yes,516-222-1881,Pediatrics,46191,Yes,Yes,Yes,Yes,46195,Complete,217,1285653535
Falk,Noone,Michael,SC,Charleston,29414,1,No,"ABO, NPI, ENT Health",all_three_agree,Yes,(843) 766-7103,General,46191,Yes,Yes,Yes,Yes,46195,Complete,218,1376500504
Falk,Hebert,Richard,LA,Eunice,70535,4,No,"ABO, NPI but not ENT Health",aboto_nppes_agree_enthealth_missing,Yes,337-550-8530,Pediatrics,46191,Yes,Yes,Yes,Yes,46197,Complete,219,1396742235
Falk,Jabourian,Zaven,VA,Richlands,24641,7,No,"ABO, NPI, ENT Health",all_three_agree,Yes,2769647439,General,46191,Yes,Yes,Yes,Yes,46211,Complete,220,1487758660
Falk,Roa,Ricardo,OH,Portsmouth,45662,4,No,"ABO, NPI but not ENT Health",aboto_nppes_agree_enthealth_missing,Yes,740-356-6836,General,46198,Yes,Yes,Yes,Yes,46230,Complete,221,1700821907
Falk,Scruggs,Michael,NC,Rutherfordton,28139,4,No,"ABO, NPI but not ENT Health",aboto_nppes_agree_enthealth_missing,No,828-286-5335,General,46198,Yes,No-retired or no longer practicing medicine,Not applicable,"Not applicable, no appointment offered with anyone in practice",NA,Complete,222,1871573394
Falk,Turner,Justin,AL,Birmingham,35233,1,No,"ABO, NPI, ENT Health",all_three_agree,Yes,205-801-7801,Rhinology,46188,Yes,Yes,Yes,Yes,46197,Complete,223,1215076807
Falk,Simpson,Roger,NE,North Platte,69101,4,No,"ABO, NPI but not ENT Health",aboto_nppes_agree_enthealth_missing,Yes,(308) 532-6165,General,46188,Yes,Yes,Yes,Yes,46210,Complete,224,1871585281
Falk,Cunningham,John,NC,Kinston,28501,4,No,"ABO, NPI but not ENT Health",aboto_nppes_disagree_enthealth_missing,No,(252) 393-1220,General,46191,No,NA,Not applicable,"Not applicable, no appointment offered with anyone in practice",NA,Complete,225,1245215904
Falk,Tran,Quang,FL,Panama City,32405,1,No,"ABO, NPI, ENT Health",all_three_agree,Yes,(850) 769-0278,General,46198,Yes,Yes,Yes,Yes,46209,Complete,226,1679516215
Falk,Gnuechtel,Michael,TX,Kerrville,78028,4,No,"ABO, NPI, ENT Health",all_three_agree,Yes,830-895-4443,General,46188,Yes,Yes,Yes,Yes,46203,Complete,227,1033101902
Falk,Jones,James,GA,LaGrange,30240,4,No,"ABO, NPI but not ENT Health",aboto_nppes_agree_enthealth_missing,No,706-882-9524,General,46198,Yes,No-not specified why,Not applicable,"Not applicable, no appointment offered with anyone in practice",NA,Complete,228,1598861692
Falk,Gutowski,Watson,MT,Sidney,59270,7,No,"ABO, NPI but not ENT Health",aboto_nppes_agree_enthealth_missing,No,406-488-2380,Otology/neurotology,46196,Yes,No-not specified why,Not applicable,"Not applicable, no appointment offered with anyone in practice",NA,Complete,229,1639256688
Falk,Le,Marissa,WI,Elkhorn,53121,4,No,"ABO, NPI, ENT Health",all_three_agree,Yes,262-723-6811,General,46198,Yes,Yes,Yes,Yes,46218,Complete,230,1326369901
Falk,Wheless,Stephen,TN,Knoxville,37916,1,No,"ABO, NPI, ENT Health",all_three_agree,Yes,(865) 693-6065,General,46196,Yes,Yes,Yes,Yes,46203,Complete,231,1649579996
Falk,Bond,William,DC,Washington,20010,1,No,"ABO, NPI but not ENT Health",aboto_nppes_agree_enthealth_missing,Yes,(202) 726-7770,General,46197,Yes,Yes,Yes,Yes,46202,Complete,232,1730124041
Falk,Deutsch,Ellen,DE,Wilmington,19803,1,No,"ABO, NPI but not ENT Health",aboto_nppes_disagree_enthealth_missing,Yes,(302) 651-4000,Pediatrics,46197,Yes,No-changed practices,Not applicable,"Not applicable, no appointment offered with anyone in practice",NA,Complete,233,1013008382
Falk,Scott,James,OR,Roseburg,97471,4,No,"ABO, NPI but not ENT Health",aboto_nppes_agree_enthealth_missing,No,(541) 673-3259,General,46188,No,NA,NA,"Not applicable, no appointment offered with anyone in practice",NA,Complete,234,1619128246
Falk,Hart,Joseph,IA,Creston,50801,7,No,"ABO, NPI, ENT Health",all_three_agree,No,(641) 782-3887,General,46196,Yes,No-not specified why,Not applicable,"Not applicable, no appointment offered with anyone in practice",NA,Complete,235,1649224411
Falk,Laurenzo,John,MS,Oxford,38655,4,No,"ABO, NPI, ENT Health",all_three_agree,Yes,(662) 234-1337,General,46189,Yes,Yes,Yes,Yes,46190,Complete,236,1700851615
Falk,Rudzinski,Walter,MI,Munising,49862,10,No,"ABO, NPI but not ENT Health",aboto_nppes_agree_enthealth_missing,No,906-387-4338,General,46197,Yes,No-retired or no longer practicing medicine,Not applicable,"Not applicable, no appointment offered with anyone in practice",NA,Complete,237,1891768651
Falk,von Allmen,Douglas,OH,Cincinnati,45229,1,No,"ABO, NPI but not ENT Health",aboto_nppes_agree_enthealth_missing,Yes,513-636-3200,Pediatrics,46189,Yes,Yes,Yes,Yes,46220,Complete,238,1720407133
Falk,Ferguson,Jonathan,IL,Rockford,61107,1,No,"ABO, NPI but not ENT Health",aboto_nppes_agree_enthealth_missing,Yes,(815) 398-3277,General,46188,Yes,No-practice is full but physician does still see established patients,NA,No-but appointment offered with different physician,46309,Complete,239,1669452934
Falk,Cole,Jeptha,MS,Flowood,39232,1,No,"ABO, NPI but not ENT Health",aboto_nppes_disagree_enthealth_missing,Yes,(601) 933-2004,Facial Plastics,46188,Yes,Yes,Yes,Yes,46227,Complete,240,1821182080
Kim,McGonagle,Martin,TX,Stephenville,76401,4,No,"ABO, NPI but not ENT Health",aboto_nppes_agree_enthealth_missing,NA,254-965-7870,General,46174,No,NA,Not applicable,"Not applicable, no appointment offered with anyone in practice",NA,Complete,241,1871698308
Kim,Hilger,Peter,MN,Minneapolis,55439,1,No,"ABO, NPI but not ENT Health",aboto_nppes_agree_enthealth_missing,NA,(952) 844-0404,Facial Plastics,46174,Yes,Yes,Yes,"Not applicable, no appointment offered with anyone in practice",NA,Complete,242,1790770196
Kim,Shikowitz,Mark,NY,New Hyde Park,11040,1,No,"ABO, NPI, ENT Health",all_three_agree,NA,516-470-7550,Rhinology,46174,Yes,Yes,Yes,"Not applicable, no appointment offered with anyone in practice",NA,Complete,243,1104997105
Kim,Fritsch,Valerie,SC,Lugoff,29078,4,No,"ABO, NPI, ENT Health",all_three_agree,Yes,(803) 969-0618,General,46182,Yes,Yes,Yes,Yes,46199,Complete,244,1447513643
Kim,Harounian,Jonathan,NY,New York,10021,1,No,"ABO, NPI but not ENT Health",aboto_nppes_agree_enthealth_missing,Yes,212-444-8006,Facial Plastics,46182,No,No-retired or no longer practicing medicine,Not applicable,No-but appointment offered with different physician,NA,Complete,245,1386039196
Kim,Saini,Alok,KY,Lexington,40536,1,No,"ABO, NPI, ENT Health",all_three_agree,Yes,(859) 257-5405,Rhinology,46182,Yes,Yes,Yes,Yes,46217,Complete,246,1073872875
Kim,Ovaitt,Alyssa,LA,New Orleans,70112,1,No,"ABO, NPI, ENT Health",all_three_agree,Yes,225-765-1982,Facial Plastics,46182,Yes,Yes,Yes,Yes,46246,Complete,247,1265968911
Kim,Danosos,Douglas,NY,Batavia,14020,4,No,"ABO, NPI but not ENT Health",aboto_nppes_agree_enthealth_missing,No,NA,Laryngology,NA,NA,NA,NA,NA,NA,Complete,248,1780645283
Kim,Beck,Howard,MI,Petoskey,49770,5,No,"ABO, NPI but not ENT Health",aboto_nppes_agree_enthealth_missing,Yes,(231) 439-6844,General,46183,No,NA,NA,NA,NA,Complete,249,1710906425
Kim,Veenker,Elizabeth,FL,Gainesville,32608,1,No,"ABO, NPI but not ENT Health",aboto_nppes_agree_enthealth_missing,NA,352-376-1611,Head and Neck Cancer,46209,No,NA,NA,NA,NA,Complete,250,1861581399
Kim,Du,Eugenie,MA,West Roxbury,2132,1,No,"ABO, NPI, ENT Health",nppes_enthealth_agree_aboto_disagree,Yes,(508) 757-0330,Head and Neck Cancer,46183,Yes,Yes,Yes,Yes,46195,Complete,251,1700178241
Kim,Glassman,Harrison,NY,Bronx,10461,1,No,"ABO, NPI, ENT Health",all_three_agree,Yes,(718) 863-4366,General,46183,Yes,Yes,Yes,Yes,46189,Complete,252,1811151608
Kim,Kaza,Srinivas,NY,Canandaigua,14424,4,No,"ABO, NPI, ENT Health",all_three_agree,Yes,585-394-8800,General,46183,Yes,Yes,Yes,Yes,46204,Complete,253,1679597652
Kim,Bryars,William,AL,Mobile,36606,1,No,"ABO, NPI but not ENT Health",aboto_nppes_agree_enthealth_missing,Yes,(251) 473-1900,General,46183,Yes,No-retired or no longer practicing medicine,Not applicable,NA,NA,Complete,254,1366445223
Kim,Thompson,David,MD,Potomac,20854,1,No,"ABO, NPI but not ENT Health",aboto_nppes_agree_enthealth_missing,Yes,770-872-2321,General,46183,Yes,Yes,Yes,NA,46210,Complete,255,1134123912
Kim,Seywerd,Erwin,ME,Augusta,4330,4,No,"ABO, NPI but not ENT Health",aboto_nppes_agree_enthealth_missing,Yes,207-623-8411,General,46209,Yes,No-not specified why,Not applicable,NA,NA,Complete,256,1811967227
Kim,Bapna,Sumit,OH,Dublin,43016,1,No,"ABO, NPI but not ENT Health",aboto_nppes_agree_enthealth_missing,Yes,614-876-6673,Facial Plastics,46209,Yes,Yes,Yes,Yes,NA,Complete,257,1841415049
Kim,Uyesugi,Arthur,CA,Temecula,92592,1,No,"ABO, NPI but not ENT Health",aboto_nppes_agree_enthealth_missing,NA,(951) 404-0911,General,46184,Yes,Yes,Yes,Yes,46192,Complete,258,1528593431
Kim,Kimberley,Barry,KS,Newton,67114,4,No,"ABO, NPI but not ENT Health",aboto_nppes_agree_enthealth_missing,Yes,316-283-2828,General,46184,No,NA,NA,NA,NA,Complete,259,1063417012
Kim,Brenner,Alan,NM,Albuquerque,87106,1,No,"ABO, NPI but not ENT Health",aboto_nppes_disagree_enthealth_missing,NA,505-563-6450,Facial Plastics,46209,No,NA,Not applicable,NA,NA,Complete,260,1063565075
Kim,Neis,Paul,AR,Mountain Home,72653,4,No,"ABO, NPI, ENT Health",aboto_nppes_agree_enthealth_disagree,Yes,(870) 424-4200,General,46184,Yes,No-retired or no longer practicing medicine,NA,NA,NA,Complete,261,1629077896
Kim,Hay,Casey,KY,Leitchfield,42754,7,No,"ABO, NPI, ENT Health",all_three_agree,Yes,270-259-2714,General,46184,NA,NA,NA,NA,NA,Incomplete,262,1023428695
Kim,DelGaudio,John,GA,Atlanta,30322,1,No,"ABO, NPI but not ENT Health",aboto_nppes_agree_enthealth_missing,Yes,(404) 778-3381,General,46184,Yes,Yes,Yes,Yes,46196,Complete,263,1104937861
Kim,Snyder,James,NH,Concord,3301,4,No,"ABO, NPI, ENT Health",all_three_agree,Yes,(603) 425-6530,General,46184,Yes,No-retired or no longer practicing medicine,Not applicable,No-but appointment offered with different physician,46218,Complete,264,1811965379
Kim,Schaefer,John,NY,Ogdensburg,13669,4,No,"ABO, NPI, ENT Health",all_three_agree,Yes,(315) 393-7955,General,46184,Yes,Yes,Yes,Yes,46266,Complete,265,1841227816
Kim,Aachen-Winans,James,TN,Sparta,38583,5,No,"ABO, NPI but not ENT Health",aboto_nppes_disagree_enthealth_missing,Yes,(425) 449-8185,Facial Plastics,NA,NA,No-changed practices,NA,NA,NA,Complete,266,1811999006
Kim,Chase,Daniel,OH,Lancaster,43130,4,No,"ABO, NPI, ENT Health",all_three_agree,Yes,740-681-8300,General,46184,Yes,Yes,Yes,Yes,46202,Complete,267,1063483857
Kim,Olson,Jerold,AZ,Tucson,85741,1,No,"ABO, NPI but not ENT Health",aboto_nppes_disagree_enthealth_missing,Yes,(520) 200-2218,Facial Plastics,46184,Yes,Yes,Yes,Yes,46216,Complete,268,1881745354
Kim,Brawner,James,MO,Branson,65616,4,No,"ABO, NPI but not ENT Health",aboto_nppes_agree_enthealth_missing,Yes,(417) 335-3636,General,46184,Yes,Yes,Yes,Yes,46266,Complete,269,1598804825
Kim,Connell,Nathaniel,WI,Eau Claire,54703,1,No,"ABO, NPI, ENT Health",all_three_agree,Yes,715-838-6968,General,46184,Yes,Yes,Yes,Yes,46202,Complete,270,1558899013
Kim,Sewell,Steven,LA,Leesville,71446,8,No,"ABO, NPI but not ENT Health",aboto_nppes_disagree_enthealth_missing,Yes,337-392-1000,General,46188,Yes,Yes,Yes,Yes,46192,Complete,271,1427019389
Kim,Gelbard,Alexander,TN,Nashville,37232,1,No,"ABO, NPI, ENT Health",all_three_agree,Yes,615-343-7464,General,46188,Yes,Yes,Not applicable,"Not applicable, no appointment offered with anyone in practice",NA,Complete,272,1023262466
Kim,Kim,Jennifer,MA,Boston,2114,1,No,"ABO, NPI, ENT Health",aboto_enthealth_agree_nppes_disagree,Yes,617-573-5524,Facial Plastics,46188,No,NA,NA,NA,NA,Incomplete,273,1598853004
Kim,Franzke,Ronald,OR,Lincoln City,97367,4,No,"ABO, NPI but not ENT Health",aboto_nppes_agree_enthealth_missing,Yes,(541) 994-8114,General,46188,No,NA,NA,NA,NA,Incomplete,274,1629017058
Kim,Wellendorf,Tracey,IA,Carroll,51401,4,No,"ABO, NPI, ENT Health",all_three_agree,Yes,(712) 794-5981,General,46188,Yes,Yes,Not applicable,NA,NA,Complete,275,1528057387
Kim,Rumans,Todd,AR,Batesville,72501,4,No,"ABO, NPI, ENT Health",all_three_agree,Yes,(870) 698-1846,General,46188,Yes,Yes,Yes,Yes,46212,Complete,276,1124097209
Kim,Hershey,Marcus,TX,Houston,77006,1,No,"ABO, NPI, ENT Health",all_three_agree,Yes,(713) 795-4885,General,46188,Yes,Yes,Yes,Yes,46189,Complete,277,1730568502
Kim,Rawal,Rounak,CT,Madison,6443,1,No,"ABO, NPI, ENT Health",all_three_agree,Yes,(203) 245-0496,Pediatrics,46188,Yes,Yes,Yes,Yes,46235,Complete,278,1457799231
Kim,Harmych,Brian,OH,Ft Mitchell,41017,1,No,"ABO, NPI, ENT Health",all_three_agree,Yes,216-831-3223,Facial Plastics,46188,Yes,Yes,Yes,Yes,46204,Complete,279,1568651990
Kim,Tzikas,Thomas,FL,Delray Beach,33483,1,No,"ABO, NPI but not ENT Health",aboto_nppes_disagree_enthealth_missing,Yes,561-330-9500,Facial Plastics,46188,Yes,Yes,Yes,Yes,46373,Complete,280,1619276102
Kim,Segal,Mark,CA,Fontana,92335,1,No,"ABO, NPI but not ENT Health",aboto_nppes_agree_enthealth_missing,Yes,866-454-3485,General,46188,No,NA,Not applicable,NA,NA,Complete,281,1942377767
Kim,Marcus,Larry,ME,Norway,4268,10,No,"ABO, NPI, ENT Health",aboto_enthealth_agree_nppes_disagree,Yes,207-743-2945,General,46188,No,Yes,Yes,Yes,46293,Complete,282,1497743991
Kim,Keller,Mark,NE,Hastings,68901,4,No,"ABO, NPI, ENT Health",all_three_agree,Yes,402-463-2431,General,46188,Yes,Yes,Yes,Yes,46218,Complete,283,1790762110
Kim,Mawn,Christopher,NE,Columbus,68601,4,No,"ABO, NPI, ENT Health",all_three_agree,Yes,402-562-4720,Facial Plastics,46188,Yes,Yes,Yes,Yes,46203,Complete,284,1487608246
Kim,Gaffga,Christopher,MI,Marshall,49068,7,No,"ABO, NPI, ENT Health",all_three_agree,Yes,(269) 789-0015,General,46190,Yes,Yes,Yes,Yes,46246,Complete,285,1417977570
Kim,Ran,Cong,CA,Santa Monica,90401,1,No,"ABO, NPI, ENT Health",aboto_enthealth_agree_nppes_disagree,Yes,855-522-3682,Facial Plastics,46190,Yes,Yes,Yes,Yes,46197,Complete,286,1194110700
Kim,Worden,Brian,CA,Palo Alto,94304,1,No,"ABO, NPI, ENT Health",all_three_agree,No,NA,Otology/neurotology,NA,NA,NA,NA,NA,NA,Complete,287,1376601245
Kim,Mucha,Samantha,MI,Adrian,49221,4,No,"ABO, NPI, ENT Health",all_three_agree,Yes,517-263-9491,General,46190,Yes,Yes,Yes,Yes,46210,Complete,288,1326056003
Kim,Kamil,Rebecca,MD,Rockville,20850,1,No,"ABO, NPI but not ENT Health",aboto_nppes_agree_enthealth_missing,Yes,301-307-5050,General,46198,Yes,Yes,Yes,Yes,46205,Complete,289,1225445968
Kim,Kilde,John,NC,Albemarle,28001,4,No,"ABO, NPI, ENT Health",all_three_agree,Yes,704-295-3000,General,46198,Yes,Yes,Yes,Yes,46199,Complete,290,1023094026
Kim,Walburn,James,AL,Tuscaloosa,35406,1,No,"ABO, NPI but not ENT Health",aboto_nppes_agree_enthealth_missing,Yes,205-758-9041,General,46198,Yes,No-retired or no longer practicing medicine,Yes,No-but appointment offered with different physician,NA,Complete,291,1558398412
Kim,Adkins,James,FL,Palm Harbor,34683,1,No,"ABO, NPI but not ENT Health",aboto_nppes_agree_enthealth_missing,Yes,321-939-3000,Otology/neurotology,46198,Yes,No-retired or no longer practicing medicine,No,No-but appointment offered with different physician,46258,Complete,292,1073545034
Kim,Hoffman,Henry,IA,Iowa City,52242,1,No,"ABO, NPI, ENT Health",all_three_agree,Yes,800-777-8442,General,46198,Yes,Yes,No,No-but appointment offered with different physician,46226,Complete,293,1326031709
Kim,Shah,Jay,OH,Cleveland,44106,1,No,"ABO, NPI, ENT Health",aboto_enthealth_agree_nppes_disagree,Yes,216-844-6000,Pediatrics,46198,Yes,NA,Not applicable,"Not applicable, no appointment offered with anyone in practice",NA,Complete,294,1477741783
Kim,Henrich,Douglas,IA,West Burlington,52655,4,No,"ABO, NPI, ENT Health",aboto_enthealth_agree_nppes_missing,Yes,319-752-2725,General,46198,Yes,Yes,Yes,Yes,46211,Complete,295,1588634414
Kim,Szwarc,Brian,GA,Thomasville,31792,4,No,"ABO, NPI, ENT Health",all_three_agree,Yes,229.226.1443,General,46198,Yes,Yes,Yes,Yes,46209,Complete,296,1366553349
Kim,Atwell,Dwayne,OK,Muskogee,74401,4,No,"ABO, NPI but not ENT Health",aboto_nppes_agree_enthealth_missing,Yes,(918) 683-0121,General,46198,No,No-not specified why,NA,NA,NA,Complete,297,1144236696
Kim,Graboyes,Evan,SC,Charleston,29425,1,No,"ABO, NPI, ENT Health",all_three_agree,Yes,843-792-9300,General,46198,Yes,Yes,Yes,Yes,46217,Complete,298,1760778682
Kim,Feldman,Jeffrey,RI,Westerly,2891,4,No,"ABO, NPI but not ENT Health",aboto_nppes_agree_enthealth_missing,Yes,(401) 596-2033,General,46198,Yes,No-retired or no longer practicing medicine,No,No-but appointment offered with different physician,46237,Complete,299,1538250337
Kim,Marcus,M.,FL,Inverness,34452,1,No,"ABO, NPI but not ENT Health",aboto_nppes_agree_enthealth_missing,Yes,(352) 726-3131,General,46198,Yes,No-retired or no longer practicing medicine,No,"Not applicable, no appointment offered with anyone in practice",NA,Complete,300,1427057397
Kim,Gunovich,Richard,OH,Marietta,45750,4,No,"ABO, NPI but not ENT Health",aboto_nppes_agree_enthealth_missing,Yes,(740) 373-4288,General,46198,Yes,NA,NA,NA,NA,Incomplete,301,1538145263
Kim,Goldfarb,Jared,NJ,Neptune,7753,1,No,"ABO, NPI, ENT Health",aboto_enthealth_agree_nppes_disagree,Yes,(732) 280-7855,Facial Plastics,46198,Yes,Yes,Yes,Yes,46212,Complete,302,1851754022
Kim,Khoury,Tawfiq,PA,Philadelphia,19107,1,No,"ABO, NPI but not ENT Health",aboto_nppes_agree_enthealth_missing,Yes,703-287-4600,General,46198,Yes,NA,NA,NA,NA,Incomplete,303,1750709432
Kim,Anderson,Michael,WI,Fort Atkinson,53538,4,No,"ABO, NPI, ENT Health",all_three_agree,Yes,920-563-6667,General,46199,Yes,Yes,Yes,Yes,46219,Complete,304,1588685077
Kim,Richtsmeier,William,NY,Cooperstown,13326,10,No,"ABO, NPI but not ENT Health",aboto_nppes_agree_enthealth_missing,Yes,607-547-3456,General,46199,Yes,No-retired or no longer practicing medicine,Not applicable,"Not applicable, no appointment offered with anyone in practice",NA,Complete,305,1265496657
Kim,Hughes-Papsidero,John,FL,Key West,33040,4,No,"ABO, NPI but not ENT Health",aboto_nppes_agree_enthealth_missing,Yes,(352) 437-4726,General,46199,Yes,NA,NA,NA,NA,Incomplete,306,1841306792
Kim,Stumpe,Matthew,KS,Wichita,67226,1,No,"ABO, NPI, ENT Health",all_three_agree,Yes,316-684-2838,General,46199,Yes,Yes,Yes,Yes,46203,Complete,307,1275756132
Kim,Wulu,Jacqueline,MA,Boston,2118,1,No,"ABO, NPI but not ENT Health",aboto_nppes_agree_enthealth_missing,NA,NA,NA,NA,NA,NA,NA,NA,NA,Incomplete,308,1194127704
Kim,Saunders,James,NH,Lebanon,3756,4,No,"ABO, NPI, ENT Health",aboto_enthealth_agree_nppes_disagree,Yes,603-650-8123,Otology/neurotology,46199,Yes,Yes,Yes,Yes,46295,Complete,309,1407824535
Kim,Epp,Robert,KS,Hutchinson,67502,4,No,"ABO, NPI, ENT Health",all_three_agree,Yes,(620) 669-2500,General,46199,Yes,No-retired or no longer practicing medicine,Yes,No-but appointment offered with APP,46204,Complete,310,1669452603
Kim,O'Halloran,Gerard,MN,Owatonna,55060,4,No,"ABO, NPI, ENT Health",nppes_enthealth_agree_aboto_disagree,Yes,507-646-1000,General,46199,Yes,Yes,Yes,Yes,46217,Complete,311,1184684839
Kim,Nelson,Avery,NH,Keene,3431,4,No,"ABO, NPI, ENT Health",all_three_agree,Yes,(603) 354-5496,General,46202,NA,NA,NA,NA,NA,Incomplete,312,1457844912
Kim,Riesberg,Michael,FL,Pensacola,32504,1,No,"ABO, NPI but not ENT Health",aboto_nppes_agree_enthealth_missing,Yes,(850) 476-0700,General,46202,Yes,Yes,Yes,Yes,46216,Complete,313,1407831191
Kim,Alexander,Richard,NC,Oxford,27565,10,No,"ABO, NPI, ENT Health",all_three_agree,Yes,919-692-0003,General,46202,Yes,Yes,Yes,Yes,46237,Complete,314,1679890917
Kim,Hall,Kathryn,FL,Plant City,33563,1,No,"ABO, NPI but not ENT Health",aboto_nppes_disagree_enthealth_missing,Yes,(813) 250-2216,Facial Plastics,46202,No,NA,NA,NA,NA,Incomplete,315,1568567931
Kim,Numa,William,MA,Winchester,1890,1,No,"ABO, NPI, ENT Health",all_three_agree,Yes,(617) 694-6678,Facial Plastics,46202,Yes,Yes,Yes,Yes,46244,Complete,316,1538157987
Kim,Batuello,Stephen,CO,Fort Morgan,80701,4,No,"ABO, NPI, ENT Health",all_three_agree,Yes,970-542-4371,General,46202,Yes,NA,Not applicable,NA,NA,Complete,317,1508973843
Kim,Corbin,Shaun,TN,Columbia,38401,4,No,"ABO, NPI, ENT Health",aboto_nppes_agree_enthealth_disagree,Yes,931.380.9166,Sleep,46202,Yes,Yes,No,NA,NA,Complete,318,1669421814
Kim,McGowan,Diane,GA,LaGrange,30240,4,No,"ABO, NPI but not ENT Health",aboto_nppes_agree_enthealth_missing,Yes,(706) 882-8831,Facial Plastics,46202,No,NA,NA,NA,NA,Complete,319,1801822978
Kim,Abboud,Soo,PA,Philadelphia,19104,1,No,"ABO, NPI, ENT Health",all_three_agree,Yes,800-789-7366/215-662-9900,General,46202,Yes,Yes,Yes,Yes,46224,Complete,320,1821033440
Kim,Gozaine,Teofilo,LA,Leesville,71446,8,No,"ABO, NPI, ENT Health",all_three_agree,Yes,337-239-2234/392 9524,General,46202,Yes,No-not specified why,Not applicable,NA,NA,Complete,321,1598764102
Kim,Lo,Emily,IN,Lebanon,46052,4,No,"ABO, NPI, ENT Health",all_three_agree,Yes,(765) 485-8340,Facial Plastics,46202,Yes,Yes,Yes,Yes,46230,Complete,322,1326365024
Kim,Yian,Christopher,CA,Laguna Hills,92653,1,No,"ABO, NPI, ENT Health",all_three_agree,Yes,949 679 9000,General,46202,Yes,Yes,Yes,Yes,46202,Complete,323,1003913336
Kim,Werner,Terry,AZ,Tuba City,86045,7,No,"ABO, NPI but not ENT Health",aboto_nppes_agree_enthealth_missing,Yes,866-976-5941,General,46202,Yes,Yes,Yes,Yes,46202,Complete,324,1578545208
Kim,Doty,Jonathan,KY,Danville,40422,4,No,"ABO, NPI, ENT Health",all_three_agree,Yes,(859) 236-0903,General,46202,Yes,Yes,Yes,Yes,46237,Complete,325,1467412007
Kim,Shera,April,WI,West Bend,53095,4,No,"ABO, NPI, ENT Health",all_three_agree,Yes,262-836-7300,General,46202,Yes,Yes,Yes,Yes,46280,Complete,326,1134375124
Kim,Will,Naomi,VA,Fort Belvoir,22060,1,No,"ABO, NPI, ENT Health",all_three_agree,Yes,(703) 858-4439,General,46203,Yes,Yes,Yes,Yes,46273,Complete,327,1730509290
Kim,Mullis,Thomas,GA,Dublin,31021,4,No,"ABO, NPI, ENT Health",all_three_agree,Yes,(478) 272-8382,General,46203,Yes,Yes,Yes,Yes,46237,Complete,328,1174743918
Kim,Huntley,Colin,PA,Philadelphia,19107,1,No,"ABO, NPI, ENT Health",aboto_nppes_agree_enthealth_disagree,Yes,(215) 955-6760,General,46203,Yes,Yes,Yes,"Not applicable, no appointment offered with anyone in practice",NA,Complete,329,1881984169
Kim,Chasse,William,ME,Waterville,4901,4,No,"ABO, NPI, ENT Health",all_three_agree,Yes,(207) 873-0737,General,46203,Yes,Yes,Yes,Yes,46266,Complete,330,1811094220
Kim,McGrady,Murray,IL,Belleville,62226,1,No,"ABO, NPI, ENT Health",all_three_agree,Yes,618-235-3687,General,46203,Yes,Yes,Yes,Yes,46219,Complete,331,1942203617
Kim,Weir,Norman,NY,Watertown,13601,1,No,"ABO, NPI but not ENT Health",aboto_nppes_agree_enthealth_missing,Yes,315-788-1751,General,46203,Yes,No-not specified why,Not applicable,"Not applicable, no appointment offered with anyone in practice",NA,Complete,332,1033147772
Kim,Kim,Jong,OH,Ashtabula,44004,4,No,"ABO, NPI but not ENT Health",aboto_nppes_agree_enthealth_missing,Yes,440-997-5781,General,46203,No,NA,NA,NA,NA,Complete,333,1265449961
Kim,Bradford,Carol,MI,Ann Arbor,48109,1,No,"ABO, NPI, ENT Health",all_three_agree,No,(614) 292-2600,General,NA,NA,No-changed practices,NA,NA,NA,Complete,334,1710074588
Kim,Williams-Rahming,Lorraine,GA,Thomasville,31792,4,No,"ABO, NPI, ENT Health",all_three_agree,Yes,229-228-2400,General,46203,Yes,Yes,Yes,Yes,46266,Complete,335,1386656593
Kim,Lyman,Erik,UT,Price,84501,4,No,"ABO, NPI, ENT Health",all_three_agree,Yes,(435) 637-4327,General,46203,Yes,Yes,Yes,Yes,46226,Complete,336,1568680122
Kim,Altman,Kenneth,PA,Danville,17822,7,No,"ABO, NPI, ENT Health",all_three_agree,Yes,570 271 5040,Laryngology,46204,Yes,Yes,Yes,Yes,46265,Complete,337,1518927409
Kim,Sugerman,Joseph,CA,Beverly Hills,90210,1,No,"ABO, NPI but not ENT Health",aboto_nppes_agree_enthealth_missing,Yes,310-274-6005,General,46204,Yes,Yes,Yes,Yes,46204,Complete,338,1730268251
Kim,Edwards,Kaitlyn,KY,Winchester,40391,4,No,"ABO, NPI, ENT Health",all_three_agree,Yes,859.737.8483,General,46204,Yes,Yes,Yes,Yes,46205,Complete,339,1902339914
Kim,Currens,John,NC,Asheville,28803,1,No,"ABO, NPI, ENT Health",all_three_agree,Yes,(828) 254-3517,General,46204,No,NA,Not applicable,"Not applicable, no appointment offered with anyone in practice",NA,Complete,340,1891897021
Kim,Heichel,Philip,MI,Marquette,49855,4,Yes,"ABO, NPI but not ENT Health",aboto_nppes_agree_enthealth_missing,Yes,906-225-7660,General,46204,Yes,Yes,Yes,"Not applicable, no appointment offered with anyone in practice",NA,Complete,341,1790132504
Kim,Bruce,William,PA,Lewisburg,17837,4,No,"ABO, NPI but not ENT Health",aboto_nppes_agree_enthealth_missing,Yes,(570) 523-1163,General,46204,No,No-retired or no longer practicing medicine,NA,NA,NA,Complete,342,1174504567
Kim,Kriete,Brian,MO,Rolla,65401,4,Yes,"ABO, NPI, ENT Health",all_three_agree,Yes,(573) 364-5719,General,46204,Yes,No-not specified why,Not applicable,"Not applicable, no appointment offered with anyone in practice",NA,Complete,343,1134319858
Kim,Agarwal,Jay,NJ,Hackensack,7601,1,No,"ABO, NPI but not ENT Health",aboto_nppes_agree_enthealth_missing,Yes,908-722-1022,General,46204,No,NA,NA,NA,NA,Incomplete,344,1326433616
Kim,Ramsey,Mitchell,MT,Kalispell,59901,4,No,"ABO, NPI but not ENT Health",aboto_nppes_disagree_enthealth_missing,Yes,(406) 752-8330,Otology/neurotology,46204,Yes,Yes,Yes,Yes,46211,Complete,345,1730148156
Kim,Knight,Jesse,UT,Tooele,84074,4,No,"ABO, NPI but not ENT Health",aboto_nppes_agree_enthealth_missing,Yes,435-833-9600,General,46204,Yes,Yes,Yes,Yes,46224,Complete,346,1780844431
Kim,White,Ann,GA,Alpharetta,30005,1,No,"ABO, NPI but not ENT Health",aboto_nppes_disagree_enthealth_missing,Yes,(770) 777-1100,General,46204,Yes,No-not specified why,NA,"Not applicable, no appointment offered with anyone in practice",NA,Incomplete,347,1508829417
Kim,Froymovich,Oleg,MN,Minneapolis,55454,1,No,"ABO, NPI, ENT Health",nppes_enthealth_agree_aboto_disagree,Yes,612-626-5900,General,46205,Yes,NA,Not applicable,"Not applicable, no appointment offered with anyone in practice",NA,Complete,348,1417912015
Kim,Pettis,Robert,IA,Oskaloosa,52577,4,No,"ABO, NPI, ENT Health",aboto_nppes_agree_enthealth_disagree,Yes,641.672.3360,General,46205,Yes,No-not specified why,Not applicable,"Not applicable, no appointment offered with anyone in practice",NA,Complete,349,1427082346
Kim,Lam,Allen,MA,Boston,2115,1,No,"ABO, NPI, ENT Health",all_three_agree,Yes,617-630-1699,General,46205,Yes,NA,Not applicable,"Not applicable, no appointment offered with anyone in practice",NA,Complete,350,1407177769
Kim,Sautter,Nathan,WA,Olympia,98506,1,No,"ABO, NPI, ENT Health",all_three_agree,Yes,(360) 357-6314,Rhinology,46205,Yes,NA,NA,NA,NA,Incomplete,351,1457472961
Kim,Sheffield,Abraham,IL,Quincy,62301,4,No,"ABO, NPI, ENT Health",aboto_nppes_agree_enthealth_disagree,Yes,(217) 357-2173,General,46205,Yes,Yes,Yes,Yes,46293,Complete,352,1841552411
Kim,Drake,Amelia,NC,Chapel Hill,27599,1,No,"ABO, NPI, ENT Health",aboto_nppes_agree_enthealth_disagree,Yes,984-974-6484,Pediatrics,46205,Yes,Yes,Yes,Yes,46266,Complete,353,1477654051
Kim,Driskill,Brent,PA,State College,16801,1,Yes,"ABO, NPI but not ENT Health",aboto_nppes_agree_enthealth_missing,Yes,814.466.6396,General,46205,Yes,No-changed practices,Not applicable,"Not applicable, no appointment offered with anyone in practice",NA,Complete,354,1477612372
Kim,Nelson,Jennifer,VA,Radford,24141,4,No,"ABO, NPI but not ENT Health",aboto_nppes_agree_enthealth_missing,Yes,(540) 443-7400,General,46205,Yes,Yes,Yes,Yes,46296,Complete,355,1942439096
Kim,Coyle,Brian,MN,Red Wing,55066,4,No,"ABO, NPI but not ENT Health",aboto_nppes_agree_enthealth_missing,Yes,507-444-5062,Pediatrics,46205,Yes,Yes,Yes,Yes,46275,Complete,356,1598732836
Kim,Bumpous,Jeffrey,KY,Louisville,40202,1,No,"ABO, NPI but not ENT Health",aboto_nppes_agree_enthealth_missing,Yes,502-583-3687,Head and Neck Cancer,46205,Yes,No-retired or no longer practicing medicine,No,NA,NA,Complete,357,1508846528
Kim,Bateman,Scott,WY,Sheridan,82801,4,No,"ABO, NPI, ENT Health",all_three_agree,Yes,307-672-0290,General,46205,Yes,Yes,Yes,Yes,46224,Complete,358,1922184647
Kim,Newell,Maximillian,IN,Indianapolis,46237,1,No,"ABO, NPI, ENT Health",all_three_agree,Yes,(317) 528-6640,General,46205,Yes,Yes,Yes,Yes,46220,Complete,359,1689731937
Kim,Franklin,Daniel,TX,Houston,77064,1,No,"ABO, NPI, ENT Health",aboto_enthealth_agree_nppes_disagree,Yes,(832) 678-8333,Otology/neurotology,46205,Yes,No-retired or no longer practicing medicine,Not applicable,"Not applicable, no appointment offered with anyone in practice",NA,Complete,360,1336126598
Gregg,Masdon,James,AL,Guntersville,35976,4,No,"ABO, NPI, ENT Health",all_three_agree,Yes,256-571-8450,General,46174,Yes,Yes,Yes,Yes,46183,Complete,361,1295848471
Gregg,Haack,Jason,WY,Evanston,82930,4,No,"ABO, NPI, ENT Health",aboto_enthealth_agree_nppes_disagree,Yes,307-789-8721,General,46174,Yes,Yes,Yes,Yes,46202,Complete,362,1407832728
Gregg,McAuley,James,MS,Tupelo,38801,4,No,"ABO, NPI, ENT Health",nppes_enthealth_agree_aboto_disagree,Yes,662-844-6513,Otology/neurotology,46174,Yes,Yes,Yes,Yes,46175,Complete,363,1598776338
Gregg,Rubinstein,Mark,VA,Fairfax,22031,1,No,"ABO, NPI, ENT Health",aboto_enthealth_agree_nppes_disagree,Yes,7033838130,Facial Plastics,46174,Yes,Yes,Yes,Yes,46190,Complete,364,1003871971
Gregg,Mathews,Shawn,GA,LaGrange,30240,4,No,"ABO, NPI, ENT Health",all_three_agree,Yes,706-803-7960,General,46175,No,NA,NA,"Not applicable, no appointment offered with anyone in practice",NA,Complete,365,1043341043
Gregg,Seeley,Brook,CT,Farmington,6030,1,No,"ABO, NPI, ENT Health",aboto_enthealth_agree_nppes_disagree,Yes,860-676-2472,Facial Plastics,46175,Yes,Yes,Yes,Yes,46182,Complete,366,1437145224
Gregg,Gillespie,Cameron,VA,Galax,24333,8,No,"ABO, NPI but not ENT Health",aboto_nppes_agree_enthealth_missing,Yes,336-372-5511,General,46175,Yes,Yes,Yes,Yes,46203,Complete,367,1790747889
Gregg,Wax,Mark,OR,Portland,97239,1,No,"ABO, NPI, ENT Health",all_three_agree,Yes,503-494-5355,Head and Neck Cancer,46174,Yes,Yes,No,No-but appointment offered with different physician,46296,Complete,368,1912912429
Gregg,VanKoevering,Kyle,OH,Columbus,43210,1,No,"ABO, NPI, ENT Health",all_three_agree,Yes,614-293-8074,General,46196,Yes,Yes,No,"Not applicable, no appointment offered with anyone in practice",NA,Complete,369,1750642823
Gregg,Perkins,Jonathan,WA,Seattle,98105,1,No,"ABO, NPI, ENT Health",aboto_nppes_agree_enthealth_disagree,Yes,2069872105,Pediatrics,46174,Yes,Yes,Yes,No-but appointment offered with APP,46235,Complete,370,1104907468
Gregg,Arrowood,John,NC,New Bern,28562,4,No,"ABO, NPI but not ENT Health",aboto_nppes_agree_enthealth_missing,Yes,252-638-2515,General,46175,Yes,No-changed practices,Not applicable,No-but appointment offered with different physician,46183,Complete,371,1184663981
Gregg,Coleman,Gary,OH,Columbiana,44408,7,No,"ABO, NPI, ENT Health",all_three_agree,Yes,330-892-0442,General,46175,Yes,Yes,Yes,Yes,46195,Complete,372,1497758643
Gregg,Somenek,Michael,DC,Washington,20037,1,No,"ABO, NPI but not ENT Health",aboto_nppes_agree_enthealth_missing,Yes,202-931-5394,Facial Plastics,46178,Yes,Yes,Yes,Yes,46212,Complete,373,1881853448
Gregg,Ballard,Peter,KY,Danville,40422,4,No,"ABO, NPI but not ENT Health",aboto_nppes_agree_enthealth_missing,Yes,859-936-9430,General,46175,No,NA,NA,NA,NA,Complete,374,1134230709
Gregg,Pytynia,Kristen,TX,Houston,77030,1,No,"ABO, NPI, ENT Health",all_three_agree,Yes,7137926525,Head and Neck Cancer,46175,Yes,Yes,Yes,Yes,46175,Complete,375,1497702419
Gregg,Golgert,Rebecca,CA,Santa Barbara,93105,1,No,"ABO, NPI, ENT Health",all_three_agree,Yes,805-563-1999,General,46174,Yes,Yes,Yes,Yes,46307,Complete,376,1609823210
Gregg,Zormeier,Michele,IN,Shelbyville,46176,4,No,"ABO, NPI but not ENT Health",aboto_nppes_agree_enthealth_missing,Yes,317-699-8848,Facial Plastics,46178,Yes,Yes,No,"Not applicable, no appointment offered with anyone in practice",NA,Complete,377,1710019609
Gregg,Koltai,Peter,CA,Palo Alto,94304,1,No,"ABO, NPI but not ENT Health",aboto_nppes_agree_enthealth_missing,Yes,6507244800,Pediatrics,46174,Yes,No-retired or no longer practicing medicine,Not applicable,No-but appointment offered with different physician,46293,Complete,378,1417006362
Gregg,Elkins,Tina,TX,Athens,75751,4,No,"ABO, NPI, ENT Health",all_three_agree,Yes,903-676-3316,General,46175,Yes,Yes,Yes,Yes,46235,Complete,379,1013067982
Gregg,Allen,Samantha,FL,Hollywood,33021,1,No,"ABO, NPI but not ENT Health",aboto_nppes_agree_enthealth_missing,Yes,954-265-1616,Pediatrics,46175,Yes,No-changed practices,Not applicable,No-but appointment offered with different physician,46202,Complete,380,1578957486
Gregg,Prasad,Abhishek,TX,Sugar Land,77478,1,No,"ABO, NPI but not ENT Health",aboto_nppes_agree_enthealth_missing,Yes,713-442-9100,General,46175,Yes,Yes,Yes,Yes,46226,Complete,381,1740496496
Gregg,Cohen,Alen,CA,West Hills,91307,1,No,"ABO, NPI, ENT Health",aboto_enthealth_agree_nppes_disagree,Yes,818-452-5981,General,46175,Yes,Yes,Yes,Yes,46183,Complete,382,1003934258
Gregg,Connor,Matthew,FL,Naples,34102,1,No,"ABO, NPI, ENT Health",all_three_agree,Yes,239-262-1171,General,46175,Yes,Yes,Yes,"Not applicable, no appointment offered with anyone in practice",NA,Complete,383,1831412295
Gregg,Humphreys,Brian,TX,Lufkin,75904,4,No,"ABO, NPI, ENT Health",all_three_agree,Yes,936-699-3141,General,46175,Yes,Yes,Yes,Yes,46190,Complete,384,1326088469
Gregg,Espelund,Joshua,IA,Spencer,51301,4,No,"ABO, NPI, ENT Health",all_three_agree,Yes,712-262-8120,General,46177,No,NA,NA,"Not applicable, no appointment offered with anyone in practice",NA,Complete,385,1225158819
Gregg,Ackerman,Kayla,NY,Oneida,13421,4,No,"ABO, NPI, ENT Health",all_three_agree,Yes,315-363-5421,General,46178,Yes,No-on leave of absence (like parental leave),Not applicable,"Not applicable, no appointment offered with anyone in practice",NA,Complete,386,1124525662
Gregg,Dahl,Matthew,UT,Salt Lake City,84102,1,No,"ABO, NPI but not ENT Health",aboto_nppes_agree_enthealth_missing,Yes,801-758-0428,General,46175,Yes,Yes,Yes,Yes,46177,Complete,387,1679666556
Gregg,Eide,Jacob,MI,Detroit,48202,1,No,"ABO, NPI but not ENT Health",aboto_nppes_agree_enthealth_missing,Yes,507-538-3270,Rhinology,46175,Yes,Yes,Yes,Yes,46266,Complete,388,1386008084
Gregg,Pfendler,David,OR,McMinnville,97128,4,No,"ABO, NPI but not ENT Health",aboto_nppes_agree_enthealth_missing,NA,NA,General,NA,NA,No-retired or no longer practicing medicine,Not applicable,NA,NA,Complete,389,1568466282
Gregg,Condon,Kenneth,WI,Marshfield,54449,4,No,"ABO, NPI but not ENT Health",aboto_nppes_disagree_enthealth_missing,NA,NA,General,NA,NA,No-retired or no longer practicing medicine,Not applicable,NA,NA,Complete,390,1215994363
Gregg,Robertson,Mark,OK,Bartlesville,74006,4,No,"ABO, NPI, ENT Health",all_three_agree,Yes,918-333-0474,General,46175,Yes,Yes,Yes,Yes,46225,Complete,391,1962457697
Gregg,Brennan,Thomas,IN,Lafayette,47904,1,No,"ABO, NPI but not ENT Health",aboto_nppes_agree_enthealth_missing,NA,NA,General,NA,NA,No-retired or no longer practicing medicine,Not applicable,NA,NA,Complete,392,1548239502
Gregg,Sutton,Collin,LA,Baton Rouge,70810,1,No,"ABO, NPI, ENT Health",all_three_agree,Yes,225-767-7200,General,46176,Yes,Yes,Yes,Yes,46177,Complete,393,1114226925
Gregg,Vanderweele,Jon,NY,Oswego,13126,4,No,"ABO, NPI but not ENT Health",aboto_nppes_agree_enthealth_missing,Yes,315-349-5828,General,46177,Yes,No-not specified why,Not applicable,"Not applicable, no appointment offered with anyone in practice",NA,Complete,394,1598737801
Gregg,Katz,Andrew,MA,Cambridge,2139,1,No,"ABO, NPI but not ENT Health",aboto_nppes_agree_enthealth_missing,Yes,617-665-2555,Head and Neck Cancer,46177,Yes,Yes,Yes,"Not applicable, no appointment offered with anyone in practice",NA,Complete,395,1558711440
Gregg,Lorenz,Frederick,KY,Glasgow,42141,5,No,"ABO, NPI, ENT Health",all_three_agree,Yes,270-659-5548,General,46178,Yes,Yes,Yes,Yes,46217,Complete,396,1295771582
Gregg,Harper,Christopher,GA,Carrollton,30117,4,No,"ABO, NPI but not ENT Health",aboto_nppes_agree_enthealth_missing,Yes,770-832-1488,General,46177,Yes,Yes,Yes,Yes,46183,Complete,397,1407201486
Gregg,Gadre,Arun,PA,Danville,17822,7,No,"ABO, NPI, ENT Health",nppes_enthealth_agree_aboto_disagree,Yes,800-275-6401,Otology/neurotology,46177,Yes,Yes,Yes,Yes,46211,Complete,398,1750322533
Gregg,McDonald,Timothy,MI,Holland,49423,1,No,"ABO, NPI, ENT Health",all_three_agree,Yes,616-393-2190,General,46178,Yes,Yes,Yes,Yes,46181,Complete,399,1902059504
Gregg,Say,Phillip,NV,Las Vegas,89120,1,No,"ABO, NPI, ENT Health",all_three_agree,Yes,702-735-7668,General,46178,No,NA,NA,"Not applicable, no appointment offered with anyone in practice",NA,Complete,400,1972591899
Gregg,Yannias,Dean,NM,Gallup,87301,4,No,"ABO, NPI, ENT Health",all_three_agree,No,NA,General,NA,NA,NA,NA,NA,NA,Complete,401,1427003953
Gregg,Patton,Timothy,WA,Wenatchee,98801,1,No,"ABO, NPI but not ENT Health",aboto_nppes_agree_enthealth_missing,Yes,509-662-7143,General,46178,No,No-retired or no longer practicing medicine,NA,NA,NA,Complete,402,1104807932
Gregg,LaFerriere,Keith,MO,Springfield,65804,1,No,"ABO, NPI but not ENT Health",aboto_nppes_agree_enthealth_missing,NA,NA,NA,NA,NA,No-retired or no longer practicing medicine,Not applicable,NA,NA,Complete,403,1790824480
Gregg,Stock,Curt,UT,Bountiful,84010,1,No,"ABO, NPI but not ENT Health",aboto_nppes_agree_enthealth_missing,Yes,801-292-3331,General,46176,Yes,No-changed practices,Not applicable,No-but appointment offered with different physician,46181,Complete,404,1275681686
Gregg,Wright,Darin,ID,Rupert,83350,7,Yes,"ABO, NPI, ENT Health",all_three_agree,Yes,208-434-8420,General,46176,Yes,Yes,Yes,Yes,46181,Complete,405,1619945938
Gregg,Williams,Mark,MD,Lutherville Timonium,21093,1,No,"ABO, NPI but not ENT Health",aboto_nppes_agree_enthealth_missing,Yes,410-494-7060,General,46196,Yes,Yes,No,"Not applicable, no appointment offered with anyone in practice",NA,Complete,406,1104820828
Gregg,Voorman,Matthew,KS,Hutchinson,67502,4,No,"ABO, NPI, ENT Health",all_three_agree,Yes,620-669-2555,General,46176,Yes,Yes,Yes,No-but appointment offered with APP,46183,Complete,407,1972828713
Gregg,Marietta,Chandler,NH,Laconia,3246,4,Yes,"ABO, NPI, ENT Health",aboto_nppes_agree_enthealth_disagree,Yes,603-524-7402,General,46185,No,NA,NA,"Not applicable, no appointment offered with anyone in practice",NA,Complete,408,1568477982
Gregg,Mikula,Suzette,TX,Marble Falls,78654,7,No,"ABO, NPI, ENT Health",all_three_agree,Yes,830-201-7100,Rhinology,46178,Yes,NA,Yes,Yes,46183,Complete,409,1033107420
Gregg,Tomlinson,Andrew,CA,Atherton,94027,1,No,"ABO, NPI, ENT Health",all_three_agree,Yes,775-323-2157,Rhinology,46176,Yes,Yes,Yes,Yes,46243,Complete,410,1992095830
Gregg,Lotan,Abraham,IL,Sycamore,60178,1,No,"ABO, NPI but not ENT Health",aboto_nppes_agree_enthealth_missing,NA,NA,NA,NA,NA,No-retired or no longer practicing medicine,Not applicable,NA,NA,Complete,411,1760418214
Gregg,Yao,Rachel,TX,Houston,77014,1,No,"ABO, NPI, ENT Health",all_three_agree,Yes,713-442-6900,General,46178,Yes,Yes,Yes,Yes,46251,Complete,412,1215370036
Gregg,Pezold,John,GA,Carrollton,30117,4,No,"ABO, NPI but not ENT Health",aboto_nppes_agree_enthealth_missing,Yes,770-832-1488,General,46177,Yes,Yes,Yes,Yes,46183,Complete,413,1245272806
Gregg,Perez,Angel,CA,San Diego,92103,1,No,"ABO, NPI but not ENT Health",aboto_nppes_agree_enthealth_missing,No,NA,Rhinology,NA,NA,NA,NA,NA,NA,Complete,414,1881841971
Gregg,Schroeder,Walter,NV,Henderson,89052,1,No,"ABO, NPI, ENT Health",all_three_agree,Yes,702-792-6700,General,46176,Yes,Yes,Yes,"Not applicable, no appointment offered with anyone in practice",NA,Complete,415,1205892650
Gregg,Simon,Lawrence,LA,Eunice,70535,4,No,"ABO, NPI but not ENT Health",aboto_nppes_disagree_enthealth_missing,NA,NA,Pediatrics,NA,NA,No-retired or no longer practicing medicine,NA,NA,NA,Complete,416,1154581882
Gregg,Ananth,Ashwin,AL,Foley,36535,4,No,"ABO, NPI, ENT Health",all_three_agree,Yes,251-928-0300,Sleep,46178,Yes,No-changed practices,Not applicable,"Not applicable, no appointment offered with anyone in practice",NA,Complete,417,1447644570
Gregg,Nadaraja,Garani,CA,Pleasanton,94588,1,No,"ABO, NPI, ENT Health",aboto_enthealth_agree_nppes_disagree,Yes,877-822-4453,Pediatrics,46176,Yes,Yes,Yes,No-but appointment offered with APP,46218,Complete,418,1477797603
Gregg,Scher,Richard,NC,Durham,27710,1,No,"ABO, NPI but not ENT Health",aboto_nppes_agree_enthealth_missing,NA,NA,General,NA,NA,No-retired or no longer practicing medicine,Not applicable,NA,NA,Complete,419,1346324225
Gregg,Lockhart,Ricky,GA,Milledgeville,31061,5,No,"ABO, NPI, ENT Health",aboto_enthealth_agree_nppes_disagree,NA,NA,NA,NA,NA,No-retired or no longer practicing medicine,Not applicable,NA,NA,Complete,420,1265425912
Gregg,Lee,Phillip,IA,Mason City,50401,4,No,"ABO, NPI, ENT Health",all_three_agree,Yes,641-494-5380,Sleep,46185,No,NA,NA,"Not applicable, no appointment offered with anyone in practice",NA,Complete,421,1083609317
Gregg,LaVigne,Mark,NC,Laurinburg,28352,4,No,"ABO, NPI, ENT Health",all_three_agree,Yes,910-610-4368,General,46196,Yes,Yes,Yes,Yes,46218,Complete,422,1982736427
Gregg,Cockerill,Cara,MN,Albert Lea,56007,4,No,"ABO, NPI but not ENT Health",aboto_nppes_agree_enthealth_missing,Yes,512-353-6400,General,46178,Yes,Yes,Yes,Yes,46219,Complete,423,1033404082
Gregg,Hester,Ryan,VA,Newport News,23606,1,No,"ABO, NPI, ENT Health",all_three_agree,Yes,757-547-9714,General,46178,Yes,Yes,Yes,Yes,46240,Complete,424,1053466631
Gregg,Mixon,Tynes,LA,New Iberia,70560,4,No,"ABO, NPI but not ENT Health",aboto_nppes_disagree_enthealth_missing,Yes,337-365-4156,General,46178,Yes,No-not specified why,Not applicable,"Not applicable, no appointment offered with anyone in practice",NA,Complete,425,1962498683
Gregg,Freed,Gary,NH,Lebanon,3756,4,No,"ABO, NPI but not ENT Health",aboto_nppes_agree_enthealth_missing,Yes,603-650-5148,Facial Plastics,46178,Yes,Yes,Yes,Yes,46195,Complete,426,1023284148
Gregg,Callahan,Scot,AL,Enterprise,36330,4,No,"ABO, NPI but not ENT Health",aboto_nppes_agree_enthealth_missing,Yes,334-806-3682,General,46198,No,NA,NA,"Not applicable, no appointment offered with anyone in practice",NA,Complete,427,1023096427
Gregg,Tubbs,Kyle,MT,Kalispell,59901,4,No,"ABO, NPI but not ENT Health",aboto_nppes_agree_enthealth_missing,Yes,406-752-8330,General,46178,Yes,Yes,Yes,Yes,46204,Complete,428,1487818944
Gregg,Ambrose,Emily,CO,Denver,80204,1,No,"ABO, NPI, ENT Health",all_three_agree,Yes,303-436-4949,Laryngology,46178,Yes,Yes,Yes,"Not applicable, no appointment offered with anyone in practice",NA,Complete,429,1225457997
Gregg,Knollman,Philip,OH,Cincinnati,45229,1,No,"ABO, NPI, ENT Health",all_three_agree,Yes,513-636-4355,Pediatrics,46178,Yes,NA,NA,"Not applicable, no appointment offered with anyone in practice",NA,Complete,430,1811242704
Gregg,Reder,Paul,TX,Boerne,78006,10,Yes,"ABO, NPI, ENT Health",all_three_agree,Yes,210-202-0250,General,46178,Yes,Yes,Yes,Yes,46234,Complete,431,1871521567
Gregg,Mariotti,Adam,PA,Exton,19341,1,No,"ABO, NPI, ENT Health",aboto_enthealth_agree_nppes_disagree,Yes,610-363-2532,General,46198,Yes,Yes,Yes,Yes,46225,Complete,432,1184884298
Gregg,Williams,William,CO,Durango,81301,4,No,"ABO, NPI but not ENT Health",aboto_nppes_agree_enthealth_missing,No,NA,NA,NA,NA,NA,NA,NA,NA,Complete,433,1033144621
Gregg,Albright,James,TX,Houston,77030,1,No,"ABO, NPI, ENT Health",all_three_agree,Yes,832-822-3250,Pediatrics,46185,Yes,Yes,Yes,Yes,46190,Complete,434,1548255805
Gregg,Peppard,Sean,PA,Reading,19611,1,No,"ABO, NPI but not ENT Health",aboto_nppes_agree_enthealth_missing,Yes,NA,General,NA,NA,No-retired or no longer practicing medicine,Not applicable,NA,NA,Complete,435,1932279676
Gregg,Rogerson,Anthony,WI,Monroe,53566,4,No,"ABO, NPI, ENT Health",all_three_agree,Yes,608-324-2357,General,46178,Yes,Yes,Yes,Yes,46246,Complete,436,1730273566
Gregg,Feghali,Joseph,NY,Bronx,10461,1,No,"ABO, NPI, ENT Health",aboto_nppes_agree_enthealth_disagree,Yes,718-863-4366,Otology/neurotology,46185,Yes,Yes,No,"Not applicable, no appointment offered with anyone in practice",NA,Complete,437,1083716500
Gregg,Robertson,James,OH,Findlay,45840,4,No,"ABO, NPI but not ENT Health",aboto_nppes_agree_enthealth_missing,NA,NA,NA,NA,NA,No-retired or no longer practicing medicine,Not applicable,NA,NA,Complete,438,1578551354
Gregg,Sedaghat,Ahmad,OH,Cincinnati,45219,1,No,"ABO, NPI, ENT Health",all_three_agree,Yes,513-475-8400,Rhinology,46181,Yes,Yes,Yes,Yes,46182,Complete,439,1902049687
Gregg,Brown,Patrick,TX,San Antonio,78229,1,No,"ABO, NPI but not ENT Health",aboto_nppes_disagree_enthealth_missing,Yes,210-249-4838,Sleep,46185,Yes,Yes,Yes,Yes,46267,Complete,440,1528069325
Gregg,Luitje,Martha,NY,Cooperstown,13326,10,No,"ABO, NPI, ENT Health",all_three_agree,Yes,607-547-3279,General,46181,Yes,Yes,No,No-but appointment offered with different physician,46182,Complete,441,1598297426
Gregg,Mitchell,Derek,NC,New Bern,28562,4,No,"ABO, NPI, ENT Health",all_three_agree,Yes,252-638-2515,General,46181,Yes,Yes,Yes,Yes,46182,Complete,442,1649400938
Gregg,Antonucci,Eric,OH,Zanesville,43701,4,No,"ABO, NPI, ENT Health",all_three_agree,Yes,740-454-0158,General,46181,Yes,Yes,Yes,Yes,46202,Complete,443,1053818336
Gregg,Peterson,Steve,TN,Johnson City,37604,1,No,"ABO, NPI, ENT Health",aboto_enthealth_agree_nppes_disagree,Yes,423-929-7546,Facial Plastics,46196,Yes,Yes,No,"Not applicable, no appointment offered with anyone in practice",NA,Complete,444,1306849500
Gregg,Mathur,Arun,OH,Wooster,44691,4,No,"ABO, NPI but not ENT Health",aboto_nppes_disagree_enthealth_missing,Yes,330-264-9699,General,46181,Yes,Yes,Yes,Yes,46203,Complete,445,1396805362
Gregg,Glickstein,Jonathan,IL,Gibson City,60936,10,No,"ABO, NPI, ENT Health",all_three_agree,Yes,217-784-2808,General,46181,Yes,Yes,Yes,Yes,46252,Complete,446,1598983371
Gregg,Noel,Phillip,LA,Abbeville,70510,4,No,"ABO, NPI, ENT Health",nppes_enthealth_agree_aboto_disagree,Yes,337-245-0169,Sleep,46196,Yes,Yes,No,"Not applicable, no appointment offered with anyone in practice",NA,Complete,447,1477550499
Gregg,Liu,Philip,PA,Honesdale,18431,7,No,"ABO, NPI, ENT Health",all_three_agree,Yes,570-253-0202,General,46181,Yes,Yes,Yes,Yes,46239,Complete,448,1316055122
Gregg,Abbott,David,SD,Yankton,57078,4,Yes,"ABO, NPI, ENT Health",all_three_agree,Yes,605-665-0062,General,46181,Yes,Yes,Yes,Yes,46188,Complete,449,1932136173
Gregg,Gonik,Nathan,MI,Detroit,48201,1,No,"ABO, NPI, ENT Health",all_three_agree,Yes,313-745-9049,Pediatrics,46181,Yes,Yes,Yes,Yes,46204,Complete,450,1174759815
Gregg,Byerly,Tracy,TX,Fredericksburg,78624,4,No,"ABO, NPI but not ENT Health",aboto_nppes_agree_enthealth_missing,Yes,830-997-4000,General,46181,Yes,Yes,Yes,No-but appointment offered with APP,46184,Complete,451,1427354208
Gregg,Gosselin,Benoit,NH,Lebanon,3756,4,No,"ABO, NPI, ENT Health",aboto_enthealth_agree_nppes_disagree,Yes,603-650-8123,Facial Plastics,46181,Yes,Yes,Yes,"Not applicable, no appointment offered with anyone in practice",NA,Complete,452,1225064629
Gregg,Hsu,Jack,VA,Front Royal,22630,4,No,"ABO, NPI, ENT Health",all_three_agree,Yes,540-635-0795,General,46181,Yes,Yes,Yes,Yes,46255,Complete,453,1114956430
Gregg,Bray,Maury,AL,Boaz,35957,4,No,"ABO, NPI but not ENT Health",aboto_nppes_agree_enthealth_missing,Yes,256-593-7266,General,46181,Yes,Yes,Yes,Yes,46195,Complete,454,1710090899
Gregg,Smith,Steven,MS,Columbus,39705,4,Yes,"ABO, NPI, ENT Health",all_three_agree,Yes,662-327-4432,General,46181,Yes,Yes,Yes,Yes,46211,Complete,455,1376804369
Gregg,Webster,William,OR,Coos Bay,97420,4,No,"ABO, NPI but not ENT Health",aboto_nppes_agree_enthealth_missing,Yes,541-808-3860,General,46178,No,NA,NA,"Not applicable, no appointment offered with anyone in practice",NA,Complete,456,1528166287
Gregg,Weisman,Robert,CA,San Diego,92103,1,No,"ABO, NPI but not ENT Health",aboto_nppes_agree_enthealth_missing,NA,NA,NA,NA,NA,No-retired or no longer practicing medicine,Not applicable,NA,NA,Complete,457,1346293958
Gregg,Correa,Alejandro,GA,Macon,31201,1,No,"ABO, NPI, ENT Health",all_three_agree,Yes,478-743-8953,General,46185,Yes,Yes,Yes,Yes,46202,Complete,458,1154364370
Gregg,Soares,Danny,GA,Atlanta,30338,1,No,"ABO, NPI but not ENT Health",aboto_nppes_disagree_enthealth_missing,Yes,352-269-6308,Facial Plastics,NA,NA,No-changed practices,NA,NA,NA,Complete,459,1952568370
Gregg,Liepert,Douglas,IN,South Bend,46635,1,No,"ABO, NPI, ENT Health",nppes_enthealth_agree_aboto_disagree,Yes,574-212-2846,Sleep,46185,Yes,Yes,No,"Not applicable, no appointment offered with anyone in practice",NA,Complete,460,1083675011
Gregg,Dalton,Randall,KY,Somerset,42503,4,No,"ABO, NPI but not ENT Health",aboto_nppes_agree_enthealth_missing,NA,NA,NA,NA,NA,No-retired or no longer practicing medicine,Not applicable,NA,NA,Complete,461,1336155944
Gregg,Scolieri,Paul,PA,Bethel Park,15102,1,No,"ABO, NPI, ENT Health",all_three_agree,Yes,412-831-7570,General,46196,Yes,No-changed practices,NA,NA,NA,Complete,462,1770518219
Gregg,Samuelson,Todd,TX,Fort Worth,76104,1,No,"ABO, NPI but not ENT Health",aboto_nppes_agree_enthealth_missing,Yes,817-335-8151,General,46196,Yes,Yes,Yes,Yes,46226,Complete,463,1942308119
Gregg,Klingensmith,Mark,PA,Greensburg,15601,1,No,"ABO, NPI, ENT Health",all_three_agree,Yes,724-834-8113,General,46196,Yes,Yes,No,"Not applicable, no appointment offered with anyone in practice",NA,Complete,464,1245262476
Gregg,Durakovic,Nedim,MO,Saint Louis,63141,1,No,"ABO, NPI, ENT Health",nppes_enthealth_agree_aboto_disagree,Yes,314-362-7509,Otology/neurotology,46185,Yes,Yes,Yes,Yes,46273,Complete,465,1235492372
Gregg,Paydarfar,Joseph,NH,Lebanon,3756,4,No,"ABO, NPI, ENT Health",all_three_agree,Yes,603-650-8123,Head and Neck Cancer,46185,Yes,Yes,Yes,"Not applicable, no appointment offered with anyone in practice",NA,Complete,466,1700975620
Gregg,Becker,Marta,PA,Spring House,19477,1,No,"ABO, NPI, ENT Health",all_three_agree,Yes,267-865-0005,General,46196,Yes,Yes,Yes,Yes,46233,Complete,467,1467553081
Gregg,Kou,Yann-Fuu,OH,Cincinnati,45229,1,No,"ABO, NPI, ENT Health",all_three_agree,Yes,214-645-8898,Pediatrics,NA,NA,No-changed practices,NA,NA,NA,Complete,468,1811317290
Gregg,Cox,Victor,MN,Saint Paul,55125,1,No,"ABO, NPI, ENT Health",all_three_agree,Yes,651-702-0750,General,46185,Yes,Yes,Yes,Yes,46210,Complete,469,1295771558
Gregg,Chiles,Patrick,NY,Syracuse,13214,1,No,"ABO, NPI, ENT Health",all_three_agree,Yes,315-251-1093,General,46196,Yes,Yes,Yes,Yes,47327,Complete,470,1639178379
Gregg,Massey,James,NE,Scottsbluff,69361,4,No,"ABO, NPI, ENT Health",all_three_agree,Yes,308-439-0258,General,46198,No,NA,NA,"Not applicable, no appointment offered with anyone in practice",NA,Complete,471,1831113687
Gregg,Wolter,Robert,WI,Elkhorn,53121,4,No,"ABO, NPI but not ENT Health",aboto_nppes_agree_enthealth_missing,NA,NA,NA,NA,NA,No-retired or no longer practicing medicine,Not applicable,NA,NA,Complete,472,1275640153
Gregg,Wertz,Aileen,PA,Danville,17822,7,No,"ABO, NPI, ENT Health",all_three_agree,Yes,800-275-6401,Pediatrics,46185,Yes,Yes,Yes,Yes,46237,Complete,473,1043573652
Gregg,Manning,James,PA,Gettysburg,17325,4,No,"ABO, NPI, ENT Health",all_three_agree,Yes,717-633-9229,General,46196,Yes,Yes,Yes,Yes,46232,Complete,474,1588667091
Gregg,Close,Heidi,IA,Pella,50219,4,No,"ABO, NPI, ENT Health",all_three_agree,Yes,515-223-4368,General,NA,NA,No-changed practices,NA,NA,NA,Complete,475,1902864903
Gregg,Saffold,Scott,VA,Belle Haven,23306,10,No,"ABO, NPI, ENT Health",all_three_agree,Yes,757-932-1152,General,46196,Yes,Yes,Yes,No-but appointment offered with APP,46224,Complete,476,1801863162
Gregg,Guelcher,Robert,PA,Erie,16504,1,No,"ABO, NPI but not ENT Health",aboto_nppes_agree_enthealth_missing,NA,NA,NA,NA,NA,No-retired or no longer practicing medicine,Not applicable,NA,NA,Complete,477,1417313255
Gregg,Michalowicz,Matthew,NC,New Bern,28562,4,No,"ABO, NPI but not ENT Health",aboto_nppes_agree_enthealth_missing,Yes,252-638-2515,General,46181,Yes,Yes,Yes,Yes,46182,Complete,478,1811281942
Gregg,Shirley,William,AL,Birmingham,35242,1,No,"ABO, NPI but not ENT Health",aboto_nppes_disagree_enthealth_missing,Yes,205-874-9436,Pediatrics,46196,Yes,Yes,Yes,Yes,46247,Complete,479,1568556280
Gregg,Chung,Andy,TX,Corsicana,75110,4,No,"ABO, NPI but not ENT Health",aboto_nppes_agree_enthealth_missing,Yes,903-641-4270,General,46198,Yes,Yes,Yes,Yes,46210,Complete,480,1164449666
Chin,Varner,Cheryl,WY,Sheridan,82801,4,No,"ABO, NPI, ENT Health",all_three_agree,Yes,307-675-4646,General,NA,NA,No-changed practices,NA,NA,NA,Complete,481,1568443398
Chin,Charnock,David,VT,Rutland,5701,4,No,"ABO, NPI but not ENT Health",aboto_nppes_agree_enthealth_missing,Yes,802-775-7111,General,NA,NA,No-changed practices,NA,NA,NA,Complete,482,1336149160
Chin,Jetmore,Thomas,IN,Richmond,47374,4,No,"ABO, NPI, ENT Health",all_three_agree,Yes,765-996-1600,General,NA,NA,NA,NA,NA,NA,Incomplete,483,1104274463
Chin,Shukairy,Khaled,MI,Burton,48509,1,No,"ABO, NPI, ENT Health",aboto_enthealth_agree_nppes_disagree,Yes,810-742-0225,Pediatrics,NA,NA,NA,NA,NA,NA,Incomplete,484,1518961879
Chin,Silva,Rodrigo,FL,Orlando,32803,1,No,"ABO, NPI but not ENT Health",aboto_nppes_disagree_enthealth_missing,Yes,407-845-8352,Pediatrics,NA,NA,NA,NA,NA,NA,Incomplete,485,1932365186
Chin,Feldman,Howard,AZ,Cottonwood,86326,4,No,"ABO, NPI but not ENT Health",aboto_nppes_agree_enthealth_missing,No,NA,General,NA,NA,No-retired or no longer practicing medicine,NA,NA,NA,Complete,486,1609972322
Chin,Merenda,Daniel,WV,Bridgeport,26330,4,No,"ABO, NPI but not ENT Health",aboto_nppes_agree_enthealth_missing,Yes,681-342-3570,General,NA,NA,NA,NA,NA,NA,Incomplete,487,1265519680
Chin,Baker,Michael,KS,Pittsburg,66762,4,No,"ABO, NPI, ENT Health",all_three_disagree,Yes,620-232-7500,General,NA,NA,NA,NA,NA,NA,Incomplete,488,1891883120
Chin,Galer,Chad,MN,Minneapolis,55416,1,No,"ABO, NPI, ENT Health",all_three_agree,Yes,763-421-8443,General,46198,Yes,Yes,Yes,Yes,46219,Complete,489,1639242944
Chin,Mongiardo,Frank,KY,Hazard,41701,10,No,"ABO, NPI but not ENT Health",aboto_nppes_disagree_enthealth_missing,Yes,606-439-4466,General,NA,NA,NA,NA,NA,NA,Incomplete,490,1619048139
Falk,Mineck,Corey,IA,Clive,50325,1,No,"ABO, NPI, ENT Health",all_three_agree,Yes,515-222-7761,General,46202,Yes,Yes,Yes,Yes,46219,Complete,491,1669586251
Falk,Cleland-Zamudio,Suzanne,WA,Ellensburg,98926,4,No,"ABO, NPI, ENT Health",all_three_agree,No,NA,General,46196,No,No-changed practices,Not applicable,"Not applicable, no appointment offered with anyone in practice",NA,Complete,492,1609883768
Falk,Evans,Seth,TX,Kyle,78640,1,No,"ABO, NPI, ENT Health",all_three_agree,Yes,NA,General,46196,No,No-changed practices,Not applicable,"Not applicable, no appointment offered with anyone in practice",NA,Complete,493,1083825467
Falk,Symms,John,ID,Boise,83704,1,No,"ABO, NPI, ENT Health",all_three_agree,Yes,(208) 336-4368,Otology/neurotology,46196,Yes,Yes,Yes,Yes,46212,Complete,494,1457706228
Falk,Bass,Richard,IL,Springfield,62701,1,No,"ABO, NPI but not ENT Health",aboto_nppes_agree_enthealth_missing,No,217-545-8000,General,46202,Yes,No-not specified why,Not applicable,"Not applicable, no appointment offered with anyone in practice",NA,Complete,495,1609862200
Falk,Vaughan,John,CA,La Jolla,92037,1,No,"ABO, NPI but not ENT Health",aboto_nppes_agree_enthealth_missing,No,(858) 452-4327,Otology/neurotology,46196,No,No-not specified why,Not applicable,"Not applicable, no appointment offered with anyone in practice",NA,Complete,496,1932289626
Falk,Trott,Martin,WY,Jackson,83001,4,No,"ABO, NPI, ENT Health",all_three_agree,Yes,307.739.7690,General,46196,Yes,Yes,Yes,Yes,46217,Complete,497,1245339456
Falk,Proctor,Matthew,OR,The Dalles,97058,4,No,"ABO, NPI, ENT Health",all_three_agree,Yes,541-298-5563,Rhinology,46196,Yes,Yes,Yes,Yes,46210,Complete,498,1932127412
Falk,Sepehr,Ali,CA,Newport Beach,92660,1,No,"ABO, NPI, ENT Health",all_three_agree,Yes,(949) 371-6963,Facial Plastics,46196,Yes,Yes,Yes,Yes,46203,Complete,499,1386833069
Falk,Tasche,Kendall,MN,Rochester,55905,1,No,"ABO, NPI, ENT Health",all_three_agree,Yes,507-405-2935,Head and Neck Cancer,46202,Yes,Yes,Yes,"Not applicable, no appointment offered with anyone in practice",NA,Complete,500,1003227489
Falk,Morton,Anthony,MD,Kensington,20895,1,No,"ABO, NPI, ENT Health",all_three_agree,Yes,1-800-777-7904,General,46198,Yes,Yes,Yes,"Not applicable, no appointment offered with anyone in practice",NA,Complete,501,1457427643
Falk,Schwartz,Ronald,WA,Richland,99352,1,No,"ABO, NPI but not ENT Health",aboto_nppes_agree_enthealth_missing,No,(509) 942-3178,General,46202,Yes,No-retired or no longer practicing medicine,Not applicable,"Not applicable, no appointment offered with anyone in practice",NA,Complete,502,1902876402
Falk,Pearl,Alden,NY,Brooklyn,11238,1,No,"ABO, NPI but not ENT Health",aboto_nppes_agree_enthealth_missing,No,(718) 622-0505,General,46202,No,No-not specified why,Not applicable,"Not applicable, no appointment offered with anyone in practice",NA,Complete,503,1528172376
Falk,Westfall,Edward,IN,Fort Wayne,46825,1,No,"ABO, NPI, ENT Health",all_three_agree,Yes,(260) 426-8117,General,NA,NA,NA,NA,NA,NA,Unverified,504,1942662986
Falk,Smith,Jesse,TX,Fort Worth,76104,1,No,"ABO, NPI, ENT Health",all_three_agree,Yes,(817) 806-4245,Facial Plastics,NA,NA,NA,NA,NA,NA,Unverified,505,1194742791
Falk,Bennion,Brett,MT,Sidney,59270,7,No,"ABO, NPI, ENT Health",all_three_agree,Yes,406-488-2380,General,NA,NA,NA,NA,NA,NA,Unverified,506,1275616104
Falk,Allen,Clint,MD,Bethesda,20817,1,No,"ABO, NPI but not ENT Health",aboto_nppes_agree_enthealth_missing,No,(240) 858-7773,Laryngology,NA,NA,NA,NA,NA,NA,Unverified,507,1861697021
Falk,Seibert,Jared,CO,Avon,81620,4,No,"ABO, NPI, ENT Health",all_three_agree,Yes,(970) 363-5432,General,46202,Yes,Yes,Yes,Yes,46269,Complete,508,1750602660
Falk,Olson,Krista,TX,Houston,77030,1,No,"ABO, NPI, ENT Health",all_three_agree,Yes,713.798.5900,Facial Plastics,46202,Yes,Yes,Yes,Yes,46220,Complete,509,1841383486
Falk,Kelly,Mark,NH,Laconia,3246,4,Yes,"ABO, NPI, ENT Health",all_three_agree,Yes,(603) 524-7402,General,NA,NA,NA,NA,NA,NA,Unverified,510,1427016633
Falk,Reams,Carl,PA,Danville,17822,7,No,"ABO, NPI but not ENT Health",aboto_nppes_agree_enthealth_missing,No,(570) 271-6429,General,NA,NA,NA,NA,NA,NA,Unverified,511,1376508275
Falk,Yates,Jay,TX,Sulphur Springs,75482,4,Yes,"ABO, NPI, ENT Health",all_three_agree,Yes,903-885-6534,General,46202,Yes,Yes,Yes,Yes,46281,Complete,512,1902820970
Falk,Hignight,John,KY,Danville,40422,4,No,"ABO, NPI but not ENT Health",aboto_nppes_agree_enthealth_missing,No,(859) 236-0903,General,46202,Yes,No-retired or no longer practicing medicine,Not applicable,No-but appointment offered with different physician,46210,Complete,513,1811957558
Falk,Perloff,Joel,PA,Chester,19013,1,No,"ABO, NPI, ENT Health",all_three_agree,Yes,610.874.5366,General,NA,NA,NA,NA,NA,NA,Unverified,514,1205917820
Falk,Crigger,Charles,OH,Gallipolis,45631,4,No,"ABO, NPI but not ENT Health",aboto_nppes_agree_enthealth_missing,No,740-446-5411,General,46202,Yes,No-changed practices,Not applicable,"Not applicable, no appointment offered with anyone in practice",NA,Complete,515,1386640662
Falk,Adib,Abdulla,OH,Dayton,45402,1,No,"ABO, NPI but not ENT Health",aboto_nppes_agree_enthealth_missing,Yes,(937) 496-2620,General,46202,Yes,No-retired or no longer practicing medicine,Not applicable,"Not applicable, no appointment offered with anyone in practice",NA,Complete,516,1891765103
Falk,Garner,Justin,MS,Columbus,39705,4,Yes,"ABO, NPI, ENT Health",all_three_agree,Yes,(662) 327.4432,General,46202,Yes,Yes,Yes,Yes,46210,Complete,517,1104952225
Falk,Maccabee,Mendy,OR,Hood River,97031,4,No,"ABO, NPI, ENT Health",all_three_agree,Yes,(541) 436-3880,Rhinology,46202,Yes,Yes,Yes,Yes,46223,Complete,518,1205927134
Falk,Janning,Martin,MN,Willmar,56201,4,No,"ABO, NPI, ENT Health",nppes_enthealth_agree_aboto_disagree,Yes,(320) 231-3277,Sleep,46202,Yes,Yes,Yes,Yes,46220,Complete,519,1396963922
Falk,Hillel,Richard,MA,Cambridge,2138,1,No,"ABO, NPI but not ENT Health",aboto_nppes_agree_enthealth_missing,No,(617) 354-1010,General,46202,Yes,No-retired or no longer practicing medicine,Not applicable,No-but appointment offered with different physician,46204,Complete,520,1548249048
Falk,Ohlstein,Jason,PA,East Stroudsburg,18301,4,No,"ABO, NPI, ENT Health",all_three_agree,Yes,(484) 957-2770,General,46202,Yes,Yes,Yes,Yes,46223,Complete,521,1164871505
Chin,Gulleth,Yusuf,MA,Brighton,2135,1,No,"ABO, NPI but not ENT Health",aboto_nppes_agree_enthealth_missing,NA,NA,NA,NA,NA,NA,NA,NA,NA,Incomplete,522,1588797989
Chin,Hobbs,Jan,NM,Roswell,88201,4,No,"ABO, NPI but not ENT Health",aboto_nppes_agree_enthealth_missing,NA,NA,NA,NA,NA,NA,NA,NA,NA,Incomplete,523,1225090046
Chin,Reich,Steven,OR,Ontario,97914,4,No,"ABO, NPI, ENT Health",all_three_agree,NA,NA,NA,NA,NA,NA,NA,NA,NA,Incomplete,524,1538144225
Chin,Scates,Kyle,SC,Greenwood,29646,4,No,"ABO, NPI, ENT Health",all_three_agree,NA,NA,NA,NA,NA,NA,NA,NA,NA,Incomplete,525,1679657415
Chin,Brian,David,KS,Dodge City,67801,4,No,"ABO, NPI but not ENT Health",aboto_nppes_agree_enthealth_missing,NA,NA,NA,NA,NA,NA,NA,NA,NA,Incomplete,526,1962484295
Chin,Hohengarten,John,OR,Klamath Falls,97601,4,No,"ABO, NPI but not ENT Health",aboto_nppes_agree_enthealth_missing,NA,NA,NA,NA,NA,NA,NA,NA,NA,Incomplete,527,1104825827
Chin,Oliverio,Matthew,PA,Uniontown,15401,4,No,"ABO, NPI, ENT Health",all_three_agree,NA,NA,NA,NA,NA,NA,NA,NA,NA,Incomplete,528,1194921007
Chin,Fitzpatrick,Elaine,NE,North Platte,69101,4,No,"ABO, NPI, ENT Health",all_three_agree,NA,NA,NA,NA,NA,NA,NA,NA,NA,Incomplete,529,1801974324
Chin,Somers,Melissa,MI,Petoskey,49770,5,No,"ABO, NPI, ENT Health",aboto_nppes_agree_enthealth_disagree,NA,NA,NA,NA,NA,NA,NA,NA,NA,Incomplete,530,1083815559
Chin,Hsieh,Tsung-yen,OH,Cincinnati,45219,1,No,"ABO, NPI but not ENT Health",aboto_nppes_agree_enthealth_missing,NA,NA,NA,NA,NA,NA,NA,NA,NA,Incomplete,531,1548505100
Chin,Jennings,Richard,WI,Stevens Point,54481,4,No,"ABO, NPI but not ENT Health",aboto_nppes_agree_enthealth_missing,NA,NA,NA,NA,NA,NA,NA,NA,NA,Incomplete,532,1831177633
Chin,Harris,Kevin,WA,Anacortes,98221,4,No,"ABO, NPI, ENT Health",all_three_agree,NA,NA,NA,NA,NA,NA,NA,NA,NA,Incomplete,533,1164496808
Chin,Clancy,Kate,OH,Lorain,44053,1,No,"ABO, NPI, ENT Health",all_three_agree,NA,NA,NA,NA,NA,NA,NA,NA,NA,Incomplete,534,1417489352
Chin,Haas,Patrick,KY,Fort Thomas,41075,1,No,"ABO, NPI, ENT Health",all_three_agree,NA,NA,NA,NA,NA,NA,NA,NA,NA,Incomplete,535,1104137454
Chin,Christensen,Debbie,GA,Marietta,30060,1,No,"ABO, NPI, ENT Health",all_three_agree,NA,NA,NA,NA,NA,NA,NA,NA,NA,Incomplete,536,1306042296
Chin,Murphy,Heather,CO,Aspen,81611,7,No,"ABO, NPI but not ENT Health",aboto_nppes_agree_enthealth_missing,NA,NA,NA,NA,NA,NA,NA,NA,NA,Incomplete,537,1013024439
Chin,Randall,David,MO,Springfield,65807,1,No,"ABO, NPI but not ENT Health",aboto_nppes_agree_enthealth_missing,NA,NA,NA,NA,NA,NA,NA,NA,NA,Incomplete,538,1366438426
Chin,Duvvuri,Umamaheswar,PA,Pittsburgh,15213,1,No,"ABO, NPI but not ENT Health",aboto_nppes_agree_enthealth_missing,NA,NA,NA,NA,NA,NA,NA,NA,NA,Incomplete,539,1477718641
Chin,Tennyson,Heath,OH,Bellefontaine,43311,4,No,"ABO, NPI but not ENT Health",aboto_nppes_disagree_enthealth_missing,NA,NA,NA,NA,NA,NA,NA,NA,NA,Incomplete,540,1700856069
Chin,Howard,William,OK,Ponca City,74601,4,No,"ABO, NPI but not ENT Health",aboto_nppes_agree_enthealth_missing,NA,NA,NA,NA,NA,NA,NA,NA,NA,Incomplete,541,1316008675
Chin,Wakefield,Tamekia,NY,Flushing,11358,1,No,"ABO, NPI, ENT Health",aboto_nppes_agree_enthealth_disagree,NA,NA,NA,NA,NA,NA,NA,NA,NA,Incomplete,542,1487656849
Chin,Lanser,Michael,FL,Orlando,32803,1,No,"ABO, NPI but not ENT Health",aboto_nppes_agree_enthealth_missing,NA,NA,NA,NA,NA,NA,NA,NA,NA,Incomplete,543,1699881789
Chin,Gerberi,Michael,IL,Sterling,61081,4,No,"ABO, NPI but not ENT Health",aboto_nppes_agree_enthealth_missing,NA,NA,NA,NA,NA,NA,NA,NA,NA,Incomplete,544,1619065455
Chin,Driscoll,Colin,MN,Rochester,55905,1,No,"ABO, NPI, ENT Health",aboto_enthealth_agree_nppes_disagree,NA,NA,NA,NA,NA,NA,NA,NA,NA,Incomplete,545,1174593321
Chin,Weisberg,Jan,KY,Frankfort,40601,4,No,"ABO, NPI but not ENT Health",aboto_nppes_disagree_enthealth_missing,NA,NA,NA,NA,NA,NA,NA,NA,NA,Incomplete,546,1811941107
Chin,Yang,Zao,TX,San Antonio,78229,1,No,"ABO, NPI, ENT Health",all_three_agree,NA,NA,NA,NA,NA,NA,NA,NA,NA,Incomplete,547,1497174528
Chin,Pincus,William,NC,High Point,27262,1,No,"ABO, NPI but not ENT Health",aboto_nppes_agree_enthealth_missing,NA,NA,NA,NA,NA,NA,NA,NA,NA,Incomplete,548,1306806583
Chin,Shattuck,Theodore,VT,Rutland,5701,4,No,"ABO, NPI but not ENT Health",aboto_nppes_agree_enthealth_missing,NA,NA,NA,NA,NA,NA,NA,NA,NA,Incomplete,549,1558361444
Chin,Meadema,Samuel,VA,Danville,24541,4,No,"ABO, NPI, ENT Health",all_three_agree,NA,NA,NA,NA,NA,NA,NA,NA,NA,Incomplete,550,1649225764
Chin,Umstattd,Lauren,KS,Overland Park,66224,1,No,"ABO, NPI but not ENT Health",aboto_nppes_disagree_enthealth_missing,NA,NA,NA,NA,NA,NA,NA,NA,NA,Incomplete,551,1962884635
Chin,Neis,John,AR,Mountain Home,72653,4,No,"ABO, NPI, ENT Health",all_three_agree,NA,NA,NA,NA,NA,NA,NA,NA,NA,Incomplete,552,1851616148
Chin,Diggelmann,Henry,IA,Mason City,50401,4,No,"ABO, NPI, ENT Health",all_three_agree,NA,NA,NA,NA,NA,NA,NA,NA,NA,Incomplete,553,1467610196
Chin,Greene,Jacqueline,CA,San Diego,92123,1,No,"ABO, NPI, ENT Health",all_three_agree,NA,NA,NA,NA,NA,NA,NA,NA,NA,Incomplete,554,1144583931
Chin,Cox,Claudell,MI,Wyoming,49509,1,No,"ABO, NPI, ENT Health",all_three_agree,NA,NA,NA,NA,NA,NA,NA,NA,NA,Incomplete,555,1023073053
Chin,Chastain,John,AZ,Tucson,85712,1,No,"ABO, NPI, ENT Health",all_three_agree,NA,NA,NA,NA,NA,NA,NA,NA,NA,Incomplete,556,1801915715
Chin,Barnes,Christian,GA,Athens,30601,1,No,"ABO, NPI, ENT Health",all_three_agree,NA,NA,NA,NA,NA,NA,NA,NA,NA,Incomplete,557,1184060337
Chin,Manilla,Anthony,MD,Hagerstown,21742,1,No,"ABO, NPI, ENT Health",all_three_agree,NA,NA,NA,NA,NA,NA,NA,NA,NA,Incomplete,558,1356332480
Chin,Ansley,John,SC,Orangeburg,29118,4,No,"ABO, NPI, ENT Health",all_three_agree,NA,NA,NA,NA,NA,NA,NA,NA,NA,Incomplete,559,1790733590
Chin,Wood,David,PA,Hermitage,16148,4,No,"ABO, NPI, ENT Health",all_three_agree,NA,NA,NA,NA,NA,NA,NA,NA,NA,Incomplete,560,1154320133
Chin,Kansara,Sagar,CA,San Francisco,94143,1,No,"ABO, NPI but not ENT Health",aboto_nppes_agree_enthealth_missing,NA,NA,NA,NA,NA,NA,NA,NA,NA,Incomplete,561,1932562691
Chin,Parey,Stephen,TN,Columbia,38401,4,No,"ABO, NPI, ENT Health",nppes_enthealth_agree_aboto_disagree,NA,NA,NA,NA,NA,NA,NA,NA,NA,Incomplete,562,1093753626
Chin,Kalafsky,John,VA,Norfolk,23502,1,No,"ABO, NPI, ENT Health",all_three_agree,NA,NA,NA,NA,NA,NA,NA,NA,NA,Incomplete,563,1700887239
Chin,Manger,Philip,MN,Baxter,56425,4,Yes,"ABO, NPI but not ENT Health",aboto_nppes_agree_enthealth_missing,NA,NA,NA,NA,NA,NA,NA,NA,NA,Incomplete,564,1699709089
Chin,Avidano,Michael,GA,Stockbridge,30281,1,No,"ABO, NPI, ENT Health",nppes_enthealth_agree_aboto_disagree,NA,NA,NA,NA,NA,NA,NA,NA,NA,Incomplete,565,1780680462
Chin,Fahrner,Kristen,CO,Steamboat Springs,80487,4,No,"ABO, NPI, ENT Health",all_three_agree,NA,NA,NA,NA,NA,NA,NA,NA,NA,Incomplete,566,1306834395
Chin,Abraham,David,MN,Thief River Falls,56701,7,No,"ABO, NPI but not ENT Health",aboto_nppes_agree_enthealth_missing,NA,NA,NA,NA,NA,NA,NA,NA,NA,Incomplete,567,1306874920
Chin,Thoma,Trisha,IA,Mason City,50401,4,No,"ABO, NPI but not ENT Health",aboto_nppes_agree_enthealth_missing,NA,NA,NA,NA,NA,NA,NA,NA,NA,Incomplete,568,1770849317
Chin,Ward,Sanford,WA,Pullman,99163,4,No,"ABO, NPI but not ENT Health",aboto_nppes_agree_enthealth_missing,NA,NA,NA,NA,NA,NA,NA,NA,NA,Incomplete,569,1366422453
Chin,Howell,Jessica,TN,Nashville,37203,1,No,"ABO, NPI, ENT Health",all_three_agree,NA,NA,NA,NA,NA,NA,NA,NA,NA,Incomplete,570,1548657224
Chin,Standage,Christopher,IL,Woodstock,60098,2,No,"ABO, NPI, ENT Health",all_three_agree,NA,NA,NA,NA,NA,NA,NA,NA,NA,Incomplete,571,1518065341
Chin,Alcaraz,Nelson,NY,Fresh Meadows,11365,1,No,"ABO, NPI, ENT Health",aboto_enthealth_agree_nppes_disagree,NA,NA,NA,NA,NA,NA,NA,NA,NA,Incomplete,572,1548228232
Chin,Sisk,Jamie,MS,Laurel,39440,4,No,"ABO, NPI, ENT Health",all_three_agree,NA,NA,NA,NA,NA,NA,NA,NA,NA,Incomplete,573,1457489429
Chin,Goldman,Neal,NC,Boone,28607,4,No,"ABO, NPI but not ENT Health",aboto_nppes_disagree_enthealth_missing,NA,NA,NA,NA,NA,NA,NA,NA,NA,Incomplete,574,1376527754
Chin,Burge,Scott,TN,Germantown,38138,1,No,"ABO, NPI but not ENT Health",aboto_nppes_agree_enthealth_missing,NA,NA,NA,NA,NA,NA,NA,NA,NA,Incomplete,575,1205120383
Chin,Schneider,Daniel,MN,Saint Paul,55108,1,Yes,"ABO, NPI but not ENT Health",aboto_nppes_disagree_enthealth_missing,NA,NA,NA,NA,NA,NA,NA,NA,NA,Incomplete,576,1063675825
Chin,Gustafson,Ray,MN,Rochester,55905,1,No,"ABO, NPI but not ENT Health",aboto_nppes_agree_enthealth_missing,NA,NA,NA,NA,NA,NA,NA,NA,NA,Incomplete,577,1174502181
Chin,Peck,Brandon,NH,Exeter,3833,4,No,"ABO, NPI, ENT Health",all_three_agree,NA,NA,NA,NA,NA,NA,NA,NA,NA,Incomplete,578,1295098994
Chin,Roden,Dylan,NJ,Newark,7103,1,No,"ABO, NPI but not ENT Health",aboto_nppes_agree_enthealth_missing,NA,NA,NA,NA,NA,NA,NA,NA,NA,Incomplete,579,1649618596
Chin,Jones,Steven,PA,Pittsburgh,15237,1,No,"ABO, NPI but not ENT Health",aboto_nppes_agree_enthealth_missing,NA,NA,NA,NA,NA,NA,NA,NA,NA,Incomplete,580,1871566398
Chin,Lippincott,Lincoln,GA,Statesboro,30458,4,No,"ABO, NPI, ENT Health",all_three_agree,NA,NA,NA,NA,NA,NA,NA,NA,NA,Incomplete,581,1154320661
Chin,Hafner,Jonathan,TN,Crossville,38555,4,No,"ABO, NPI, ENT Health",all_three_agree,NA,NA,NA,NA,NA,NA,NA,NA,NA,Incomplete,582,1811165608
Chin,Law,Jonathan,CA,Fresno,93720,1,Yes,"ABO, NPI, ENT Health",aboto_nppes_agree_enthealth_disagree,NA,NA,NA,NA,NA,NA,NA,NA,NA,Incomplete,583,1710115944
Chin,Berge,Jennifer,IA,West Burlington,52655,4,No,"ABO, NPI, ENT Health",all_three_agree,NA,NA,NA,NA,NA,NA,NA,NA,NA,Incomplete,584,1063492361
Chin,Stevens,Matthew,MS,Tupelo,38801,4,No,"ABO, NPI, ENT Health",all_three_agree,NA,NA,NA,NA,NA,NA,NA,NA,NA,Incomplete,585,1447494570
Chin,D'Aguillo,Christine,FL,Miami,33136,1,No,"ABO, NPI, ENT Health",all_three_agree,NA,NA,NA,NA,NA,NA,NA,NA,NA,Incomplete,586,1366861726
Chin,Windham,Alfred,MS,Vicksburg,39183,5,No,"ABO, NPI but not ENT Health",aboto_nppes_agree_enthealth_missing,NA,NA,NA,NA,NA,NA,NA,NA,NA,Incomplete,587,1326079518
Chin,Merrell,James,CO,Grand Junction,81506,1,No,"ABO, NPI, ENT Health",all_three_agree,NA,NA,NA,NA,NA,NA,NA,NA,NA,Incomplete,588,1134330434
Chin,Carlson,Thomas,MI,Escanaba,49829,4,No,"ABO, NPI but not ENT Health",aboto_nppes_agree_enthealth_missing,NA,NA,NA,NA,NA,NA,NA,NA,NA,Incomplete,589,1699732834
Deol,Hershcovitch,Meir,CA,West Hills,91307,1,No,"ABO, NPI, ENT Health",all_three_agree,NA,NA,NA,NA,NA,NA,NA,NA,NA,Incomplete,590,1427283340
Deol,Luzzi,Frank,CT,Torrington,6790,4,No,"ABO, NPI but not ENT Health",aboto_nppes_agree_enthealth_missing,Yes,860.496.9565,General,46205,Yes,Yes,Yes,Yes,46224,Complete,591,1023046349
Deol,Lerew,Melanie,TX,Wichita Falls,76310,1,No,"ABO, NPI but not ENT Health",aboto_nppes_agree_enthealth_missing,Yes,(940) 322-6953,General,46205,Yes,Yes,Yes,Yes,46210,Complete,592,1073824983
Deol,Khan,Faridoon,RI,Woonsocket,2895,1,No,"ABO, NPI but not ENT Health",aboto_nppes_agree_enthealth_missing,No,NA,NA,NA,NA,NA,NA,NA,NA,Complete,593,1760446082
Deol,Fitch,Kathleen,PA,Franklin,16323,9,No,"ABO, NPI but not ENT Health",aboto_nppes_agree_enthealth_missing,Yes,814-437-7266,General,46205,Yes,No-retired or no longer practicing medicine,Not applicable,"Not applicable, no appointment offered with anyone in practice",NA,Complete,594,1477525434
Deol,Dye,Bradford,MS,Oxford,38655,4,No,"ABO, NPI, ENT Health",all_three_agree,Yes,(662) 234-1337,General,46205,Yes,Yes,Yes,Yes,46219,Complete,595,1649245549
Deol,Casler,John,FL,Jacksonville,32224,1,No,"ABO, NPI but not ENT Health",aboto_nppes_agree_enthealth_missing,Yes,(904) 296-3103,General,46205,Yes,No-not specified why,Not applicable,"Not applicable, no appointment offered with anyone in practice",NA,Complete,596,1730183096
Deol,Shorts,Stephen,AR,Pine Bluff,71603,4,No,"ABO, NPI but not ENT Health",aboto_nppes_agree_enthealth_missing,Yes,870-535-5719,General,46205,Yes,No-practice is full but physician does still see established patients,Not applicable,No-but appointment offered with different physician,46218,Complete,597,1992771174
Deol,Smith,Daron,NC,Charlotte,28277,1,No,"ABO, NPI, ENT Health",all_three_agree,Yes,(704) 703-1080,General,46205,Yes,Yes,Yes,Yes,46226,Complete,598,1245262096
Deol,Telischi,Fred,FL,Miami,33136,1,No,"ABO, NPI but not ENT Health",aboto_nppes_disagree_enthealth_missing,Yes,305-243-3564,Otology/neurotology,46205,Yes,Yes,Yes,"Not applicable, no appointment offered with anyone in practice",NA,Complete,599,1710903588
Deol,Fama,Anthony,IN,Indianapolis,46237,1,No,"ABO, NPI but not ENT Health",aboto_nppes_agree_enthealth_missing,Yes,317-497-6888,General,46205,Yes,Yes,Yes,Yes,46238,Complete,600,1639279854
Deol,Novotny,Nila,NE,Columbus,68601,4,No,"ABO, NPI, ENT Health",all_three_agree,Yes,402-562-4720,General,46182,Yes,Yes,Yes,Yes,46183,Complete,601,1316934029
Deol,Eid,Issam,LA,New Orleans,70121,1,No,"ABO, NPI, ENT Health",all_three_agree,Yes,5048424080,Facial Plastics,46182,Yes,Yes,Yes,NA,NA,Complete,602,1609057934
Deol,Sherman,Bret,CA,Fresno,93720,1,No,"ABO, NPI but not ENT Health",aboto_nppes_agree_enthealth_missing,Yes,559-431-0340,General,46182,Yes,Yes,Yes,Yes,46203,Complete,603,1386604536
Deol,Kava,Charles,ME,Rockport,4856,10,No,"ABO, NPI, ENT Health",all_three_agree,Yes,(207) 301-3660,General,46182,Yes,No-retired or no longer practicing medicine,Not applicable,No-but appointment offered with different physician,46259,Complete,604,1043310931
Deol,Nesemeier,Bradley,IL,Chicago,60612,1,No,"ABO, NPI but not ENT Health",aboto_nppes_agree_enthealth_missing,Yes,312,Facial Plastics,46182,Yes,Yes,Yes,Yes,46220,Complete,605,1669899803
Deol,Wong,Jeff,PA,Danville,17822,7,No,"ABO, NPI, ENT Health",all_three_agree,No,570-271-6211,General,46182,No,No-changed practices,Not applicable,NA,NA,Complete,606,1205369485
Deol,Maddox,Michael,WA,Bremerton,98312,1,No,"ABO, NPI but not ENT Health",aboto_nppes_agree_enthealth_missing,No,NA,General,NA,No,NA,Not applicable,NA,NA,Complete,607,1578533188
Deol,Goff,Christopher,OK,Stillwater,74074,4,No,"ABO, NPI but not ENT Health",aboto_nppes_agree_enthealth_missing,Yes,405-624-8603,Pediatrics,46182,Yes,Yes,Yes,Yes,46189,Complete,608,1740415124
Deol,Roth,James,TN,Dickson,37055,4,No,"ABO, NPI, ENT Health",aboto_enthealth_agree_nppes_disagree,Yes,(615) 838-5866,General,46182,No,NA,Not applicable,NA,NA,Complete,609,1144227778
Deol,Boyle,Timothy,WI,Marshfield,54449,4,No,"ABO, NPI, ENT Health",all_three_agree,Yes,715-387-5245,General,46182,Yes,Yes,Yes,Yes,46218,Complete,610,1063523207
Deol,Azeredo,William,PA,Danville,17822,7,No,"ABO, NPI, ENT Health",all_three_agree,Yes,800-275-6401,Otology/neurotology,46182,Yes,Yes,Yes,"Not applicable, no appointment offered with anyone in practice",NA,Complete,611,1972795961
Deol,Tran,Daniel,TX,Fort Hood,76544,1,No,"ABO, NPI but not ENT Health",aboto_nppes_agree_enthealth_missing,No,NA,Facial Plastics,NA,NA,NA,NA,NA,NA,Complete,612,1215173539
Deol,Granger,Kleve,FL,Eglin AFB,32542,1,No,"ABO, NPI but not ENT Health",aboto_nppes_agree_enthealth_missing,No,NA,NA,NA,NA,No-changed practices,NA,NA,NA,Complete,613,1972023323
Deol,Shott,Sally,OH,Cincinnati,45229,1,No,"ABO, NPI but not ENT Health",aboto_nppes_disagree_enthealth_missing,Yes,5136364355,Pediatrics,46182,Yes,No-changed practices,Yes,No-but appointment offered with different physician,46190,Complete,614,1891715405
Deol,LeBlanc,Charles,LA,Baton Rouge,70808,1,No,"ABO, NPI, ENT Health",all_three_agree,Yes,2257691090,General,46182,Yes,Yes,Yes,Yes,46182,Complete,615,1548255722
Deol,Barton,Chester,OH,Chillicothe,45601,4,No,"ABO, NPI but not ENT Health",aboto_nppes_agree_enthealth_missing,Yes,7407794393,General,46182,Yes,No-changed practices,Not applicable,"Not applicable, no appointment offered with anyone in practice",46182,Complete,616,1437163987
Deol,Cheresnick,Corey,OH,Chillicothe,45601,4,No,"ABO, NPI, ENT Health",all_three_agree,Yes,740-779-7500,General,46182,Yes,Yes,Yes,Yes,46196,Complete,617,1154737443
Deol,King,Deanne,AR,Pine Bluff,71603,4,No,"ABO, NPI but not ENT Health",aboto_nppes_agree_enthealth_missing,No,8705355719,General,46182,Yes,No-changed practices,Not applicable,No-but appointment offered with different physician,46189,Complete,618,1679861330
Deol,Killingsworth,Stephen,AR,Russellville,72801,4,No,"ABO, NPI but not ENT Health",aboto_nppes_disagree_enthealth_missing,Yes,4798900368,General,46182,Yes,No-retired or no longer practicing medicine,Not applicable,No-but appointment offered with different physician,46328,Complete,619,1013985969
Deol,Yates,Charles,IN,Indianapolis,46202,1,No,"ABO, NPI, ENT Health",aboto_enthealth_agree_nppes_disagree,Yes,(317) 948-3226,Otology/neurotology,46182,Yes,Yes,Yes,"Not applicable, no appointment offered with anyone in practice",NA,Complete,620,1275709958
Deol,Cretney,Evan,WI,Sheboygan,53081,1,No,"ABO, NPI but not ENT Health",aboto_nppes_agree_enthealth_missing,Yes,9204574461,General,46182,Yes,Yes,Yes,Yes,46230,Complete,621,1528563442
Deol,Daidone,Mara,MD,Prince Frederick,20678,10,No,"ABO, NPI but not ENT Health",aboto_nppes_agree_enthealth_missing,No,4105354471,NA,46182,No,NA,NA,NA,NA,Complete,622,1841296407
Deol,Massick,Douglas,OH,Gallipolis,45631,4,No,"ABO, NPI, ENT Health",all_three_agree,Yes,7404465937,General,46182,Yes,Yes,Yes,Yes,46183,Complete,623,1881666287
Deol,Shashy,Ronald,KY,Georgetown,40324,4,No,"ABO, NPI but not ENT Health",aboto_nppes_disagree_enthealth_missing,Yes,502-867-7806,Sleep,46182,Yes,Yes,Yes,Yes,46197,Complete,624,1215987144
Deol,Sheft,Stanley,NJ,Flemington,8822,4,No,"ABO, NPI but not ENT Health",aboto_nppes_agree_enthealth_missing,Yes,(908) 788-9131,General,46182,Yes,No-retired or no longer practicing medicine,Not applicable,NA,NA,Complete,625,1285662072
Deol,Shoss,Stanford,TX,Sugar Land,77479,1,No,"ABO, NPI but not ENT Health",aboto_nppes_agree_enthealth_missing,Yes,(281) 649-7200,General,46182,Yes,No-retired or no longer practicing medicine,Not applicable,NA,NA,Complete,626,1972587129
Deol,McEvoy,Timothy,TX,San Antonio,78258,1,No,"ABO, NPI, ENT Health",aboto_enthealth_agree_nppes_disagree,Yes,210.890.5444,Pediatrics,46182,Yes,Yes,Yes,Yes,46275,Complete,627,1487857660
Deol,Vaidya,Abhay,CA,Westlake Village,91361,1,No,"ABO, NPI, ENT Health",all_three_agree,Yes,(805) 379-9646,General,46182,Yes,No-not specified why,NA,NA,NA,Complete,628,1639186075
Deol,Rose,James,VT,Montpelier,5602,4,No,"ABO, NPI but not ENT Health",aboto_nppes_agree_enthealth_missing,Yes,(802) 225-7025,General,46182,Yes,Yes,Yes,Yes,46262,Complete,629,1497778112
Deol,Moffitt,Bayard,FL,Palm Beach Gardens,33410,1,No,"ABO, NPI but not ENT Health",aboto_nppes_agree_enthealth_missing,No,NA,NA,46182,NA,NA,NA,NA,NA,Complete,630,1194754473
Deol,Jain,Kunal,TX,Houston,77030,1,No,"ABO, NPI, ENT Health",all_three_agree,Yes,(713) 486-5000,Head and Neck Cancer,46182,Yes,Yes,Yes,Yes,46218,Complete,631,1033344387
Deol,Fry,Terry,SC,Georgetown,29440,5,No,"ABO, NPI but not ENT Health",aboto_nppes_agree_enthealth_missing,Yes,843-546-7272,General,46182,No,NA,NA,NA,NA,Complete,632,1104873017
Deol,Baumgartner,Brian,CA,Placerville,95667,4,No,"ABO, NPI but not ENT Health",aboto_nppes_disagree_enthealth_missing,Yes,5303442000,Sleep,46182,Yes,Yes,Yes,Yes,46218,Complete,633,1033181706
Deol,Bartels,Jeffrey,MT,Kalispell,59901,4,No,"ABO, NPI but not ENT Health",aboto_nppes_agree_enthealth_missing,Yes,(406) 752-8330,General,46182,Yes,No-retired or no longer practicing medicine,Not applicable,"Not applicable, no appointment offered with anyone in practice",NA,Complete,634,1700837523
Deol,Mount,Mark,IL,Quincy,62301,4,No,"ABO, NPI, ENT Health",all_three_agree,Yes,217 214 3844,General,46182,No,Yes,Yes,Yes,46224,Complete,635,1811950264
Deol,Gokhale,Anil,OH,Lancaster,43130,4,No,"ABO, NPI, ENT Health",all_three_agree,Yes,(740) 687-5445,General,46185,Yes,Yes,Yes,Yes,46190,Complete,636,1740353879
Deol,Rosen,Elizabeth,CA,Union City,94587,1,No,"ABO, NPI, ENT Health",all_three_agree,Yes,510-675-4241,General,46189,Yes,Yes,Yes,Yes,46191,Complete,637,1376615195
Deol,Ehmer,Dale,TX,Frisco,75035,1,No,"ABO, NPI but not ENT Health",aboto_nppes_agree_enthealth_missing,Yes,(972) 731-7654,General,46182,Yes,Yes,Yes,Yes,46204,Complete,638,1710030473
Deol,Prendergast,Mark,NC,Statesville,28677,4,No,"ABO, NPI but not ENT Health",aboto_nppes_agree_enthealth_missing,Yes,704-873-5224,General,46182,Yes,No-retired or no longer practicing medicine,Not applicable,No-but appointment offered with different physician,46184,Complete,639,1255322681
Deol,Stein,Andrew,IL,Chicago,60611,1,No,"ABO, NPI, ENT Health",all_three_agree,Yes,3126958182,Laryngology,46182,Yes,Yes,Yes,Yes,46241,Complete,640,1922492164
Deol,Tuominen,Terrence,WI,Ashland,54806,7,No,"ABO, NPI but not ENT Health",aboto_nppes_agree_enthealth_missing,Yes,7156855500,General,46182,Yes,No-retired or no longer practicing medicine,Not applicable,"Not applicable, no appointment offered with anyone in practice",NA,Complete,641,1275694648
Deol,Thomson,David,GA,Barnesville,30204,7,No,"ABO, NPI, ENT Health",all_three_agree,Yes,770-872-2321,General,46182,Yes,Yes,Yes,Yes,46210,Complete,642,1538148499
Deol,Hinrichs,Brad,CA,Palo Alto,94301,1,No,"ABO, NPI, ENT Health",all_three_agree,Yes,6508532952,General,46182,Yes,Yes,Yes,Yes,46217,Complete,643,1841202033
Deol,DuBose,Daniel,CA,Sonora,95370,4,No,"ABO, NPI, ENT Health",aboto_enthealth_agree_nppes_disagree,Yes,209-536-3680,General,46182,Yes,Yes,Yes,Yes,46183,Complete,644,1164437471
Deol,Alexander,Ronda,NY,Bronx,10467,1,No,"ABO, NPI, ENT Health",all_three_agree,Yes,718-920-4646,Laryngology,46188,Yes,Yes,Yes,Yes,46238,Complete,645,1679761886
Deol,Franzese,Christine,MO,Columbia,65201,1,No,"ABO, NPI, ENT Health",all_three_agree,Yes,5738173000,General,46182,Yes,Yes,Yes,Yes,46203,Complete,646,1932171352
Deol,Connely,Thomas,NE,Kearney,68845,4,No,"ABO, NPI, ENT Health",all_three_agree,Yes,308-865-2277,General,46182,Yes,No-changed practices,Not applicable,NA,NA,Complete,647,1669462305
Deol,Hollenkamp,Nicholas,IN,Columbus,47201,1,No,"ABO, NPI, ENT Health",all_three_agree,Yes,812-376-3071,General,46188,Yes,Yes,Yes,Yes,46253,Complete,648,1891792149
Deol,Chen,Eunice,NH,Lebanon,3756,4,No,"ABO, NPI, ENT Health",aboto_nppes_agree_enthealth_disagree,Yes,603-650-8123,Pediatrics,46188,Yes,Yes,Yes,"Not applicable, no appointment offered with anyone in practice",NA,Complete,649,1306877725
Deol,Pearson,Robert,UT,Cedar City,84720,4,No,"ABO, NPI, ENT Health",all_three_agree,Yes,435-867-8719,Sleep,46182,Yes,Yes,Yes,Yes,46204,Complete,650,1295793834
Deol,Gibbons,Mark,TX,Paris,75460,4,No,"ABO, NPI, ENT Health",all_three_agree,Yes,903,General,46182,Yes,Yes,Yes,Yes,46195,Complete,651,1952484784
Deol,Zollinger,William,OK,Muskogee,74401,4,No,"ABO, NPI but not ENT Health",aboto_nppes_agree_enthealth_missing,No,(918) 683-3261,NA,46182,NA,No-retired or no longer practicing medicine,NA,NA,NA,Complete,652,1962424085
Deol,Litman,David,MD,Cumberland,21502,4,No,"ABO, NPI, ENT Health",all_three_agree,Yes,301-723-6476,General,46182,Yes,Yes,Yes,Yes,NA,Unverified,653,1982606935
Deol,Culviner,William,CT,Willimantic,6226,4,No,"ABO, NPI, ENT Health",all_three_agree,Yes,(860) 442-0407,General,46188,No,NA,NA,NA,NA,Complete,654,1558312074
Deol,Pernas,Francisco,FL,Miami,33196,1,No,"ABO, NPI but not ENT Health",aboto_nppes_agree_enthealth_missing,Yes,305-595-6200,General,46188,Yes,Yes,Yes,Yes,46197,Complete,655,1932309754
Deol,Kupferman,Michael,PA,Hershey,17033,1,No,"ABO, NPI but not ENT Health",aboto_nppes_agree_enthealth_missing,No,NA,NA,NA,NA,No-retired or no longer practicing medicine,NA,NA,NA,Complete,656,1902833452
Deol,Venkatesan,Naren,TX,Dallas,75246,1,No,"ABO, NPI, ENT Health",aboto_enthealth_agree_nppes_disagree,Yes,469-800-7700,Laryngology,46182,Yes,Yes,Yes,Yes,46230,Complete,657,1346484318
Deol,Baugh,Tiffany,KY,Hopkinsville,42240,4,No,"ABO, NPI but not ENT Health",aboto_nppes_agree_enthealth_missing,Yes,812-523-5808,General,46182,No,NA,NA,NA,NA,Unverified,658,1023456936
Deol,Matt,Bruce,IN,Indianapolis,46202,1,No,"ABO, NPI, ENT Health",aboto_nppes_agree_enthealth_disagree,Yes,(317) 944-6467,Pediatrics,46188,Yes,Yes,Yes,Yes,46217,Complete,659,1013941558
Deol,McGath,John,OK,Duncan,73533,4,No,"ABO, NPI but not ENT Health",aboto_nppes_agree_enthealth_missing,Yes,(580) 252-0100,General,46188,No,Yes,Yes,Yes,46237,Complete,660,1699721977
Deol,Kreicher,Kathryn,CA,Marina del Rey,90292,1,No,"ABO, NPI, ENT Health",all_three_agree,Yes,310-423-1220,General,46189,Yes,Yes,Yes,Yes,46231,Complete,661,1407387822
Deol,Agbetoba,Abib,TX,Bellaire,77401,1,No,"ABO, NPI, ENT Health",all_three_agree,Yes,713-791-9363,Rhinology,46183,Yes,Yes,Yes,Yes,46238,Complete,662,1164656633
Deol,Rusten,Mark,MO,Rolla,65401,4,Yes,"ABO, NPI, ENT Health",all_three_agree,Yes,5733645719,General,46183,Yes,Yes,Yes,Yes,46204,Complete,663,1912930777
Deol,Youkilis,Robert,IN,Carmel,46032,1,No,"ABO, NPI, ENT Health",all_three_agree,Yes,(317) 844-5656,General,46183,Yes,Yes,Yes,Yes,46212,Complete,664,1508814740
Deol,Beasley,Charles,NC,Kinston,28501,4,No,"ABO, NPI but not ENT Health",aboto_nppes_agree_enthealth_missing,Yes,(252) 523-0687,General,46183,Yes,No-retired or no longer practicing medicine,Not applicable,"Not applicable, no appointment offered with anyone in practice",NA,Complete,665,1184794646
Deol,Mock,Jeremy,PA,Danville,17822,7,No,"ABO, NPI, ENT Health",aboto_enthealth_agree_nppes_disagree,Yes,800-275-6401,General,46183,No,NA,NA,NA,NA,Unverified,666,1063657310
Deol,Bohannon,Isaac,WA,Bellevue,98004,1,No,"ABO, NPI but not ENT Health",aboto_nppes_agree_enthealth_missing,Yes,425-502-3770,Head and Neck Cancer,46183,Yes,Yes,Yes,Yes,46216,Complete,667,1497964720
Deol,Brennan,Tara,NM,Albuquerque,87131,1,No,"ABO, NPI but not ENT Health",aboto_nppes_disagree_enthealth_missing,Yes,505-272-2111,Facial Plastics,46183,Yes,No-practice is full but physician does still see established patients,Not applicable,"Not applicable, no appointment offered with anyone in practice",NA,Complete,668,1841432473
Deol,Potts,Jerry,AR,Pine Bluff,71603,4,No,"ABO, NPI but not ENT Health",aboto_nppes_agree_enthealth_missing,Yes,(870) 535-5719,General,46183,Yes,No-retired or no longer practicing medicine,Not applicable,"Not applicable, no appointment offered with anyone in practice",NA,Complete,669,1447226477
Deol,Helton,William,KY,Prestonsburg,41653,8,Yes,"ABO, NPI but not ENT Health",aboto_nppes_agree_enthealth_missing,Yes,606-886-2712,General,46183,Yes,Yes,Yes,Yes,46210,Complete,670,1174786115
Deol,Chase,Robert,CA,Placerville,95667,4,No,"ABO, NPI, ENT Health",all_three_agree,Yes,530-344-2010,General,46183,Yes,Yes,Yes,Yes,46197,Complete,671,1487757779
Deol,Triana,"Rudolph,",KY,Mayfield,42066,4,No,"ABO, NPI but not ENT Health",aboto_nppes_disagree_enthealth_missing,Yes,270-251-4080,Facial Plastics,46183,Yes,No-changed practices,Not applicable,"Not applicable, no appointment offered with anyone in practice",NA,Complete,672,1811959661
Deol,Greene,Joseph,PA,Danville,17822,7,No,"ABO, NPI, ENT Health",all_three_agree,Yes,800-275-6401,General,46183,No,NA,NA,NA,NA,Complete,673,1235108291
Deol,Hosea,Robert,NC,Kinston,28501,4,No,"ABO, NPI but not ENT Health",aboto_nppes_agree_enthealth_missing,Yes,(252) 523-0687,General,46183,Yes,No-retired or no longer practicing medicine,Not applicable,"Not applicable, no appointment offered with anyone in practice",NA,Complete,674,1083784557
Deol,Ortega,John,IL,Elmhurst,60126,1,No,"ABO, NPI but not ENT Health",aboto_nppes_disagree_enthealth_missing,Yes,331-221-9004,General,46183,Yes,Yes,Yes,Yes,46189,Complete,675,1740231810
Deol,Plautz,Michael,VA,Fishersville,22939,1,No,"ABO, NPI, ENT Health",all_three_agree,NA,540-221-7010,General,46183,Yes,Yes,Yes,Yes,46232,Complete,676,1932173408
Deol,Chung,Sei,TX,Dallas,75390,1,No,"ABO, NPI but not ENT Health",aboto_nppes_agree_enthealth_missing,Yes,214-645-8898,Rhinology,46183,Yes,Yes,Yes,Yes,46275,Complete,677,1972038255
Deol,Rhee,John,WI,Milwaukee,53226,1,No,"ABO, NPI, ENT Health",all_three_agree,Yes,414-955-1050,Facial Plastics,46183,Yes,Yes,Yes,Yes,46266,Complete,678,1497708143
Deol,Hjelm,Nikolaus,FL,Miami,33136,1,No,"ABO, NPI but not ENT Health",aboto_nppes_disagree_enthealth_missing,Yes,856-435-9100,Facial Plastics,46183,Yes,Yes,Yes,Yes,46185,Complete,679,1942610761
Deol,Robison,Jacob,ID,Boise,83712,1,No,"ABO, NPI, ENT Health",aboto_nppes_agree_enthealth_disagree,Yes,208-381-8050,Pediatrics,46183,Yes,Yes,Yes,Yes,46211,Complete,680,1255596771
Deol,Parker,Charles,IA,Dubuque,52001,1,No,"ABO, NPI but not ENT Health",aboto_nppes_agree_enthealth_missing,Yes,563-584-3475,General,46183,Yes,Yes,Yes,Yes,46204,Complete,681,1063738342
Deol,Falk,Stephen,NY,Rushville,14544,6,No,"ABO, NPI but not ENT Health",aboto_nppes_agree_enthealth_missing,No,(585) 554-5444,NA,46188,No,No-retired or no longer practicing medicine,Not applicable,"Not applicable, no appointment offered with anyone in practice",NA,Complete,682,1801922653
Deol,Blount,Angela,AL,Jasper,35501,4,No,"ABO, NPI, ENT Health",all_three_agree,Yes,205-933-9236,General,46183,Yes,Yes,Yes,Yes,46205,Complete,683,1811190804
Deol,Donat,Terry,IL,Sterling,61081,4,No,"ABO, NPI but not ENT Health",aboto_nppes_disagree_enthealth_missing,Yes,815-971-2000,Facial Plastics,46183,Yes,Yes,Yes,Yes,46196,Complete,684,1891760385
Deol,Horowitz,Jay,NJ,East Brunswick,8816,1,No,"ABO, NPI, ENT Health",all_three_agree,Yes,732-613-0600,General,46183,Yes,Yes,Yes,Yes,46184,Complete,685,1255421673
Deol,Briggs,Deane,FL,Winter Haven,33881,1,No,"ABO, NPI but not ENT Health",aboto_nppes_agree_enthealth_missing,Yes,(863) 299-1251,General,46183,Yes,No-retired or no longer practicing medicine,Not applicable,No-but appointment offered with different physician,46189,Complete,686,1841218179
Deol,Funk,Gerry,OR,La Grande,97850,4,No,"ABO, NPI, ENT Health",all_three_agree,Yes,541-663-3100,General,46183,Yes,Yes,Yes,Yes,46237,Complete,687,1467443515
Deol,Falcone,Carl,NH,Concord,3301,4,No,"ABO, NPI but not ENT Health",aboto_nppes_disagree_enthealth_missing,Yes,(603) 789-9150,General,46183,Yes,No-retired or no longer practicing medicine,Not applicable,"Not applicable, no appointment offered with anyone in practice",NA,Complete,688,1801954144
Deol,Hartemink,David,CO,Arvada,80003,1,No,"ABO, NPI but not ENT Health",aboto_nppes_agree_enthealth_missing,Yes,303-431-8881,General,46183,Yes,Yes,Yes,Yes,46203,Complete,689,1649354549
Deol,Podrazik,Eugene,WY,Casper,82604,1,No,"ABO, NPI, ENT Health",all_three_agree,Yes,307-577-4240,General,46183,Yes,No-retired or no longer practicing medicine,Not applicable,"Not applicable, no appointment offered with anyone in practice",NA,Complete,690,1265418834
Deol,Landman,Michael,CA,Tarzana,91356,1,No,"ABO, NPI but not ENT Health",aboto_nppes_agree_enthealth_missing,Yes,(818) 609-0600,Facial Plastics,NA,NA,No-retired or no longer practicing medicine,NA,NA,NA,Complete,691,1245237833
Deol,Spalla,Thomas,NJ,Camden,8103,1,No,"ABO, NPI, ENT Health",all_three_agree,Yes,856-342-3113,General,46183,Yes,No-not specified why,NA,NA,NA,Complete,692,1174732200
Deol,Jones,Myron,IL,Quincy,62301,4,No,"ABO, NPI but not ENT Health",aboto_nppes_agree_enthealth_missing,Yes,217 214 3844,General,46183,Yes,No-practice is full but physician does still see established patients,Not applicable,Yes,46205,Complete,693,1225106420
Deol,Kang,Robert,CA,Los Angeles,90095,1,No,"ABO, NPI, ENT Health",all_three_agree,Yes,310-206-6688,Facial Plastics,46183,Yes,Yes,Yes,Yes,46203,Complete,694,1316059348
Deol,Hodge,Kenneth,KY,Louisville,40220,1,No,"ABO, NPI but not ENT Health",aboto_nppes_agree_enthealth_missing,Yes,(502) 995-5525,Head and Neck Cancer,46183,Yes,Yes,Yes,Yes,46197,Complete,695,1750388286
Deol,Romanow,John,NH,Concord,3301,4,No,"ABO, NPI, ENT Health",all_three_agree,Yes,(603) 789-9150,General,46183,Yes,Yes,Yes,Yes,NA,Unverified,696,1295831626
Deol,Hanlon,Jennifer,FL,Miami,33156,1,No,"ABO, NPI, ENT Health",all_three_agree,Yes,786-386-2076,Facial Plastics,46183,Yes,Yes,Yes,Yes,46192,Complete,697,1891144911
Deol,Hayes,Margaret,NY,Norwich,13815,7,No,"ABO, NPI but not ENT Health",aboto_nppes_agree_enthealth_missing,Yes,(607) 337-4834,General,46183,No,No-not specified why,Not applicable,"Not applicable, no appointment offered with anyone in practice",NA,Complete,698,1821070715
Deol,Celmer,Andrew,TN,Murfreesboro,37129,1,No,"ABO, NPI but not ENT Health",aboto_nppes_agree_enthealth_missing,Yes,615-867-8110,Laryngology,46183,No,Yes,Yes,Yes,46195,Complete,699,1376571604
Deol,Ahmad,Sidrah,MD,Salisbury,21804,1,No,"ABO, NPI, ENT Health",aboto_nppes_agree_enthealth_disagree,Yes,631-444-8410,Pediatrics,46183,Yes,No-changed practices,Not applicable,No-but appointment offered with different physician,46233,Complete,700,1083935779
Deol,DeCicco,Michael,NY,Geneva,14456,4,No,"ABO, NPI but not ENT Health",aboto_nppes_disagree_enthealth_missing,Yes,(315) 789-2153,General,46183,Yes,Yes,Yes,Yes,46258,Complete,701,1255355202
Deol,Yun,James,OR,Roseburg,97471,4,No,"ABO, NPI, ENT Health",all_three_agree,Yes,541-677-3400,General,46183,Yes,Yes,Yes,No-but appointment offered with APP,46185,Complete,702,1144273566
Deol,Mellor,Robert,UT,Layton,84041,1,No,"ABO, NPI, ENT Health",all_three_agree,Yes,801-773-4840,General,46183,Yes,Yes,Yes,Yes,46204,Complete,703,1023094992
Deol,Ahmed,Jamal,WI,Marshfield,54449,4,No,"ABO, NPI, ENT Health",all_three_agree,Yes,715-387-5245,Head and Neck Cancer,46183,No,No-changed practices,Not applicable,"Not applicable, no appointment offered with anyone in practice",NA,Complete,704,1265877666
Deol,Cardoso,Bruno,CT,New Haven,6519,1,No,"ABO, NPI but not ENT Health",aboto_nppes_agree_enthealth_missing,Yes,(877) 925-3637,General,46183,Yes,No-practice is full but physician does still see established patients,Not applicable,"Not applicable, no appointment offered with anyone in practice",NA,Complete,705,1023496122
Deol,Jazwick,Lauren,NE,Columbus,68601,4,No,"ABO, NPI but not ENT Health",aboto_nppes_agree_enthealth_missing,Yes,402-562-4720,General,46183,Yes,Yes,Yes,Yes,46188,Complete,706,1124548631
Deol,Smith,Richard,VA,Danville,24541,4,No,"ABO, NPI but not ENT Health",aboto_nppes_agree_enthealth_missing,Yes,434-792-0830,General,46183,Yes,No-not specified why,Not applicable,"Not applicable, no appointment offered with anyone in practice",NA,Complete,707,1063484863
Deol,Levine,Toni,IL,Freeport,61032,4,No,"ABO, NPI but not ENT Health",aboto_nppes_agree_enthealth_missing,Yes,8155997770,General,46183,Yes,No-retired or no longer practicing medicine,Not applicable,"Not applicable, no appointment offered with anyone in practice",NA,Complete,708,1245300821
Deol,Millay,Donna,VT,Burlington,5401,1,No,"ABO, NPI but not ENT Health",aboto_nppes_agree_enthealth_missing,Yes,802-847-4537,General,46183,Yes,No-retired or no longer practicing medicine,Not applicable,"Not applicable, no appointment offered with anyone in practice",NA,Complete,709,1346275617
Deol,Sargent,David,TX,Sulphur Springs,75482,4,No,"ABO, NPI but not ENT Health",aboto_nppes_agree_enthealth_missing,Yes,(903) 885-6534,NA,46183,Yes,No-retired or no longer practicing medicine,Not applicable,"Not applicable, no appointment offered with anyone in practice",NA,Complete,710,1710973748
Deol,Meredith,Scott,NC,Raleigh,27607,1,No,"ABO, NPI but not ENT Health",aboto_nppes_agree_enthealth_missing,Yes,(919) 781-7070,Head and Neck Cancer,46183,Yes,No-retired or no longer practicing medicine,Not applicable,"Not applicable, no appointment offered with anyone in practice",NA,Complete,711,1801805080
Deol,Tamplen,Matthew,CA,Orinda,94563,1,No,"ABO, NPI but not ENT Health",aboto_nppes_agree_enthealth_missing,Yes,925 444 0824,Facial Plastics,46183,Yes,Yes,Yes,Yes,46328,Complete,712,1801148242
Deol,Powell,Angela,NY,Plattsburgh,12901,4,No,"ABO, NPI, ENT Health",all_three_agree,Yes,(518) 566-7930,NA,NA,NA,NA,NA,NA,NA,Incomplete,713,1215005699
Deol,Walker,James,LA,New Iberia,70560,4,No,"ABO, NPI but not ENT Health",aboto_nppes_agree_enthealth_missing,No,337-364-9681,General,46188,No,No-not specified why,Not applicable,"Not applicable, no appointment offered with anyone in practice",NA,Complete,714,1235271479
Deol,Gordon,Ronald,UT,Ogden,84403,1,No,"ABO, NPI but not ENT Health",aboto_nppes_agree_enthealth_missing,No,801-627-1363,NA,NA,No,No-not specified why,Not applicable,"Not applicable, no appointment offered with anyone in practice",NA,Complete,715,1619082799
Deol,Tucker,Byron,MS,New Albany,38652,7,No,"ABO, NPI, ENT Health",all_three_agree,Yes,(601) 703-9595,General,46183,Yes,Yes,Yes,Yes,46184,Complete,716,1235155979
Deol,White,Michelle,PA,Meadville,16335,4,Yes,"ABO, NPI but not ENT Health",aboto_nppes_agree_enthealth_missing,Yes,814-373-3070,General,46183,Yes,Yes,Yes,Yes,46231,Complete,717,1356879894
Deol,Lait,Marci,NC,Nags Head,27959,4,No,"ABO, NPI, ENT Health",all_three_agree,Yes,(252) 489-4682,General,46183,Yes,Yes,Yes,Yes,46212,Complete,718,1649258617
Deol,Collette,Robert,FL,Orange City,32763,1,No,"ABO, NPI, ENT Health",all_three_agree,Yes,(386) 775-4467,General,46183,Yes,Yes,Yes,Yes,46196,Complete,719,1659332732
Deol,Faden,Daniel,MA,Boston,2118,1,No,"ABO, NPI but not ENT Health",aboto_nppes_agree_enthealth_missing,Yes,617-573-3489,Head and Neck Cancer,46183,Yes,Yes,Not applicable,"Not applicable, no appointment offered with anyone in practice",NA,Complete,720,1366739153
Walsh,Davis,Thomas,WY,Gillette,82716,4,No,"ABO, NPI, ENT Health",nppes_enthealth_agree_aboto_disagree,Yes,(307) 686-7346,General,46174,Yes,Yes,Yes,Yes,46190,Complete,721,1336139120
Walsh,Nielsen,Erik,OH,Findlay,45840,4,No,"ABO, NPI but not ENT Health",aboto_nppes_agree_enthealth_missing,Yes,419-423-5492,General,46174,Yes,Yes,Yes,Yes,NA,Complete,722,1003803834
Walsh,Milien,Annesha,VA,Henrico,23233,1,No,"ABO, NPI, ENT Health",all_three_agree,Yes,(804) 484-3700,General,46174,Yes,Yes,Yes,Yes,46178,Complete,723,1003313578
Walsh,Schrage,Carly,NH,Laconia,3246,4,Yes,"ABO, NPI, ENT Health",all_three_agree,Yes,(603) 524-7402,General,46174,Yes,Yes,Yes,Yes,46211,Complete,724,1063778363
Walsh,Pierce,William,NY,Batavia,14020,4,No,"ABO, NPI but not ENT Health",aboto_nppes_agree_enthealth_missing,Yes,(585) 344-0007,General,46174,No,NA,NA,NA,NA,Complete,725,1831194554
Walsh,Sheppard,William,DE,Newark,19713,1,No,"ABO, NPI, ENT Health",all_three_agree,Yes,(302) 998-0300,General,46191,Yes,Yes,Yes,Yes,46211,Complete,726,1427092501
Walsh,Tawfik,Bernard,NY,Glen Cove,11542,1,No,"ABO, NPI but not ENT Health",aboto_nppes_disagree_enthealth_missing,Yes,(516) 671-0085,General,46174,Yes,No-retired or no longer practicing medicine,Not applicable,No-but appointment offered with different physician,46175,Complete,727,1245223015
Walsh,Krishnan,Geeta,PA,Bloomsburg,17815,4,No,"ABO, NPI but not ENT Health",aboto_nppes_agree_enthealth_missing,Yes,(570) 389-7911,General,46184,No,NA,NA,NA,NA,Complete,728,1306801451
Walsh,Georgopoulos,Rachel,PA,Philadelphia,19140,1,No,"ABO, NPI but not ENT Health",aboto_nppes_disagree_enthealth_missing,Yes,216-444-8950,Pediatrics,46174,Yes,Yes,Yes,Yes,46220,Complete,729,1760745442
Walsh,Marchiando,Albert,IL,Quincy,62301,4,No,"ABO, NPI but not ENT Health",aboto_nppes_agree_enthealth_missing,Yes,(217) 222-6550,General,46174,Yes,No-retired or no longer practicing medicine,Not applicable,No-but appointment offered with APP,46175,Complete,730,1932185329
Walsh,Freedman,Harvey,MN,Rochester,55905,1,No,"ABO, NPI but not ENT Health",aboto_nppes_agree_enthealth_missing,Yes,(507) 284-2511,General,46202,Yes,No-retired or no longer practicing medicine,Not applicable,"Not applicable, no appointment offered with anyone in practice",NA,Complete,731,1164431888
Walsh,Drake,Fred,IN,Terre Haute,47807,1,No,"ABO, NPI but not ENT Health",aboto_nppes_agree_enthealth_missing,Yes,(812) 242-3170,General,46174,Yes,No-retired or no longer practicing medicine,Not applicable,No-but appointment offered with different physician,46183,Complete,732,1124135967
Walsh,Brown-Wagner,Marie,NM,Shiprock,87420,7,No,"ABO, NPI but not ENT Health",aboto_nppes_agree_enthealth_missing,Yes,(505) 368-6401,General,46190,No,NA,NA,NA,NA,Complete,733,1134235385
Walsh,McDonnell,Matthew,OH,Medina,44256,4,No,"ABO, NPI, ENT Health",all_three_agree,Yes,(330) 723-6673,General,46174,No,NA,NA,NA,NA,Complete,734,1841291507
Walsh,Biteman,John,CA,Arcata,95521,4,No,"ABO, NPI but not ENT Health",aboto_nppes_agree_enthealth_missing,NA,707-822-7220,General,46174,Yes,No-retired or no longer practicing medicine,Not applicable,"Not applicable, no appointment offered with anyone in practice",NA,Complete,735,1366410763
Walsh,Patterson,Matthew,MN,Mora,55051,10,No,"ABO, NPI, ENT Health",nppes_enthealth_agree_aboto_disagree,NA,(320) 679-1313,Sleep,46174,Yes,Yes,Yes,Yes,46238,Complete,736,1457339996
Walsh,Zopf,David,WI,Madison,53792,1,No,"ABO, NPI, ENT Health",aboto_nppes_agree_enthealth_disagree,Yes,(608) 915-0470,Pediatrics,46174,Yes,Yes,Yes,Yes,46280,Complete,737,1346478633
Walsh,Phillips,David,IN,Jasper,47546,4,No,"ABO, NPI, ENT Health",all_three_agree,Yes,(812) 996-5575,General,46174,Yes,Yes,Yes,Yes,46204,Complete,738,1720425192
Walsh,Coursey,Donald,CA,Ukiah,95482,4,No,"ABO, NPI but not ENT Health",aboto_nppes_agree_enthealth_missing,Yes,(707) 462-8855,General,46174,No,NA,NA,NA,NA,Complete,739,1689770364
Walsh,Goldstein,Richard,NC,Henderson,27536,4,No,"ABO, NPI, ENT Health",all_three_agree,No,(252) 492-5600,General,46174,No,No-retired or no longer practicing medicine,NA,NA,NA,Complete,740,1255396198
Walsh,Enrique,Ronel,NC,Statesville,28677,4,No,"ABO, NPI but not ENT Health",aboto_nppes_agree_enthealth_missing,Yes,(704) 838-8255,General,46174,No,NA,NA,NA,NA,Complete,741,1881686434
Walsh,McIntee,Rae,IL,Quincy,62301,4,No,"ABO, NPI, ENT Health",all_three_agree,Yes,(217) 223-2984,General,46174,No,NA,NA,NA,NA,Complete,742,1144260639
Walsh,Battista,Robert,IL,Hinsdale,60521,1,No,"ABO, NPI, ENT Health",aboto_enthealth_agree_nppes_disagree,Yes,(630) 789-3110,Otology/neurotology,46191,Yes,Yes,Yes,Yes,46202,Complete,743,1770565947
Walsh,Dave,Sandeep,FL,Miami,33155,1,No,"ABO, NPI, ENT Health",aboto_enthealth_agree_nppes_disagree,Yes,(786) 624-3687,Pediatrics,46191,Yes,Yes,Yes,Yes,46205,Complete,744,1407072499
Walsh,Waters,Kurtis,MN,Baxter,56425,4,No,"ABO, NPI, ENT Health",all_three_agree,Yes,(218) 454-8888,Facial Plastics,46174,Yes,Yes,Yes,Yes,46185,Complete,745,1568440717
Walsh,Khan,Nayel,TX,San Antonio,78258,1,No,"ABO, NPI, ENT Health",all_three_agree,Yes,(210) 598-4300,Head and Neck Cancer,46191,Yes,Yes,Yes,Yes,46198,Complete,746,1437507167
Walsh,Mathur,Kevin,OH,Wooster,44691,4,No,"ABO, NPI, ENT Health",all_three_agree,Yes,(330) 264-9699,General,46174,Yes,Yes,Yes,Yes,46179,Complete,747,1598869216
Walsh,Hofmann,William,WI,Fort Atkinson,53538,4,No,"ABO, NPI, ENT Health",aboto_nppes_agree_enthealth_disagree,Yes,(920) 563-6667,General,46174,Yes,Yes,Yes,Yes,46181,Complete,748,1306844949
Walsh,Moreano,Edwin,NY,Jackson Heights,11372,1,No,"ABO, NPI but not ENT Health",aboto_nppes_disagree_enthealth_missing,Yes,(718) 478-2852,Facial Plastics,46174,Yes,Yes,Yes,Yes,46177,Complete,749,1568415172
Walsh,Funk,Etai,TX,Houston,77024,1,No,"ABO, NPI but not ENT Health",aboto_nppes_disagree_enthealth_missing,Yes,(713) 636-2757,Facial Plastics,46174,Yes,Yes,Yes,Yes,46188,Complete,750,1013193895
Walsh,Cohen,Randall,CA,Auburn,95603,4,No,"ABO, NPI, ENT Health",all_three_agree,Yes,(855) 421-5804,General,46174,Yes,Yes,Yes,Yes,46329,Complete,751,1760460414
Walsh,Agrawal,Amit,OH,Columbus,43210,1,No,"ABO, NPI, ENT Health",all_three_agree,Yes,(614) 293-8074,Head and Neck Cancer,46174,Yes,Yes,Yes,Yes,46204,Complete,752,1083648539
Walsh,Myssiorek,David,NY,New York,10016,1,No,"ABO, NPI, ENT Health",all_three_agree,Yes,(718) 590-1800,Head and Neck Cancer,46174,Yes,Yes,Yes,Yes,46227,Complete,753,1841361847
Walsh,Robey,Thomas,WI,Milwaukee,53226,1,No,"ABO, NPI, ENT Health",all_three_agree,Yes,(877) 607-5280,Pediatrics,46197,No,NA,NA,NA,NA,Complete,754,1407816119
Walsh,Bankaci,Murat,PA,Mount Pleasant,15666,4,No,"ABO, NPI but not ENT Health",aboto_nppes_agree_enthealth_missing,Yes,(724) 547-4575,General,46174,Yes,Yes,No,Yes,46184,Complete,755,1154301547
Walsh,Joshi,Arjun,DC,Washington,20037,1,No,"ABO, NPI, ENT Health",all_three_agree,Yes,(202) 741-3417,Head and Neck Cancer,46198,Yes,Yes,Yes,Yes,46211,Complete,756,1619101334
Walsh,Garvey,Christopher,WI,Hartford,53027,4,No,"ABO, NPI, ENT Health",all_three_agree,Yes,(262) 670-4000,General,46189,Yes,Yes,Yes,Yes,46219,Complete,757,1780679795
Walsh,Broberg,Todd,CA,San Diego,92120,1,No,"ABO, NPI but not ENT Health",aboto_nppes_agree_enthealth_missing,Yes,(833) 574-2273,General,46197,Yes,Yes,Yes,"Not applicable, no appointment offered with anyone in practice",NA,Complete,758,1174682777
Walsh,Jabbour,Noel,PA,Pittsburgh,15224,1,No,"ABO, NPI, ENT Health",aboto_enthealth_agree_nppes_disagree,Yes,(412) 692-5460,Pediatrics,46174,Yes,Yes,Yes,"Not applicable, no appointment offered with anyone in practice",NA,Complete,759,1679765788
Walsh,Dunlap,Roy,WI,Stevens Point,54481,4,No,"ABO, NPI but not ENT Health",aboto_nppes_agree_enthealth_missing,Yes,(715) 342-6673,General,46178,Yes,No-not specified why,Not applicable,No-but appointment offered with different physician,46209,Complete,760,1235289919
Walsh,Hadlock,Theresa,MA,Boston,2110,1,No,"ABO, NPI but not ENT Health",aboto_nppes_disagree_enthealth_missing,Yes,(617) 221-6909,Facial Plastics,46189,Yes,Yes,No,"Not applicable, no appointment offered with anyone in practice",NA,Complete,761,1578554549
Walsh,Bell,Patricia,AR,Harrison,72601,5,No,"ABO, NPI but not ENT Health",aboto_nppes_agree_enthealth_missing,Yes,(870) 741-4368,General,46174,Yes,No-not specified why,Not applicable,"Not applicable, no appointment offered with anyone in practice",NA,Complete,762,1619910551
Walsh,Mellema,Jonathan,MN,Willmar,56201,4,No,"ABO, NPI, ENT Health",all_three_agree,Yes,(320) 231-3277,General,46174,Yes,Yes,Yes,Yes,46216,Complete,763,1083680458
Walsh,Wise,Sean,NH,Lebanon,3756,4,No,"ABO, NPI, ENT Health",aboto_enthealth_agree_nppes_disagree,Yes,(603) 650-8123,Otology/neurotology,46174,Yes,Yes,Yes,Yes,46235,Complete,764,1528031614
Walsh,Puchalski,Robert,SC,Lugoff,29078,4,No,"ABO, NPI, ENT Health",aboto_enthealth_agree_nppes_disagree,Yes,(803) 573-2267,General,46178,Yes,Yes,Yes,NA,46181,Complete,765,1740215904
Walsh,Gary,Celeste,LA,New Orleans,70112,1,No,"ABO, NPI, ENT Health",aboto_enthealth_agree_nppes_disagree,Yes,(504) 533-8848,Facial Plastics,46178,Yes,Yes,Yes,Yes,46206,Complete,766,1447574470
Walsh,Kung,Brian,NV,Las Vegas,89120,1,No,"ABO, NPI but not ENT Health",aboto_nppes_disagree_enthealth_missing,Yes,(702) 735-7668,Otology/neurotology,46189,Yes,Yes,Yes,Yes,46274,Complete,767,1235352394
Walsh,Georgolios,Alexandros,MO,Poplar Bluff,63901,4,No,"ABO, NPI, ENT Health",all_three_agree,NA,(573) 778-2235,General,46178,Yes,Yes,Yes,Yes,46254,Complete,768,1053571794
Walsh,Berger,Joseph,GA,Thomasville,31792,4,No,"ABO, NPI but not ENT Health",aboto_nppes_agree_enthealth_missing,Yes,(229) 228-6355,General,46174,Yes,Yes,Yes,Yes,46205,Complete,769,1437251410
Walsh,Miller,Steven,UT,Salt Lake City,84102,1,No,"ABO, NPI but not ENT Health",aboto_nppes_agree_enthealth_missing,Yes,(801) 758-0428,General,46178,Yes,No-retired or no longer practicing medicine,Not applicable,No-but appointment offered with different physician,46178,Complete,770,1942313796
Walsh,Rameau,Anais,NY,New York,10022,1,No,"ABO, NPI, ENT Health",all_three_agree,Yes,(646) 962-7464,Laryngology,46189,Yes,Yes,Yes,Yes,46234,Complete,771,1144510439
Walsh,Bhanot,Sumeet,FL,Sarasota,34239,1,No,"ABO, NPI, ENT Health",aboto_enthealth_agree_nppes_disagree,Yes,(941) 966-3223,Facial Plastics,46178,Yes,Yes,No,"Not applicable, no appointment offered with anyone in practice",NA,Complete,772,1417967449
Walsh,Berger,Alan,PA,Norristown,19401,1,No,"ABO, NPI but not ENT Health",aboto_nppes_agree_enthealth_missing,Yes,(610) 279-7878,General,46189,No,NA,NA,NA,NA,Complete,773,1750465266
Walsh,Pippin,Gregory,MS,McComb,39648,4,No,"ABO, NPI, ENT Health",all_three_agree,Yes,(601) 684-1250,Facial Plastics,46178,Yes,Yes,Yes,Yes,46184,Complete,774,1700966090
Walsh,Conrad,Paul,IL,Quincy,62301,4,No,"ABO, NPI, ENT Health",all_three_agree,Yes,(217) 222-6550,General,46174,Yes,Yes,Yes,Yes,46203,Complete,775,1528028214
Walsh,Kushnick,Steven,NY,Brooklyn,11201,1,No,"ABO, NPI, ENT Health",all_three_agree,Yes,(718) 250-8520,Facial Plastics,46178,Yes,Yes,Yes,Yes,46197,Complete,776,1992754410
Walsh,Rizk,Habib,SC,Charleston,29425,1,No,"ABO, NPI, ENT Health",aboto_nppes_agree_enthealth_disagree,Yes,(843) 792-3531,Otology/neurotology,46178,Yes,Yes,Yes,"Not applicable, no appointment offered with anyone in practice",NA,Complete,777,1881959864
Walsh,Emani,Janaki,SC,Lugoff,29078,4,No,"ABO, NPI but not ENT Health",aboto_nppes_agree_enthealth_missing,Yes,(803) 969-0363,General,46198,Yes,Yes,Yes,Yes,46199,Complete,778,1841450962
Walsh,Lewis,Michael,TX,Tyler,75703,1,No,"ABO, NPI, ENT Health",all_three_agree,Yes,(903) 592-5601,General,46189,Yes,Yes,Yes,Yes,46190,Complete,779,1649269119
Walsh,Godfrey,Cameron,TX,Wichita Falls,76310,1,No,"ABO, NPI, ENT Health",aboto_enthealth_agree_nppes_disagree,NA,(940) 322-6953,General,46174,Yes,Yes,Yes,Yes,46195,Complete,780,1306824578
Walsh,Wu,Grace,CA,San Francisco,94118,1,No,"ABO, NPI but not ENT Health",aboto_nppes_disagree_enthealth_missing,Yes,(415) 626-4900,Facial Plastics,46174,Yes,Yes,Yes,Yes,46195,Complete,781,1427435700
Walsh,McCool,Ryan,VT,Windsor,5089,10,No,"ABO, NPI but not ENT Health",aboto_nppes_agree_enthealth_missing,Yes,(802) 674-6711,General,46184,Yes,No-changed practices,Not applicable,"Not applicable, no appointment offered with anyone in practice",NA,Complete,782,1154508638
Walsh,Hurbis,Charles,OR,Coos Bay,97420,4,No,"ABO, NPI, ENT Health",aboto_enthealth_agree_nppes_disagree,Yes,(541) 266-0900,General,46197,Yes,Yes,Yes,Yes,46217,Complete,783,1760542724
Walsh,Ruth,John,KY,Bowling Green,42101,1,No,"ABO, NPI but not ENT Health",aboto_nppes_agree_enthealth_missing,Yes,(270) 730-5344,General,46178,Yes,Yes,Yes,Yes,46182,Complete,784,1730125857
Walsh,Bienvenu,Harold,LA,New Iberia,70560,4,No,"ABO, NPI but not ENT Health",aboto_nppes_disagree_enthealth_missing,Yes,(337) 365-4156,General,46174,Yes,No-retired or no longer practicing medicine,Not applicable,No-but appointment offered with APP,46177,Complete,785,1497709307
Walsh,Ripp,Thomas,TX,Greenville,75401,4,No,"ABO, NPI but not ENT Health",aboto_nppes_agree_enthealth_missing,Yes,(903) 454-6481,General,46178,No,NA,NA,NA,NA,Complete,786,1770515017
Walsh,Jetmore,David,IN,Richmond,47374,4,No,"ABO, NPI but not ENT Health",aboto_nppes_agree_enthealth_missing,Yes,(765) 966-1600,General,46178,Yes,NA,NA,"Not applicable, no appointment offered with anyone in practice",NA,Complete,787,1215939467
Walsh,Parry,David,AZ,Tucson,85704,1,No,"ABO, NPI, ENT Health",aboto_enthealth_agree_nppes_disagree,Yes,(520) 296-8500,Pediatrics,46178,Yes,Yes,Yes,Yes,46213,Complete,788,1114990892
Walsh,Carwell,Mark,NH,Concord,3301,4,No,"ABO, NPI but not ENT Health",aboto_nppes_agree_enthealth_missing,Yes,(603) 224-2353,General,46178,No,NA,NA,NA,NA,Complete,789,1861462004
Walsh,Barkdull,Gregory,CA,Eureka,95501,4,No,"ABO, NPI, ENT Health",all_three_agree,Yes,(707) 444-8863,General,46198,Yes,Yes,Yes,"Not applicable, no appointment offered with anyone in practice",46219,Complete,790,1962418806
Walsh,Berry,James,MS,Tupelo,38801,4,No,"ABO, NPI, ENT Health",all_three_agree,Yes,(662) 844-6513,General,46175,Yes,Yes,Yes,Yes,46204,Complete,791,1679688113
Walsh,Maslov,Marc,PA,Seneca,16346,10,No,"ABO, NPI but not ENT Health",aboto_nppes_agree_enthealth_missing,Yes,(814) 677-6381,General,46176,No,NA,NA,NA,NA,Complete,792,1013977529
Walsh,Talei,Benjamin,CA,Beverly Hills,90212,1,No,"ABO, NPI but not ENT Health",aboto_nppes_disagree_enthealth_missing,Yes,(310) 288-0641,Facial Plastics,46178,Yes,Yes,Yes,Yes,45854,Complete,793,1144472879
Walsh,Kim,Duck,NY,Plattsburgh,12901,4,No,"ABO, NPI, ENT Health",aboto_nppes_agree_enthealth_disagree,Yes,(518) 563-8050,General,46197,Yes,No-retired or no longer practicing medicine,Not applicable,No-but appointment offered with different physician,46402,Complete,794,1386858694
Walsh,Klinginsmith,Michael,NE,Kearney,68845,4,No,"ABO, NPI, ENT Health",all_three_agree,Yes,(308) 865-2277,General,46189,Yes,Yes,Yes,Yes,46234,Complete,795,1700327954
Walsh,Jordan,James,MS,Jackson,39216,1,No,"ABO, NPI, ENT Health",all_three_agree,Yes,(888) 815-2005,Facial Plastics,46178,Yes,Yes,Yes,Yes,46213,Complete,796,1811968746
Walsh,Lee,Edward,CA,Los Altos,94022,1,No,"ABO, NPI, ENT Health",all_three_agree,Yes,(650) 967-1770,Facial Plastics,46178,Yes,Yes,Yes,Yes,46181,Complete,797,1326044595
Walsh,Regehr,Randall,KS,Wichita,67206,1,No,"ABO, NPI, ENT Health",all_three_agree,Yes,(316) 274-4680,General,46178,Yes,Yes,Yes,Yes,46184,Complete,798,1215972724
Walsh,Anwar,Abbas,CA,Santa Monica,90404,1,No,"ABO, NPI but not ENT Health",aboto_nppes_agree_enthealth_missing,Yes,(310) 829-7792,General,46189,No,NA,NA,NA,NA,Complete,799,1912267691
Walsh,Scher,Daniel,NJ,Wayne,7470,1,No,"ABO, NPI, ENT Health",all_three_agree,Yes,(973) 633-0808,General,46176,Yes,Yes,Yes,Yes,46178,Complete,800,1912946583
Walsh,Gupta,Nikita,KY,Lexington,40536,1,No,"ABO, NPI, ENT Health",all_three_agree,Yes,(859) 257-5405,Facial Plastics,46198,Yes,Yes,Yes,"Not applicable, no appointment offered with anyone in practice",NA,Complete,801,1356633150
Walsh,Lee,Daniel,IA,Mason City,50401,4,Yes,"ABO, NPI, ENT Health",all_three_agree,Yes,(641) 494-5200,General,46176,Yes,Yes,Yes,Yes,46202,Complete,802,1336599679
Walsh,Edison,John,CA,Ventura,93003,1,No,"ABO, NPI but not ENT Health",aboto_nppes_agree_enthealth_missing,Yes,(805) 648-3081,General,46176,Yes,No-not specified why,Not applicable,No-but appointment offered with different physician,46191,Complete,803,1134116643
Walsh,Bruce,David,IL,Sterling,61081,4,No,"ABO, NPI but not ENT Health",aboto_nppes_disagree_enthealth_missing,Yes,(815) 625-4790,General,46178,Yes,No-not specified why,Not applicable,No-but appointment offered with different physician,46255,Complete,804,1003998550
Walsh,Redd,Elizabeth,NY,Cooperstown,13326,10,No,"ABO, NPI, ENT Health",all_three_agree,Yes,(607) 547-3279,Otology/neurotology,46176,Yes,Yes,Yes,Yes,NA,Complete,805,1760446116
Walsh,Rowley,Nicholas,NM,Clovis,88101,4,No,"ABO, NPI but not ENT Health",aboto_nppes_agree_enthealth_missing,Yes,(505) 762-3385,General,46176,NA,NA,NA,NA,NA,Complete,806,1528040268
Walsh,Fraley,Patrick,AR,Conway,72034,1,No,"ABO, NPI, ENT Health",all_three_agree,Yes,(501) 932-7600,General,46176,Yes,Yes,Yes,Yes,46230,Complete,807,1376623165
Walsh,Kuo,Timothy,TN,Winchester,37398,4,No,"ABO, NPI, ENT Health",all_three_agree,Yes,(931) 962-0374,Facial Plastics,46176,Yes,Yes,Yes,Yes,46183,Complete,808,1033101878
Walsh,Kim,Michael,CA,Los Alamitos,90720,1,No,"ABO, NPI, ENT Health",all_three_agree,Yes,(562) 430-6065,Facial Plastics,46184,Yes,Yes,Yes,Yes,46199,Complete,809,1437198678
Walsh,Brown,Jimmy,FL,Gainesville,32610,1,No,"ABO, NPI but not ENT Health",aboto_nppes_agree_enthealth_missing,Yes,(352) 265-9465,Facial Plastics,46188,Yes,Yes,Yes,No-but appointment offered with different physician,46252,Complete,810,1508974395
Walsh,Remington,William,IA,Decorah,52101,7,No,"ABO, NPI, ENT Health",all_three_agree,Yes,(563) 382-2911,General,46176,Yes,Yes,Yes,Yes,46253,Complete,811,1730183104
Walsh,Been,Mark,IL,Geneva,60134,1,Yes,"ABO, NPI, ENT Health",all_three_agree,Yes,(630) 492-1226,Facial Plastics,46176,Yes,Yes,Yes,Yes,46253,Complete,812,1285808246
Walsh,Bergman,Kenneth,VA,Elkton,22827,2,No,"ABO, NPI but not ENT Health",aboto_nppes_agree_enthealth_missing,Yes,(571) 246-7223,General,46184,No,NA,NA,NA,NA,Complete,813,1659349447
Walsh,Shank,Eve,KS,El Dorado,67042,4,Yes,"ABO, NPI but not ENT Health",aboto_nppes_agree_enthealth_missing,Yes,(316) 321-8762,General,46178,No,NA,NA,NA,NA,Complete,814,1609951367
Walsh,Allphin,Allan,MO,Springfield,65804,1,No,"ABO, NPI, ENT Health",all_three_agree,Yes,(417) 820-5750,General,46176,Yes,No-retired or no longer practicing medicine,Not applicable,No-but appointment offered with different physician,46193,Complete,815,1538246723
Walsh,Bosley,Carl,MO,Poplar Bluff,63901,4,No,"ABO, NPI but not ENT Health",aboto_nppes_agree_enthealth_missing,Yes,(573) 785-5544,General,46176,No,NA,NA,NA,NA,Complete,816,1942312921
Walsh,Pruden,Samuel,KY,Lexington,40513,1,No,"ABO, NPI but not ENT Health",aboto_nppes_agree_enthealth_missing,Yes,(859) 296-7546,General,NA,No,No-not specified why,NA,NA,NA,Complete,817,1871593996
Walsh,Voglewede,Andrew,NC,Boone,28607,4,No,"ABO, NPI, ENT Health",all_three_agree,Yes,(828) 264-4545,General,46176,Yes,Yes,Yes,Yes,46183,Complete,818,1699905315
Walsh,Green,Steven,CT,Willimantic,6226,4,No,"ABO, NPI, ENT Health",all_three_agree,Yes,(860) 928-7330,General,46176,Yes,Yes,Yes,Yes,46183,Complete,819,1942236989
Walsh,Little,Ryan,NH,Lebanon,3756,4,No,"ABO, NPI, ENT Health",all_three_agree,Yes,(603) 650-8123,Rhinology,46197,Yes,Yes,Yes,Yes,46223,Complete,820,1679990808
Walsh,Spoden,James,GA,Demorest,30535,10,No,"ABO, NPI but not ENT Health",aboto_nppes_agree_enthealth_missing,Yes,(706) 754-2161,General,46176,Yes,No-retired or no longer practicing medicine,NA,NA,NA,Complete,821,1679503833
Walsh,Ryder,Christopher,VT,Springfield,5156,7,No,"ABO, NPI, ENT Health",all_three_agree,Yes,(802) 886-1775,General,46176,Yes,Yes,Yes,Yes,46217,Complete,822,1063436921
Walsh,Nosanov,Michael,OH,Bryan,43506,7,No,"ABO, NPI, ENT Health",all_three_agree,Yes,(419) 633-7389,General,46184,Yes,No-not specified why,Not applicable,"Not applicable, no appointment offered with anyone in practice",NA,Complete,823,1154385805
Walsh,Robertson,Thomas,VA,Richmond,23236,1,No,"ABO, NPI, ENT Health",all_three_agree,Yes,(804) 484-3700,General,46176,Yes,Yes,Yes,Yes,46188,Complete,824,1699743773
Walsh,Ruegemer,Joseph,WI,Saint Croix Falls,54024,10,No,"ABO, NPI but not ENT Health",aboto_nppes_agree_enthealth_missing,Yes,(715) 483-3221,General,46176,Yes,No-not specified why,Not applicable,"Not applicable, no appointment offered with anyone in practice",NA,Complete,825,1609856012
Walsh,Marmol,Luis,FL,Port Charlotte,33952,1,No,"ABO, NPI, ENT Health",all_three_agree,Yes,(941) 235-1901,General,46184,Yes,Yes,Yes,Yes,46260,Complete,826,1063442606
Walsh,Singleton,Marvin,MO,Seneca,64865,10,No,"ABO, NPI but not ENT Health",aboto_nppes_agree_enthealth_missing,Yes,(417) 781-6880,General,46176,NA,NA,NA,NA,NA,Complete,827,1972681880
Walsh,DeTar,Thomas,ID,Post Falls,83854,1,No,"ABO, NPI, ENT Health",all_three_agree,Yes,(208) 777-1320,General,46176,Yes,Yes,Yes,Yes,46217,Complete,828,1548265028
Walsh,Oliverio,Anthony,PA,Uniontown,15401,4,No,"ABO, NPI but not ENT Health",aboto_nppes_agree_enthealth_missing,Yes,(724) 439-1060,General,46178,Yes,Yes,Yes,Yes,46188,Complete,829,1770691875
Walsh,Campanelli,Joseph,CA,Redding,96001,1,No,"ABO, NPI but not ENT Health",aboto_nppes_agree_enthealth_missing,Yes,(530) 242-3580,General,46184,Yes,Yes,Yes,Yes,46307,Complete,830,1487690749
Walsh,Kim,Luke,NJ,Voorhees,8043,1,No,"ABO, NPI but not ENT Health",aboto_nppes_agree_enthealth_missing,Yes,(856) 772-1617,General,46176,Yes,Yes,Yes,Yes,46199,Complete,831,1396158069
Walsh,Lai,Amy,IN,Bluffton,46714,4,No,"ABO, NPI, ENT Health",all_three_agree,Yes,(260) 827-4368,General,46176,Yes,No-retired or no longer practicing medicine,Not applicable,"Not applicable, no appointment offered with anyone in practice",NA,Complete,832,1679565501
Walsh,Zhang,Qi,CA,Ukiah,95482,4,No,"ABO, NPI but not ENT Health",aboto_nppes_agree_enthealth_missing,Yes,(707) 462-8855,General,46184,No,NA,NA,NA,NA,Complete,833,1194085324
Walsh,Gossman,David,WI,Marinette,54143,4,No,"ABO, NPI, ENT Health",all_three_agree,Yes,(715) 735-3187,General,46176,Yes,Yes,Yes,Yes,46177,Complete,834,1508083692
Walsh,Chomchai,Joe,MI,Mount Pleasant,48858,4,No,"ABO, NPI but not ENT Health",aboto_nppes_disagree_enthealth_missing,Yes,(989) 772-6848,General,46178,Yes,Yes,Yes,NA,46415,Complete,835,1568423986
Walsh,Korver,Kurtis,IA,Orange City,51041,7,No,"ABO, NPI but not ENT Health",aboto_nppes_agree_enthealth_missing,Yes,(712) 707-9585,General,46178,No,No-not specified why,Not applicable,"Not applicable, no appointment offered with anyone in practice",NA,Complete,836,1356451421
Walsh,Riley,David,MN,Bemidji,56601,5,No,"ABO, NPI but not ENT Health",aboto_nppes_agree_enthealth_missing,Yes,(218) 751-5430,General,46178,Yes,No-not specified why,Not applicable,"Not applicable, no appointment offered with anyone in practice",NA,Complete,837,1649245838
Walsh,Ellsperman,Susan,IN,Evansville,47710,1,No,"ABO, NPI, ENT Health",aboto_enthealth_agree_nppes_disagree,Yes,(812) 425-2646,Otology/neurotology,46178,Yes,Yes,Yes,"Not applicable, no appointment offered with anyone in practice",NA,Complete,838,1760918080
Walsh,Thomason,Thomas,FL,Ocala,34471,1,No,"ABO, NPI, ENT Health",all_three_agree,Yes,(352) 732-5042,General,NA,NA,No-retired or no longer practicing medicine,Not applicable,"Not applicable, no appointment offered with anyone in practice",NA,Complete,839,1396895835
Walsh,Sandberg,Ronald,TN,Powell,37849,1,No,"ABO, NPI but not ENT Health",aboto_nppes_agree_enthealth_missing,Yes,(865) 521-8050,General,46178,Yes,No-not specified why,Not applicable,No-but appointment offered with different physician,46181,Complete,840,1184708455
na,Chen,Jenny,MA,Boston,2114,1,No,"ABO, NPI but no ENTHealth",aboto_nppes_disagree_enthealth_missing,Yes,(617) 573-3793,General,46205,Yes,No-changed practices,Not applicable,"Not applicable, no appointment offered with anyone in practice",NA,Complete,841,1265896534
na,Gorman,Mary,IL,Mattoon,61938,4,No,"ABO, NPI but no ENTHealth",aboto_nppes_agree_enthealth_missing,Yes,(217) 258-2409,General,46205,Yes,Yes,Yes,Yes,NA,Complete,842,1063636041
na,Cavallo,Dennis,CA,Auburn,95602,4,No,"ABO, NPI but no ENTHealth",aboto_nppes_agree_enthealth_missing,Yes,(530) 878-1804,General,46205,No,NA,NA,NA,NA,Complete,843,1730522376
na,Pransky,Seth,CA,San Diego,92123,1,No,"ABO, NPI but no ENTHealth",aboto_nppes_agree_enthealth_missing,Yes,(858) 625-0809,Pediatrics,46205,Yes,Yes,Yes,Yes,46211,Complete,844,1669543427
na,Marvel,Jeffrey,TN,Tullahoma,37388,4,No,"ABO, NPI but no ENTHealth",aboto_nppes_agree_enthealth_missing,Yes,(931) 563-1081,Facial Plastics,46205,Yes,No-retired or no longer practicing medicine,Not applicable,No-but appointment offered with different physician,46225,Complete,845,1740285063
na,MacDonald,Henry,NC,New Bern,28562,4,No,"ABO, NPI but no ENTHealth",aboto_nppes_agree_enthealth_missing,Yes,(252) 638-2515,General,46205,Yes,Yes,Yes,Yes,NA,Complete,846,1992744791
na,Boyer,Edward,PA,Hooversville,15936,10,No,"ABO, NPI but no ENTHealth",aboto_nppes_disagree_enthealth_missing,Yes,(281) 482-6330,General,46205,No,NA,NA,NA,NA,Complete,847,1720388648
na,Berman,Joel,TX,Webster,77598,1,No,"ABO, NPI but no ENTHealth",aboto_nppes_agree_enthealth_missing,Yes,(281) 332-4575,Head and Neck Cancer,46205,Yes,No-retired or no longer practicing medicine,Not applicable,No-but appointment offered with different physician,46237,Complete,848,1164593307
na,Rice,Reginald,CA,Placerville,95667,4,No,"ABO, NPI but no ENTHealth",aboto_nppes_disagree_enthealth_missing,Yes,(916) 269-9791,Facial Plastics,46205,Yes,Yes,Yes,Yes,NA,Complete,849,1710936976
na,Borovik,Harry,IL,Mattoon,61938,4,No,"ABO, NPI but no ENTHealth",aboto_nppes_agree_enthealth_missing,Yes,(217) 258-2409,General,NA,NA,NA,NA,NA,NA,Incomplete,850,1780767681
na,Pettit,Charles,CA,Sonoma,95476,4,No,"ABO, NPI but no ENTHealth",aboto_nppes_disagree_enthealth_missing,NA,NA,NA,NA,NA,NA,NA,NA,NA,Incomplete,851,1326183583
na,Goel,Naresh,IL,Danville,61832,4,No,"ABO, NPI but no ENTHealth",aboto_nppes_agree_enthealth_missing,NA,NA,NA,NA,NA,NA,NA,NA,NA,Incomplete,852,1780624320
na,Saman,Masoud,TX,Fort Worth,76104,1,No,"ABO, NPI but no ENTHealth",aboto_nppes_agree_enthealth_missing,NA,NA,NA,NA,NA,NA,NA,NA,NA,Incomplete,853,1831416932
na,Ritter,Beth,NY,Rochester,14618,1,No,"ABO, NPI but no ENTHealth",aboto_nppes_agree_enthealth_missing,NA,NA,NA,NA,NA,NA,NA,NA,NA,Incomplete,854,1669185120
na,Sweet,John,NY,Oneonta,13820,4,No,"ABO, NPI but no ENTHealth",aboto_nppes_agree_enthealth_missing,NA,NA,NA,NA,NA,NA,NA,NA,NA,Incomplete,855,1780751156
na,Boone,Brian,SC,Lugoff,29078,4,No,"ABO, NPI but no ENTHealth",aboto_nppes_agree_enthealth_missing,NA,NA,NA,NA,NA,NA,NA,NA,NA,Incomplete,856,1821309683
na,Bizon,John,MI,Battle Creek,49015,1,No,"ABO, NPI but no ENTHealth",aboto_nppes_agree_enthealth_missing,NA,NA,NA,NA,NA,NA,NA,NA,NA,Incomplete,857,1467401745
na,Stark,James,NH,Laconia,3246,4,No,"ABO, NPI but no ENTHealth",aboto_nppes_agree_enthealth_missing,NA,NA,NA,NA,NA,NA,NA,NA,NA,Incomplete,858,1356309561
na,Dwyer,Christopher,CA,San Francisco,94115,1,No,"ABO, NPI but no ENTHealth",aboto_nppes_agree_enthealth_missing,NA,NA,NA,NA,NA,NA,NA,NA,NA,Incomplete,859,1356993539
na,Lorenz,Robert,OH,Cleveland,44195,1,No,"ABO, NPI but no ENTHealth",aboto_nppes_agree_enthealth_missing,NA,NA,NA,NA,NA,NA,NA,NA,NA,Incomplete,860,1124083639
na,Erwin,Stanton,WA,Tacoma,98405,1,No,"ABO, NPI but no ENTHealth",aboto_nppes_agree_enthealth_missing,NA,NA,NA,NA,NA,NA,NA,NA,NA,Incomplete,861,1134217102
na,Salata,James,VA,Winchester,22601,1,No,"ABO, NPI but no ENTHealth",aboto_nppes_agree_enthealth_missing,NA,NA,NA,NA,NA,NA,NA,NA,NA,Incomplete,862,1871553446
na,Oliver,Eric,VA,Roanoke,24016,1,No,"ABO, NPI but no ENTHealth",aboto_nppes_disagree_enthealth_missing,NA,NA,NA,NA,NA,NA,NA,NA,NA,Incomplete,863,1700955127
na,Park,Sunny,NJ,Camden,8103,1,No,"ABO, NPI but no ENTHealth",aboto_nppes_agree_enthealth_missing,NA,NA,NA,NA,NA,NA,NA,NA,NA,Incomplete,864,1730306085
na,Tieu,Coral,WA,Prosser,99350,7,No,"ABO, NPI but no ENTHealth",aboto_nppes_agree_enthealth_missing,NA,NA,NA,NA,NA,NA,NA,NA,NA,Incomplete,865,1649525585
na,Zender,Chad,OH,Cincinnati,45219,1,No,"ABO, NPI but no ENTHealth",aboto_nppes_agree_enthealth_missing,NA,NA,NA,NA,NA,NA,NA,NA,NA,Incomplete,866,1619904117
na,Sule,Sandeep,TX,Dallas,75251,1,No,"ABO, NPI but no ENTHealth",aboto_nppes_agree_enthealth_missing,NA,NA,NA,NA,NA,NA,NA,NA,NA,Incomplete,867,1972512325
na,Duncavage,James,TN,Nashville,37232,1,No,"ABO, NPI but no ENTHealth",aboto_nppes_agree_enthealth_missing,NA,NA,NA,NA,NA,NA,NA,NA,NA,Incomplete,868,1366534794
na,Mehta,Vikas,LA,Shreveport,71103,1,No,"ABO, NPI but no ENTHealth",aboto_nppes_agree_enthealth_missing,NA,NA,NA,NA,NA,NA,NA,NA,NA,Incomplete,869,1902097108
na,Agbayani,Romeo,CA,Greenbrae,94904,1,No,"ABO, NPI but no ENTHealth",aboto_nppes_agree_enthealth_missing,NA,NA,NA,NA,NA,NA,NA,NA,NA,Incomplete,870,1205909603
na,Boyce,Richard,LA,Covington,70433,1,No,"ABO, NPI but no ENTHealth",aboto_nppes_agree_enthealth_missing,NA,NA,NA,NA,NA,NA,NA,NA,NA,Incomplete,871,1386604494
na,Novelly,Norman,NM,Shiprock,87420,7,No,"ABO, NPI but no ENTHealth",aboto_nppes_disagree_enthealth_missing,NA,NA,NA,NA,NA,NA,NA,NA,NA,Incomplete,872,1457332272
na,Healy,David,MT,Kalispell,59901,4,No,"ABO, NPI but no ENTHealth",aboto_nppes_agree_enthealth_missing,NA,NA,NA,NA,NA,NA,NA,NA,NA,Incomplete,873,1043282700
na,Streeter,Michele,CO,Salida,81201,7,Yes,"ABO, NPI but no ENTHealth",aboto_nppes_agree_enthealth_missing,NA,NA,NA,NA,NA,NA,NA,NA,NA,Incomplete,874,1902069545
na,Summers,Craig,OK,Shawnee,74804,4,No,"ABO, NPI but no ENTHealth",aboto_nppes_agree_enthealth_missing,NA,NA,NA,NA,NA,NA,NA,NA,NA,Incomplete,875,1780623959
na,Frantz,Timothy,CA,Red Bluff,96080,4,No,"ABO, NPI but no ENTHealth",aboto_nppes_agree_enthealth_missing,NA,NA,NA,NA,NA,NA,NA,NA,NA,Incomplete,876,1467626945
na,Cater,Robert,MS,Meridian,39301,5,No,"ABO, NPI but no ENTHealth",aboto_nppes_agree_enthealth_missing,NA,NA,NA,NA,NA,NA,NA,NA,NA,Incomplete,877,1922031616
na,Spier,James,TX,El Paso,79902,1,No,"ABO, NPI but no ENTHealth",aboto_nppes_agree_enthealth_missing,NA,NA,NA,NA,NA,NA,NA,NA,NA,Incomplete,878,1871797316
na,Vitale,Valerie,NY,Brooklyn,11221,1,No,"ABO, NPI but no ENTHealth",aboto_nppes_agree_enthealth_missing,NA,NA,NA,NA,NA,NA,NA,NA,NA,Incomplete,879,1629039896
na,Patel,Vivek-Sagar,CA,Beverly Hills,90210,1,No,"ABO, NPI but no ENTHealth",aboto_nppes_agree_enthealth_missing,NA,NA,NA,NA,NA,NA,NA,NA,NA,Incomplete,880,1316236565
na,Snyder,Eric,MI,Traverse City,49684,1,No,"ABO, NPI but no ENTHealth",aboto_nppes_agree_enthealth_missing,NA,NA,NA,NA,NA,NA,NA,NA,NA,Incomplete,881,1598943292
na,Grady,Richard,NC,New Bern,28562,4,No,"ABO, NPI but no ENTHealth",aboto_nppes_agree_enthealth_missing,NA,NA,NA,NA,NA,NA,NA,NA,NA,Incomplete,882,1912945908
na,Garber,Stephen,AZ,Phoenix,85028,1,No,"ABO, NPI but no ENTHealth",aboto_nppes_agree_enthealth_missing,NA,NA,NA,NA,NA,NA,NA,NA,NA,Incomplete,883,1932534476
na,Stelle,Jacob,IL,Urbana,61801,1,No,"ABO, NPI but no ENTHealth",aboto_nppes_agree_enthealth_missing,NA,NA,NA,NA,NA,NA,NA,NA,NA,Incomplete,884,1154632040
na,Hudson,Harold,MS,Tupelo,38801,4,No,"ABO, NPI but no ENTHealth",aboto_nppes_agree_enthealth_missing,NA,NA,NA,NA,NA,NA,NA,NA,NA,Incomplete,885,1467709212
na,Moore,Jerry,CA,Fresno,93720,1,No,"ABO, NPI but no ENTHealth",aboto_nppes_agree_enthealth_missing,NA,NA,NA,NA,NA,NA,NA,NA,NA,Incomplete,886,1396705547
na,Dempewolf,Scott,OK,Ardmore,73401,4,No,"ABO, NPI but no ENTHealth",aboto_nppes_agree_enthealth_missing,NA,NA,NA,NA,NA,NA,NA,NA,NA,Incomplete,887,1437130762
na,Craven,Robert,WA,Port Angeles,98362,4,No,"ABO, NPI but no ENTHealth",aboto_nppes_agree_enthealth_missing,NA,NA,NA,NA,NA,NA,NA,NA,NA,Incomplete,888,1083616072
na,Harris,David,VA,Bluefield,24605,4,No,"ABO, NPI but no ENTHealth",aboto_nppes_agree_enthealth_missing,NA,NA,NA,NA,NA,NA,NA,NA,NA,Incomplete,889,1629266549
na,Casanova,Thomas,LA,Crowley,70526,4,No,"ABO, NPI but no ENTHealth",aboto_nppes_agree_enthealth_missing,NA,NA,NA,NA,NA,NA,NA,NA,NA,Incomplete,890,1740394121
na,Loughlin,Terrence,IL,Rockford,61107,1,No,"ABO, NPI but no ENTHealth",aboto_nppes_agree_enthealth_missing,NA,NA,NA,NA,NA,NA,NA,NA,NA,Incomplete,891,1124141825
na,Merritt,Walter,WY,Lander,82520,7,No,"ABO, NPI but no ENTHealth",aboto_nppes_agree_enthealth_missing,NA,NA,NA,NA,NA,NA,NA,NA,NA,Incomplete,892,1053394643
na,Haberman,Rex,FL,Gainesville,32610,1,No,"ABO, NPI but no ENTHealth",aboto_nppes_agree_enthealth_missing,NA,NA,NA,NA,NA,NA,NA,NA,NA,Incomplete,893,1194751859
na,Monte,Eric,AR,Hot Springs National Park,71901,1,No,"ABO, NPI but no ENTHealth",aboto_nppes_agree_enthealth_missing,NA,NA,NA,NA,NA,NA,NA,NA,NA,Incomplete,894,1649387622
na,Mitchell,Michael,NM,Roswell,88201,4,No,"ABO, NPI but no ENTHealth",aboto_nppes_agree_enthealth_missing,NA,NA,NA,NA,NA,NA,NA,NA,NA,Incomplete,895,1417042730
na,Zimmer,Wayne,PA,New Castle,16105,4,No,"ABO, NPI but no ENTHealth",aboto_nppes_agree_enthealth_missing,NA,NA,NA,NA,NA,NA,NA,NA,NA,Incomplete,896,1174634836
na,Sethi,Rosh,MI,Ann Arbor,48109,1,No,"ABO, NPI but no ENTHealth",aboto_nppes_agree_enthealth_missing,NA,NA,NA,NA,NA,NA,NA,NA,NA,Incomplete,897,1518370469
na,Bogdasarian,Ronald,MI,Ypsilanti,48197,1,No,"ABO, NPI but no ENTHealth",aboto_nppes_agree_enthealth_missing,NA,NA,NA,NA,NA,NA,NA,NA,NA,Incomplete,898,1326179904
na,Jacobsen,Hart,WY,Lander,82520,7,No,"ABO, NPI but no ENTHealth",aboto_nppes_agree_enthealth_missing,NA,NA,NA,NA,NA,NA,NA,NA,NA,Incomplete,899,1487980017
na,Potsic,William,PA,Philadelphia,19104,1,No,"ABO, NPI but no ENTHealth",aboto_nppes_agree_enthealth_missing,NA,NA,NA,NA,NA,NA,NA,NA,NA,Incomplete,900,1144310160
na,Westerkamm,John,TN,Springfield,37172,4,No,"ABO, NPI but no ENTHealth",aboto_nppes_agree_enthealth_missing,NA,NA,NA,NA,NA,NA,NA,NA,NA,Incomplete,901,1104812478
na,Deddens,Alan,NC,Statesville,28677,4,No,"ABO, NPI but no ENTHealth",aboto_nppes_agree_enthealth_missing,NA,NA,NA,NA,NA,NA,NA,NA,NA,Incomplete,902,1366434870
na,Magnussen,James,OH,Gallipolis,45631,4,No,"ABO, NPI but no ENTHealth",aboto_nppes_agree_enthealth_missing,NA,NA,NA,NA,NA,NA,NA,NA,NA,Incomplete,903,1497709018
na,Shepard,Peter,NM,Los Alamos,87544,4,No,"ABO, NPI but no ENTHealth",aboto_nppes_disagree_enthealth_missing,NA,NA,NA,NA,NA,NA,NA,NA,NA,Incomplete,904,1023051232
na,Ostby,Erin,VT,Burlington,5401,1,No,"ABO, NPI but no ENTHealth",aboto_nppes_agree_enthealth_missing,NA,NA,NA,NA,NA,NA,NA,NA,NA,Incomplete,905,1174935381
na,Tolhurst,Kirk,PA,Sayre,18840,4,No,"ABO, NPI but no ENTHealth",aboto_nppes_agree_enthealth_missing,NA,NA,NA,NA,NA,NA,NA,NA,NA,Incomplete,906,1669447447
na,Tian,Qing,CA,La Quinta,92253,1,No,"ABO, NPI but no ENTHealth",aboto_nppes_agree_enthealth_missing,NA,NA,NA,NA,NA,NA,NA,NA,NA,Incomplete,907,1700814886
na,McRae,Wilton,AL,Troy,36081,4,No,"ABO, NPI but no ENTHealth",aboto_nppes_agree_enthealth_missing,NA,NA,NA,NA,NA,NA,NA,NA,NA,Incomplete,908,1093706905
na,Metrailer,Aaron,AR,Little Rock,72205,1,No,"ABO, NPI but no ENTHealth",aboto_nppes_disagree_enthealth_missing,NA,NA,NA,NA,NA,NA,NA,NA,NA,Incomplete,909,1437383361
na,Bolinger,Matthew,GA,Columbus,31901,1,Yes,"ABO, NPI but no ENTHealth",aboto_nppes_agree_enthealth_missing,NA,NA,NA,NA,NA,NA,NA,NA,NA,Incomplete,910,1144405747
na,Proctor,Todd,MI,Auburn Hills,48326,1,No,"ABO, NPI but no ENTHealth",aboto_nppes_agree_enthealth_missing,NA,NA,NA,NA,NA,NA,NA,NA,NA,Incomplete,911,1316929250
na,Waters,Steven,IN,Richmond,47374,4,No,"ABO, NPI but no ENTHealth",aboto_nppes_agree_enthealth_missing,NA,NA,NA,NA,NA,NA,NA,NA,NA,Incomplete,912,1376553099
na,Perry,Byron,NC,Salisbury,28144,1,No,"ABO, NPI but no ENTHealth",aboto_nppes_agree_enthealth_missing,NA,NA,NA,NA,NA,NA,NA,NA,NA,Incomplete,913,1104880574
na,Filiberto,Frank,FL,Palm Bay,32905,1,No,"ABO, NPI but no ENTHealth",aboto_nppes_disagree_enthealth_missing,NA,NA,NA,NA,NA,NA,NA,NA,NA,Incomplete,914,1144215237
na,Barker,Monty,AR,Mountain Home,72653,4,No,"ABO, NPI but no ENTHealth",aboto_nppes_agree_enthealth_missing,NA,NA,NA,NA,NA,NA,NA,NA,NA,Incomplete,915,1114926482
na,Fisher,Cynthia,NY,Cooperstown,13326,10,No,"ABO, NPI but no ENTHealth",aboto_nppes_agree_enthealth_missing,NA,NA,NA,NA,NA,NA,NA,NA,NA,Incomplete,916,1467416867
na,Leavitt,Kathryn,OR,Clackamas,97015,1,No,"ABO, NPI but no ENTHealth",aboto_nppes_agree_enthealth_missing,NA,NA,NA,NA,NA,NA,NA,NA,NA,Incomplete,917,1467871277
na,Roberson,David,DE,Milford,19963,4,No,"ABO, NPI but no ENTHealth",aboto_nppes_agree_enthealth_missing,NA,NA,NA,NA,NA,NA,NA,NA,NA,Incomplete,918,1447221015
na,Davis,John,FL,Sanibel,33957,1,No,"ABO, NPI but no ENTHealth",aboto_nppes_disagree_enthealth_missing,NA,NA,NA,NA,NA,NA,NA,NA,NA,Incomplete,919,1346425410
na,Ruth,Harry,IL,Quincy,62301,4,No,"ABO, NPI but no ENTHealth",aboto_nppes_agree_enthealth_missing,NA,NA,NA,NA,NA,NA,NA,NA,NA,Incomplete,920,1124093943
na,Buckman,Christy,OR,Gresham,97030,1,No,"ABO, NPI but no ENTHealth",aboto_nppes_agree_enthealth_missing,NA,NA,NA,NA,NA,NA,NA,NA,NA,Incomplete,921,1720028335
na,Hauslein,Peter,IL,Galesburg,61401,4,No,"ABO, NPI but no ENTHealth",aboto_nppes_agree_enthealth_missing,NA,NA,NA,NA,NA,NA,NA,NA,NA,Incomplete,922,1689675118
na,Seshul,Merritt,NC,Hickory,28601,1,No,"ABO, NPI but no ENTHealth",aboto_nppes_agree_enthealth_missing,NA,NA,NA,NA,NA,NA,NA,NA,NA,Incomplete,923,1003800020
na,Tretta,Joseph,TX,Palestine,75801,4,No,"ABO, NPI but no ENTHealth",aboto_nppes_disagree_enthealth_missing,NA,NA,NA,NA,NA,NA,NA,NA,NA,Incomplete,924,1508822602
na,Wickemeyer,Johanna,VT,Montpelier,5602,4,No,"ABO, NPI but no ENTHealth",aboto_nppes_disagree_enthealth_missing,NA,NA,NA,NA,NA,NA,NA,NA,NA,Incomplete,925,1902337033
na,Padia,Reema,NC,Cary,27511,1,No,"ABO, NPI but no ENTHealth",aboto_nppes_disagree_enthealth_missing,NA,NA,NA,NA,NA,NA,NA,NA,NA,Incomplete,926,1558628537
na,Pham,Joanne,TX,Decatur,76234,8,No,"ABO, NPI but no ENTHealth",aboto_nppes_disagree_enthealth_missing,NA,NA,NA,NA,NA,NA,NA,NA,NA,Incomplete,927,1174589634
na,Gambrell,William,GA,Carrollton,30117,4,No,"ABO, NPI but no ENTHealth",aboto_nppes_agree_enthealth_missing,NA,NA,NA,NA,NA,NA,NA,NA,NA,Incomplete,928,1013056985
na,Patel,Nalin,FL,Tampa,33613,1,No,"ABO, NPI but no ENTHealth",aboto_nppes_disagree_enthealth_missing,NA,NA,NA,NA,NA,NA,NA,NA,NA,Incomplete,929,1235135914
na,Chu,Alan,FL,Miami,33157,1,No,"ABO, NPI but no ENTHealth",aboto_nppes_agree_enthealth_missing,NA,NA,NA,NA,NA,NA,NA,NA,NA,Incomplete,930,1679725048
na,O'Connell,Kevin,NY,Warsaw,14569,10,No,"ABO, NPI but no ENTHealth",aboto_nppes_agree_enthealth_missing,NA,NA,NA,NA,NA,NA,NA,NA,NA,Incomplete,931,1720262686
na,Berkower,Alan,NY,Bronx,10461,1,No,"ABO, NPI but no ENTHealth",aboto_nppes_agree_enthealth_missing,NA,NA,NA,NA,NA,NA,NA,NA,NA,Incomplete,932,1871601153
na,Trahan,Jason,LA,Opelousas,70570,4,No,"ABO, NPI but no ENTHealth",aboto_nppes_agree_enthealth_missing,NA,NA,NA,NA,NA,NA,NA,NA,NA,Incomplete,933,1568704328
na,Paffrath,Jeffrey,FL,Lakeland,33805,1,No,"ABO, NPI but no ENTHealth",aboto_nppes_disagree_enthealth_missing,NA,NA,NA,NA,NA,NA,NA,NA,NA,Incomplete,934,1821039397
na,Saraceno,Carmelo,IL,Carbondale,62901,4,No,"ABO, NPI but no ENTHealth",aboto_nppes_disagree_enthealth_missing,NA,NA,NA,NA,NA,NA,NA,NA,NA,Incomplete,935,1154563708
na,Brodie,Kristin,VT,Bridgewater Corners,5035,10,No,"ABO, NPI but no ENTHealth",aboto_nppes_agree_enthealth_missing,NA,NA,NA,NA,NA,NA,NA,NA,NA,Incomplete,936,1356563258
na,Seabaugh,Janice,MO,Columbia,65201,1,No,"ABO, NPI but no ENTHealth",aboto_nppes_agree_enthealth_missing,NA,NA,NA,NA,NA,NA,NA,NA,NA,Incomplete,937,1134187487
na,Oehrtman,Karl,MT,Kalispell,59901,4,No,"ABO, NPI but no ENTHealth",aboto_nppes_agree_enthealth_missing,NA,NA,NA,NA,NA,NA,NA,NA,NA,Incomplete,938,1619928439
na,Brickman,Todd,OH,Dublin,43017,1,No,"ABO, NPI but no ENTHealth",aboto_nppes_agree_enthealth_missing,NA,NA,NA,NA,NA,NA,NA,NA,NA,Incomplete,939,1225051279
na,Kaye,Mitchell,KY,Hopkinsville,42240,4,No,"ABO, NPI but no ENTHealth",aboto_nppes_disagree_enthealth_missing,NA,NA,NA,NA,NA,NA,NA,NA,NA,Incomplete,940,1972578177
na,Kraft,Ethan,MN,Baxter,56425,4,No,"ABO, NPI but no ENTHealth",aboto_nppes_agree_enthealth_missing,NA,NA,NA,NA,NA,NA,NA,NA,NA,Incomplete,941,1316471386
na,Silkes,Ellen,FL,Sarasota,34233,1,No,"ABO, NPI but no ENTHealth",aboto_nppes_agree_enthealth_missing,NA,NA,NA,NA,NA,NA,NA,NA,NA,Incomplete,942,1750385431
na,Shotts,Steven,KY,Louisville,40220,1,No,"ABO, NPI but no ENTHealth",aboto_nppes_agree_enthealth_missing,NA,NA,NA,NA,NA,NA,NA,NA,NA,Incomplete,943,1174529796
na,Reddan,Julie,MN,Cambridge,55008,4,No,"ABO, NPI but no ENTHealth",aboto_nppes_agree_enthealth_missing,NA,NA,NA,NA,NA,NA,NA,NA,NA,Incomplete,944,1366444366
na,Dankle,Jon,WI,Burlington,53105,4,No,"ABO, NPI but no ENTHealth",aboto_nppes_agree_enthealth_missing,NA,NA,NA,NA,NA,NA,NA,NA,NA,Incomplete,945,1023123262
na,Hajek,Michael,CA,Santa Cruz,95060,1,No,"ABO, NPI but no ENTHealth",aboto_nppes_agree_enthealth_missing,NA,NA,NA,NA,NA,NA,NA,NA,NA,Incomplete,946,1114456639
na,Wagle,Priya,NJ,Linwood,8221,1,No,"ABO, NPI but no ENTHealth",aboto_nppes_agree_enthealth_missing,NA,NA,NA,NA,NA,NA,NA,NA,NA,Incomplete,947,1770585762
na,Dichtel,William,PA,Sayre,18840,4,No,"ABO, NPI but no ENTHealth",aboto_nppes_agree_enthealth_missing,NA,NA,NA,NA,NA,NA,NA,NA,NA,Incomplete,948,1982609061
na,Chonkich,George,CA,Loma Linda,92357,1,No,"ABO, NPI but no ENTHealth",aboto_nppes_agree_enthealth_missing,NA,NA,NA,NA,NA,NA,NA,NA,NA,Incomplete,949,1760588750
na,Tawfik,Kareem,TN,Nashville,37232,1,No,"ABO, NPI but no ENTHealth",aboto_nppes_disagree_enthealth_missing,NA,NA,NA,NA,NA,NA,NA,NA,NA,Incomplete,950,1265799274
na,Cipro,Robert,MA,North Andover,1845,1,No,"ABO, NPI but no ENTHealth",aboto_nppes_agree_enthealth_missing,NA,NA,NA,NA,NA,NA,NA,NA,NA,Incomplete,951,1033111646
na,Vinnakota,Radha,NJ,South Plainfield,7080,1,No,"ABO, NPI but no ENTHealth",aboto_nppes_agree_enthealth_missing,NA,NA,NA,NA,NA,NA,NA,NA,NA,Incomplete,952,1184718306
na,Marshall,Darby,AL,Scottsboro,35768,4,No,"ABO, NPI but no ENTHealth",aboto_nppes_agree_enthealth_missing,NA,NA,NA,NA,NA,NA,NA,NA,NA,Incomplete,953,1265432371
na,Lin,David,OR,Portland,97227,1,No,"ABO, NPI but no ENTHealth",aboto_nppes_agree_enthealth_missing,NA,NA,NA,NA,NA,NA,NA,NA,NA,Incomplete,954,1023124088
na,Cain,Rachel,CO,Durango,81301,4,No,"ABO, NPI but no ENTHealth",aboto_nppes_agree_enthealth_missing,NA,NA,NA,NA,NA,NA,NA,NA,NA,Incomplete,955,1710277975
na,Nicholas,Robert,SD,Yankton,57078,4,No,"ABO, NPI but no ENTHealth",aboto_nppes_agree_enthealth_missing,NA,NA,NA,NA,NA,NA,NA,NA,NA,Incomplete,956,1609221563
na,Munier,Michael,FL,Ormond Beach,32174,1,No,"ABO, NPI but no ENTHealth",aboto_nppes_agree_enthealth_missing,NA,NA,NA,NA,NA,NA,NA,NA,NA,Incomplete,957,1427033984
na,Shagets,Frank,KS,Pittsburg,66762,4,No,"ABO, NPI but no ENTHealth",aboto_nppes_disagree_enthealth_missing,NA,NA,NA,NA,NA,NA,NA,NA,NA,Incomplete,958,1457351033
na,Diehl,William,ME,Augusta,4330,4,No,"ABO, NPI but no ENTHealth",aboto_nppes_agree_enthealth_missing,NA,NA,NA,NA,NA,NA,NA,NA,NA,Incomplete,959,1588687164
na,Abrams,Stephen,NJ,Wayne,7470,1,No,"ABO, NPI but no ENTHealth",aboto_nppes_agree_enthealth_missing,NA,NA,NA,NA,NA,NA,NA,NA,NA,Incomplete,960,1831103324
