caller,last_name,first_name,state,city,zip,ruca_code,rural_satellite_office,datasets,subspecialty_agreement,website_found,phone,ent_type,call_date,office_answered,taking_new_patients,sees_chief_complaint,appointment_with_physician,appointment_date,complete,record_id,npi,npi_is_valid,phone_e164_valid,phone_npa,phone_state_from_npa,phone_area_code_matches_state,phone_validity_flag,ruca_category,new_patient_status,appointment_outcome,wait_days_business,appointment_offered,appointment_with_md
Roesch,Nelson,Ralph,WA,Port Orchard,98366,1,FALSE,"ABO, NPI but not ENT Health",aboto_nppes_agree_enthealth_missing,TRUE,3606218179,Otology/neurotology,2026-05-29,TRUE,No-retired or no longer practicing medicine,Not applicable,"Not applicable, no appointment offered with anyone in practice",NA,Complete,1,1750653143,TRUE,TRUE,360,WA,NA,valid,Urban,Not accepting: retired/left,No appointment offered,NA,FALSE,FALSE
Roesch,Crepeau,Jerome,MA,Provincetown,02657,7,FALSE,"ABO, NPI but not ENT Health",aboto_nppes_agree_enthealth_missing,TRUE,508-487-2382,General,2026-06-02,FALSE,No-not specified why,Not applicable,"Not applicable, no appointment offered with anyone in practice",NA,Complete,2,1770772931,TRUE,TRUE,508,MA,NA,valid,Rural,Not accepting: unspecified,No appointment offered,NA,FALSE,FALSE
Roesch,Staats,Ethan,NC,Cashiers,28717,10,FALSE,"ABO, NPI but not ENT Health",aboto_nppes_agree_enthealth_missing,NA,828-743-2558,General,2026-06-02,FALSE,No-not specified why,Not applicable,"Not applicable, no appointment offered with anyone in practice",NA,Complete,3,1194244012,TRUE,TRUE,828,NC,NA,valid,Rural,Not accepting: unspecified,No appointment offered,NA,FALSE,FALSE
Roesch,Hanson,Jonathan,IN,Madison,47250,4,FALSE,"ABO, NPI, ENT Health",all_three_agree,TRUE,812-801-0820,General,2026-06-02,TRUE,Yes,Yes,Yes,2026-07-01,Complete,4,1992735583,TRUE,TRUE,812,IN,NA,valid,Suburban,Accepting,With sampled physician,20,TRUE,TRUE
Roesch,Stachler,Robert,MI,West Bloomfield,48322,1,FALSE,"ABO, NPI, ENT Health",all_three_agree,TRUE,(248) 325-9653,General,2026-06-02,FALSE,No-not specified why,Not applicable,"Not applicable, no appointment offered with anyone in practice",NA,Complete,5,1134169014,TRUE,TRUE,248,MI,NA,valid,Urban,Not accepting: unspecified,No appointment offered,NA,FALSE,FALSE
Roesch,Holland,Charles,OK,Bartlesville,74006,4,FALSE,"ABO, NPI but not ENT Health",aboto_nppes_agree_enthealth_missing,TRUE,918-333-0474,General,2026-06-02,TRUE,Yes,Yes,Yes,2026-07-20,Complete,6,1144241704,TRUE,TRUE,918,OK,NA,valid,Suburban,Accepting,With sampled physician,32,TRUE,TRUE
Roesch,Goepfert,Helmuth,TX,Bellaire,77401,1,FALSE,"ABO, NPI but not ENT Health",aboto_nppes_agree_enthealth_missing,TRUE,713-792-2121,Head and Neck Cancer,2026-06-03,TRUE,Yes,Yes,"Not applicable, no appointment offered with anyone in practice",NA,Complete,7,1043695315,TRUE,TRUE,713,TX,NA,valid,Urban,Accepting,No appointment offered,NA,FALSE,FALSE
Roesch,Foote,Donovan,NE,Grand Island,68803,1,FALSE,"ABO, NPI but not ENT Health",aboto_nppes_agree_enthealth_missing,TRUE,308-398-5312,General,2026-06-02,FALSE,No-not specified why,Not applicable,"Not applicable, no appointment offered with anyone in practice",NA,Complete,8,1922333954,TRUE,TRUE,308,NE,NA,valid,Urban,Not accepting: unspecified,No appointment offered,NA,FALSE,FALSE
Roesch,Landau,Steven,NC,Statesville,28677,4,FALSE,"ABO, NPI, ENT Health",all_three_agree,TRUE,704-873-5224,General,2026-06-02,TRUE,Yes,Yes,Yes,2026-06-05,Complete,9,1609868132,TRUE,TRUE,704,NC,NA,valid,Suburban,Accepting,With sampled physician,3,TRUE,TRUE
Roesch,Abaza,Mona,CO,Aurora,80045,1,FALSE,"ABO, NPI, ENT Health",all_three_agree,TRUE,720-848-2820,Laryngology,2026-06-02,TRUE,Yes,Yes,Yes,2026-09-01,Complete,10,1043313844,TRUE,TRUE,720,CO,NA,valid,Urban,Accepting,With sampled physician,63,TRUE,TRUE
Roesch,Linn,David,WI,Waukesha,53188,1,FALSE,"ABO, NPI, ENT Health",all_three_agree,TRUE,262-696-0808,General,2026-06-02,TRUE,Yes,Yes,Yes,2026-06-22,Complete,11,1427391283,TRUE,TRUE,262,WI,NA,valid,Urban,Accepting,With sampled physician,13,TRUE,TRUE
Roesch,Heichel,David,MI,Marquette,49855,4,FALSE,"ABO, NPI but not ENT Health",aboto_nppes_agree_enthealth_missing,TRUE,(906) 225-7660,General,2026-06-02,FALSE,No-not specified why,Not applicable,"Not applicable, no appointment offered with anyone in practice",NA,Complete,12,1629010343,TRUE,TRUE,906,MI,NA,valid,Suburban,Not accepting: unspecified,No appointment offered,NA,FALSE,FALSE
Roesch,Bell,Mark,KS,Salina,67401,4,FALSE,"ABO, NPI, ENT Health",all_three_agree,TRUE,785-823-7225,General,2026-06-02,TRUE,Yes,Yes,Yes,2026-06-23,Complete,13,1629043807,TRUE,TRUE,785,KS,NA,valid,Suburban,Accepting,With sampled physician,14,TRUE,TRUE
Roesch,Truitt,Theodore,MN,Saint Cloud,56303,1,FALSE,"ABO, NPI, ENT Health",all_three_agree,TRUE,(320) 252-0233,General,2026-06-02,FALSE,No-not specified why,Not applicable,"Not applicable, no appointment offered with anyone in practice",NA,Complete,14,1740240258,TRUE,TRUE,320,MN,NA,valid,Urban,Not accepting: unspecified,No appointment offered,NA,FALSE,FALSE
Roesch,Ingle,John,NY,Rochester,14618,1,FALSE,"ABO, NPI but not ENT Health",aboto_nppes_agree_enthealth_missing,TRUE,585-504-4915,Laryngology,2026-06-02,FALSE,No-not specified why,Not applicable,"Not applicable, no appointment offered with anyone in practice",NA,Complete,15,1508905548,TRUE,TRUE,585,NY,NA,valid,Urban,Not accepting: unspecified,No appointment offered,NA,FALSE,FALSE
Roesch,Davis,Samuel,NC,Goldsboro,27534,1,FALSE,"ABO, NPI but not ENT Health",aboto_nppes_agree_enthealth_missing,TRUE,919-735-9146,Facial Plastics,2026-06-02,TRUE,No-changed practices,Not applicable,"Not applicable, no appointment offered with anyone in practice",NA,Complete,16,1982631768,TRUE,TRUE,919,NC,NA,valid,Urban,Not accepting: changed practice,No appointment offered,NA,FALSE,FALSE
Roesch,Cumpston,Evan,IN,Indianapolis,46202,1,FALSE,"ABO, NPI, ENT Health",aboto_enthealth_agree_nppes_disagree,TRUE,317-944-6467,Otology/neurotology,2026-06-02,TRUE,Yes,Yes,"Not applicable, no appointment offered with anyone in practice",NA,Complete,17,1376905877,TRUE,TRUE,317,IN,NA,valid,Urban,Accepting,No appointment offered,NA,FALSE,FALSE
Roesch,Archer,Sanford,KY,Lexington,40536,1,FALSE,"ABO, NPI, ENT Health",all_three_agree,TRUE,859-257-5405,General,2026-06-02,TRUE,Yes,Yes,"Not applicable, no appointment offered with anyone in practice",NA,Complete,18,1396783411,TRUE,TRUE,859,KY,NA,valid,Urban,Accepting,No appointment offered,NA,FALSE,FALSE
Roesch,Ahn,Andrew,FL,Gainesville,32608,1,FALSE,"ABO, NPI, ENT Health",all_three_agree,TRUE,352-548-6000 ext 1153,General,2026-06-02,FALSE,No-not specified why,Not applicable,"Not applicable, no appointment offered with anyone in practice",NA,Complete,19,1265752406,TRUE,FALSE,NA,NA,NA,invalid_format,Urban,Not accepting: unspecified,No appointment offered,NA,FALSE,FALSE
Roesch,Davison,Wesley,NY,Brooklyn,11209,1,FALSE,"ABO, NPI, ENT Health",all_three_agree,TRUE,718-833-0515,General,2026-06-02,TRUE,Yes,Yes,Yes,2026-06-11,Complete,20,1801259924,TRUE,TRUE,718,NY,NA,valid,Urban,Accepting,With sampled physician,7,TRUE,TRUE
Roesch,Keyser,Jeffrey,UT,Logan,84341,1,FALSE,"ABO, NPI but not ENT Health",aboto_nppes_agree_enthealth_missing,TRUE,435-714-7437,General,2026-06-02,TRUE,No-changed practices,Not applicable,No-but appointment offered with different physician,NA,Complete,21,1588674055,TRUE,TRUE,435,UT,NA,valid,Urban,Not accepting: changed practice,With different physician,NA,FALSE,FALSE
Roesch,Collins,William,FL,Gainesville,32610,1,FALSE,"ABO, NPI, ENT Health",aboto_nppes_agree_enthealth_disagree,TRUE,352-273-5199,Pediatrics,2026-06-02,TRUE,Yes,Yes,Yes,2026-09-01,Complete,22,1013938653,TRUE,TRUE,352,FL,NA,valid,Urban,Accepting,With sampled physician,63,TRUE,TRUE
Roesch,Creighton,Francis,MD,Baltimore,21287,1,FALSE,"ABO, NPI, ENT Health",aboto_enthealth_agree_nppes_disagree,TRUE,443-997-6467,Otology/neurotology,2026-06-02,TRUE,Yes,Yes,Yes,2026-06-04,Complete,23,1871859959,TRUE,TRUE,443,MD,NA,valid,Urban,Accepting,With sampled physician,2,TRUE,TRUE
Roesch,Cheng,Elbert,CA,Saratoga,95070,1,FALSE,"ABO, NPI, ENT Health",aboto_enthealth_agree_nppes_disagree,TRUE,408-741-9982,Facial Plastics,2026-06-02,TRUE,Yes,No,No-but appointment offered with different physician,2026-07-01,Complete,24,1396823357,TRUE,TRUE,408,CA,NA,valid,Urban,Accepting,With different physician,20,TRUE,FALSE
Roesch,Ellis,Milton,NC,Mount Airy,27030,4,FALSE,"ABO, NPI but not ENT Health",aboto_nppes_agree_enthealth_missing,TRUE,336-838-7758,Facial Plastics,2026-06-02,FALSE,No-not specified why,Not applicable,"Not applicable, no appointment offered with anyone in practice",NA,Complete,25,1306804869,TRUE,TRUE,336,NC,NA,valid,Suburban,Not accepting: unspecified,No appointment offered,NA,FALSE,FALSE
Roesch,Benke,Theodore,TX,Cleburne,76033,4,FALSE,"ABO, NPI, ENT Health",all_three_agree,TRUE,817-641-3750,General,2026-06-02,TRUE,Yes,No,No-but appointment offered with different physician,2026-07-06,Complete,26,1295786135,TRUE,TRUE,817,TX,NA,valid,Suburban,Accepting,With different physician,22,TRUE,FALSE
Roesch,Scapini,David,MI,Sterling Heights,48314,1,FALSE,"ABO, NPI, ENT Health",all_three_agree,TRUE,586-254-7200,General,2026-06-02,TRUE,Yes,Yes,Yes,2026-07-22,Complete,27,1255322129,TRUE,TRUE,586,MI,NA,valid,Urban,Accepting,With sampled physician,34,TRUE,TRUE
Roesch,Smith,Mark,NH,Lebanon,03756,4,FALSE,"ABO, NPI, ENT Health",aboto_nppes_agree_enthealth_disagree,TRUE,603-650-8123,Pediatrics,2026-06-02,TRUE,Yes,Yes,Yes,2026-11-01,Complete,28,1386668135,TRUE,TRUE,603,NH,NA,valid,Suburban,Accepting,With sampled physician,104,TRUE,TRUE
Roesch,Garren,Kurt,OH,Akron,44320,4,FALSE,"ABO, NPI but not ENT Health",aboto_nppes_agree_enthealth_missing,TRUE,234-368-8493,General,2026-06-03,TRUE,Yes,Yes,Yes,2026-06-04,Complete,29,1487644100,TRUE,TRUE,234,OH,NA,valid,Suburban,Accepting,With sampled physician,1,TRUE,TRUE
Roesch,Connelly,Jan,WA,Spokane,99201,1,FALSE,"ABO, NPI but not ENT Health",aboto_nppes_agree_enthealth_missing,TRUE,509-489-3514,General,2026-06-03,FALSE,No-not specified why,Not applicable,"Not applicable, no appointment offered with anyone in practice",NA,Complete,30,1972554046,TRUE,TRUE,509,WA,NA,valid,Urban,Not accepting: unspecified,No appointment offered,NA,FALSE,FALSE
Roesch,Schreiner,Carl,OR,Roseburg,97471,4,FALSE,"ABO, NPI but not ENT Health",aboto_nppes_agree_enthealth_missing,TRUE,541-677-3349,General,2026-06-03,FALSE,No-not specified why,Not applicable,"Not applicable, no appointment offered with anyone in practice",NA,Complete,31,1710969175,TRUE,TRUE,541,OR,NA,valid,Suburban,Not accepting: unspecified,No appointment offered,NA,FALSE,FALSE
Roesch,Wanless,Kirk,MO,Moberly,65270,4,FALSE,"ABO, NPI, ENT Health",all_three_agree,TRUE,660-263-4600,General,2026-06-03,FALSE,No-not specified why,Not applicable,"Not applicable, no appointment offered with anyone in practice",NA,Complete,32,1497749485,TRUE,TRUE,660,MO,NA,valid,Suburban,Not accepting: unspecified,No appointment offered,NA,FALSE,FALSE
Roesch,Lander,Timothy,MN,Minneapolis,55404,1,FALSE,"ABO, NPI but not ENT Health",aboto_nppes_disagree_enthealth_missing,TRUE,612-874-1292,Pediatrics,2026-06-03,TRUE,No-changed practices,Yes,No-but appointment offered with different physician,2026-06-04,Complete,33,1548264435,TRUE,TRUE,612,MN,NA,valid,Urban,Not accepting: changed practice,With different physician,1,TRUE,FALSE
Roesch,Viall,John,OH,Gallipolis,45631,4,FALSE,"ABO, NPI but not ENT Health",aboto_nppes_agree_enthealth_missing,TRUE,740-446-5135,General,2026-06-03,TRUE,No-changed practices,Not applicable,"Not applicable, no appointment offered with anyone in practice",NA,Complete,34,1023052107,TRUE,TRUE,740,OH,NA,valid,Suburban,Not accepting: changed practice,No appointment offered,NA,FALSE,FALSE
Roesch,Kashat,Lawrence,MI,East Lansing,48823,1,FALSE,"ABO, NPI, ENT Health",all_three_agree,TRUE,517-332-0100,Laryngology,2026-06-03,TRUE,Yes,Yes,Yes,2026-06-23,Complete,35,1205290137,TRUE,TRUE,517,MI,NA,valid,Urban,Accepting,With sampled physician,13,TRUE,TRUE
Roesch,Okun,Monica,NY,New York,10028,1,FALSE,"ABO, NPI but not ENT Health",aboto_nppes_agree_enthealth_missing,TRUE,914-831-4100,General,2026-06-03,TRUE,Yes,Yes,Yes,2026-06-24,Complete,36,1740497791,TRUE,TRUE,914,NY,NA,valid,Urban,Accepting,With sampled physician,14,TRUE,TRUE
Roesch,Kaplan,Brian,MD,Towson,21204,1,FALSE,"ABO, NPI, ENT Health",all_three_agree,TRUE,410-821-5151,General,2026-06-03,FALSE,No-not specified why,Not applicable,"Not applicable, no appointment offered with anyone in practice",NA,Complete,37,1215941240,TRUE,TRUE,410,MD,NA,valid,Urban,Not accepting: unspecified,No appointment offered,NA,FALSE,FALSE
Roesch,Miller,Chipp,CA,Santa Monica,90404,1,FALSE,"ABO, NPI but not ENT Health",aboto_nppes_agree_enthealth_missing,TRUE,310-829-8701,Pediatrics,2026-06-03,FALSE,No-not specified why,Not applicable,"Not applicable, no appointment offered with anyone in practice",NA,Complete,38,1285661363,TRUE,TRUE,310,CA,NA,valid,Urban,Not accepting: unspecified,No appointment offered,NA,FALSE,FALSE
Roesch,Schackel,Gregory,CO,Durango,81301,4,FALSE,"ABO, NPI but not ENT Health",aboto_nppes_agree_enthealth_missing,TRUE,970-385-7272,General,2026-06-03,TRUE,Yes,Yes,Yes,2026-08-24,Complete,39,1831148352,TRUE,TRUE,970,CO,NA,valid,Suburban,Accepting,With sampled physician,56,TRUE,TRUE
Roesch,Bolduan,Alyssa,IL,Geneva,60134,1,FALSE,"ABO, NPI but not ENT Health",aboto_nppes_agree_enthealth_missing,TRUE,630-938-3900,General,2026-06-03,TRUE,Yes,Yes,Yes,2026-09-21,Complete,40,1336535657,TRUE,TRUE,630,IL,NA,valid,Urban,Accepting,With sampled physician,75,TRUE,TRUE
Roesch,Song,Christopher,NY,Brooklyn,11209,1,FALSE,"ABO, NPI, ENT Health",all_three_agree,TRUE,718-833-0515,General,2026-06-04,TRUE,Yes,Yes,"Not applicable, no appointment offered with anyone in practice",NA,Complete,41,1770568818,TRUE,TRUE,718,NY,NA,valid,Urban,Accepting,No appointment offered,NA,FALSE,FALSE
Roesch,Jain,Sonu,OH,Cincinnati,45219,1,FALSE,"ABO, NPI but not ENT Health",aboto_nppes_agree_enthealth_missing,TRUE,513-584-1000,Facial Plastics,2026-06-04,TRUE,No-changed practices,No,"Not applicable, no appointment offered with anyone in practice",NA,Complete,42,1194997015,TRUE,TRUE,513,OH,NA,valid,Urban,Not accepting: changed practice,No appointment offered,NA,FALSE,FALSE
Roesch,McLeod,Fred,AL,Alexander City,35010,7,FALSE,"ABO, NPI, ENT Health",aboto_nppes_agree_enthealth_disagree,TRUE,256-329-1114,Sleep,2026-06-04,TRUE,Yes,Yes,Yes,2026-06-08,Complete,43,1356305940,TRUE,TRUE,256,AL,NA,valid,Rural,Accepting,With sampled physician,2,TRUE,TRUE
Roesch,Ventura,Peter,UT,Tooele,84074,4,FALSE,"ABO, NPI but not ENT Health",aboto_nppes_agree_enthealth_missing,TRUE,435-833-9600,General,2026-06-04,TRUE,No-changed practices,Not applicable,"Not applicable, no appointment offered with anyone in practice",NA,Complete,44,1144201690,TRUE,TRUE,435,UT,NA,valid,Suburban,Not accepting: changed practice,No appointment offered,NA,FALSE,FALSE
Roesch,Natili,Angelia,NC,Statesville,28677,4,FALSE,"ABO, NPI, ENT Health",all_three_agree,TRUE,704-873-5224,General,2026-06-04,TRUE,Yes,Yes,Yes,2026-06-15,Complete,45,1831406933,TRUE,TRUE,704,NC,NA,valid,Suburban,Accepting,With sampled physician,7,TRUE,TRUE
Roesch,Kaufman,Raymond,MT,Butte,59701,4,FALSE,"ABO, NPI, ENT Health",all_three_agree,TRUE,406-494-0188,Facial Plastics,2026-06-04,TRUE,No-retired or no longer practicing medicine,Not applicable,"Not applicable, no appointment offered with anyone in practice",NA,Complete,46,1427142231,TRUE,TRUE,406,MT,NA,valid,Suburban,Not accepting: retired/left,No appointment offered,NA,FALSE,FALSE
Roesch,Hillman,Todd,PA,Pittsburgh,15212,1,FALSE,"ABO, NPI, ENT Health",aboto_enthealth_agree_nppes_disagree,TRUE,412-321-2480,General,2026-06-04,FALSE,No-not specified why,Not applicable,"Not applicable, no appointment offered with anyone in practice",NA,Complete,47,1063592673,TRUE,TRUE,412,PA,NA,valid,Urban,Not accepting: unspecified,No appointment offered,NA,FALSE,FALSE
Roesch,Roberts,Daniel,CT,Wethersfield,06109,1,FALSE,"ABO, NPI but not ENT Health",aboto_nppes_disagree_enthealth_missing,TRUE,860-493-1950,Otology/neurotology,2026-06-04,TRUE,Yes,Yes,Yes,2026-07-20,Complete,48,1104072354,TRUE,TRUE,860,CT,NA,valid,Urban,Accepting,With sampled physician,30,TRUE,TRUE
Roesch,Cruz,Michael,WA,Spokane,99201,1,FALSE,"ABO, NPI, ENT Health",all_three_agree,TRUE,509-624-2326,General,2026-06-04,TRUE,Yes,Yes,Yes,2026-06-22,Complete,49,1083665145,TRUE,TRUE,509,WA,NA,valid,Urban,Accepting,With sampled physician,11,TRUE,TRUE
Roesch,Ambrus,Peter,MA,Quincy,02169,1,FALSE,"ABO, NPI but not ENT Health",aboto_nppes_agree_enthealth_missing,TRUE,617-376-8840,General,2026-06-04,FALSE,No-retired or no longer practicing medicine,Not applicable,"Not applicable, no appointment offered with anyone in practice",NA,Complete,50,1326087412,TRUE,TRUE,617,MA,NA,valid,Urban,Not accepting: retired/left,No appointment offered,NA,FALSE,FALSE
Roesch,Plotnick,Eric,GA,Griffin,30224,4,FALSE,"ABO, NPI, ENT Health",aboto_nppes_agree_enthealth_disagree,TRUE,470-956-4372,Sleep,2026-06-04,TRUE,Yes,Yes,Yes,2026-07-09,Complete,51,1689657892,TRUE,TRUE,470,GA,NA,valid,Suburban,Accepting,With sampled physician,23,TRUE,TRUE
Roesch,Inglis,Andrew,WA,Seattle,98105,1,FALSE,"ABO, NPI but not ENT Health",aboto_nppes_agree_enthealth_missing,TRUE,206-987-2105,Pediatrics,2026-06-04,FALSE,No-not specified why,Not applicable,"Not applicable, no appointment offered with anyone in practice",NA,Complete,52,1255421145,TRUE,TRUE,206,WA,NA,valid,Urban,Not accepting: unspecified,No appointment offered,NA,FALSE,FALSE
Roesch,Angel,Michael,GA,Gainesville,30501,1,FALSE,"ABO, NPI, ENT Health",all_three_agree,TRUE,678-206-2700,Facial Plastics,2026-06-04,FALSE,No-not specified why,Not applicable,"Not applicable, no appointment offered with anyone in practice",NA,Complete,53,1366534851,TRUE,TRUE,678,GA,NA,valid,Urban,Not accepting: unspecified,No appointment offered,NA,FALSE,FALSE
Roesch,Rankin,Brett,ME,Kittery,03904,1,FALSE,"ABO, NPI, ENT Health",all_three_agree,TRUE,207-475-0100,General,2026-06-04,TRUE,No-retired or no longer practicing medicine,Not applicable,"Not applicable, no appointment offered with anyone in practice",NA,Complete,54,1831296748,TRUE,TRUE,207,ME,NA,valid,Urban,Not accepting: retired/left,No appointment offered,NA,FALSE,FALSE
Roesch,Goodstein,Matthew,CO,Glenwood Springs,81601,4,FALSE,"ABO, NPI, ENT Health",all_three_agree,TRUE,970-945-1112,General,2026-06-03,FALSE,No-not specified why,Not applicable,"Not applicable, no appointment offered with anyone in practice",NA,Complete,55,1376692533,TRUE,TRUE,970,CO,NA,valid,Suburban,Not accepting: unspecified,No appointment offered,NA,FALSE,FALSE
Roesch,Newland-Pagan,Yvonne,NY,Ferndale,12734,10,FALSE,"ABO, NPI but not ENT Health",aboto_nppes_agree_enthealth_missing,TRUE,845-292-2283,General,2026-06-04,TRUE,Yes,Yes,Yes,2026-06-29,Complete,56,1215029491,TRUE,TRUE,845,NY,NA,valid,Rural,Accepting,With sampled physician,16,TRUE,TRUE
Roesch,Isseroff,Tova,NY,Garden City,11530,1,FALSE,"ABO, NPI, ENT Health",all_three_agree,TRUE,516-294-9363,Laryngology,2026-06-04,TRUE,Yes,Yes,Yes,2026-06-23,Complete,57,1962729103,TRUE,TRUE,516,NY,NA,valid,Urban,Accepting,With sampled physician,12,TRUE,TRUE
Roesch,Witt,Robert,DE,Newark,19713,1,FALSE,"ABO, NPI but not ENT Health",aboto_nppes_agree_enthealth_missing,TRUE,302-738-6014,General,2026-06-12,FALSE,No-not specified why,Not applicable,"Not applicable, no appointment offered with anyone in practice",NA,Complete,58,1659342582,TRUE,TRUE,302,DE,NA,valid,Urban,Not accepting: unspecified,No appointment offered,NA,FALSE,FALSE
Roesch,Rossos,Apostolos,NJ,Trenton,08619,1,FALSE,"ABO, NPI but not ENT Health",aboto_nppes_agree_enthealth_missing,TRUE,609-581-0500,General,2026-06-05,TRUE,Yes,Yes,No-but appointment offered with different physician,2026-06-09,Complete,59,1710074562,TRUE,TRUE,609,NJ,NA,valid,Urban,Accepting,With different physician,2,TRUE,FALSE
Roesch,Conoyer,John,MO,Saint Peters,63376,1,FALSE,"ABO, NPI, ENT Health",all_three_agree,TRUE,636-441-3100,General,2026-06-04,FALSE,No-not specified why,Not applicable,"Not applicable, no appointment offered with anyone in practice",NA,Complete,60,1295750586,TRUE,TRUE,636,MO,NA,valid,Urban,Not accepting: unspecified,No appointment offered,NA,FALSE,FALSE
Roesch,Shimotakahara,Steven,OR,Coos Bay,97420,4,FALSE,"ABO, NPI, ENT Health",all_three_agree,TRUE,541-267-5151,Head and Neck Cancer,2026-06-04,TRUE,Yes,Yes,Yes,2026-08-24,Complete,61,1326024738,TRUE,TRUE,541,OR,NA,valid,Suburban,Accepting,With sampled physician,55,TRUE,TRUE
Roesch,Worley,Mitchell,SC,Spartanburg,29303,1,FALSE,"ABO, NPI, ENT Health",all_three_agree,TRUE,864-582-2900,General,2026-06-04,TRUE,Yes,Yes,Yes,2026-06-10,Complete,62,1528447281,TRUE,TRUE,864,SC,NA,valid,Urban,Accepting,With sampled physician,4,TRUE,TRUE
Roesch,Soderberg,Keith,AZ,Tucson,85712,1,FALSE,"ABO, NPI, ENT Health",all_three_agree,TRUE,520-296-8500,General,2026-06-04,TRUE,No-retired or no longer practicing medicine,Not applicable,"Not applicable, no appointment offered with anyone in practice",NA,Complete,63,1770531527,TRUE,TRUE,520,AZ,NA,valid,Urban,Not accepting: retired/left,No appointment offered,NA,FALSE,FALSE
Roesch,Suh,Jeffrey,CA,Los Angeles,90095,1,FALSE,"ABO, NPI, ENT Health",all_three_agree,TRUE,310-206-6688,Rhinology,2026-06-04,TRUE,Yes,Yes,Yes,2026-08-03,Complete,64,1114172442,TRUE,TRUE,310,CA,NA,valid,Urban,Accepting,With sampled physician,40,TRUE,TRUE
Roesch,Fitzpatrick,Philip,NE,North Platte,69101,4,TRUE,"ABO, NPI, ENT Health",all_three_agree,TRUE,308-532-3330,General,2026-06-04,FALSE,No-not specified why,Not applicable,"Not applicable, no appointment offered with anyone in practice",NA,Complete,65,1588742001,TRUE,TRUE,308,NE,NA,valid,Suburban,Not accepting: unspecified,No appointment offered,NA,FALSE,FALSE
Roesch,McHugh,Richard,AL,Birmingham,35233,1,FALSE,"ABO, NPI, ENT Health",all_three_agree,TRUE,205-801-8000,General,2026-06-04,TRUE,No-changed practices,Not applicable,"Not applicable, no appointment offered with anyone in practice",NA,Complete,66,1063690311,TRUE,TRUE,205,AL,NA,valid,Urban,Not accepting: changed practice,No appointment offered,NA,FALSE,FALSE
Roesch,Herrington,Heather,VT,Burlington,05401,1,FALSE,"ABO, NPI, ENT Health",aboto_enthealth_agree_nppes_disagree,TRUE,802-847-4535,Pediatrics,2026-06-04,TRUE,Yes,Yes,Yes,2026-09-15,Complete,67,1679607170,TRUE,TRUE,802,VT,NA,valid,Urban,Accepting,With sampled physician,70,TRUE,TRUE
Roesch,Holt,Justin,OR,Astoria,97103,4,FALSE,"ABO, NPI, ENT Health",all_three_agree,TRUE,503-338-4517,General,2026-06-04,FALSE,No-not specified why,Not applicable,"Not applicable, no appointment offered with anyone in practice",NA,Complete,68,1902225709,TRUE,TRUE,503,OR,NA,valid,Suburban,Not accepting: unspecified,No appointment offered,NA,FALSE,FALSE
Roesch,Abernathy,Susan,TN,Greeneville,37745,4,FALSE,"ABO, NPI, ENT Health",all_three_agree,TRUE,423-638-1291,General,2026-06-04,TRUE,No-practice is full but physician does still see established patients,Not applicable,"Not applicable, no appointment offered with anyone in practice",NA,Complete,69,1780632141,TRUE,TRUE,423,TN,NA,valid,Suburban,Not accepting: practice full,No appointment offered,NA,FALSE,FALSE
Roesch,Wilson,James,NC,New Bern,28562,4,FALSE,"ABO, NPI but not ENT Health",aboto_nppes_agree_enthealth_missing,TRUE,252-638-2515,General,2026-06-04,TRUE,Yes,Yes,Yes,2026-06-18,Complete,70,1043770522,TRUE,TRUE,252,NC,NA,valid,Suburban,Accepting,With sampled physician,10,TRUE,TRUE
Roesch,Holland,Bradford,TX,Gatesville,76528,4,FALSE,"ABO, NPI, ENT Health",all_three_agree,TRUE,254-248-6401,General,2026-06-12,TRUE,Yes,Yes,Yes,2026-07-28,Complete,71,1790724839,TRUE,TRUE,254,TX,NA,valid,Suburban,Accepting,With sampled physician,30,TRUE,TRUE
Roesch,Barretto,Roberto,CA,Orange,92868,1,FALSE,"ABO, NPI but not ENT Health",aboto_nppes_disagree_enthealth_missing,TRUE,714-633-4020,Pediatrics,2026-06-04,TRUE,No-retired or no longer practicing medicine,Not applicable,No-but appointment offered with different physician,2026-06-29,Complete,72,1477552941,TRUE,TRUE,714,CA,NA,valid,Urban,Not accepting: retired/left,With different physician,16,TRUE,FALSE
Roesch,Strigenz,Daniel,TX,Conroe,77385,1,FALSE,"ABO, NPI but not ENT Health",aboto_nppes_agree_enthealth_missing,TRUE,936-270-4010,General,2026-06-04,TRUE,Yes,Yes,Yes,2026-07-14,Complete,73,1588919633,TRUE,TRUE,936,TX,NA,valid,Urban,Accepting,With sampled physician,26,TRUE,TRUE
Roesch,Windham,Byron,MS,Oxford,38655,4,FALSE,"ABO, NPI, ENT Health",all_three_agree,TRUE,662-234-1337,General,2026-06-04,TRUE,Yes,Yes,Yes,2026-06-10,Complete,74,1497975106,TRUE,TRUE,662,MS,NA,valid,Suburban,Accepting,With sampled physician,4,TRUE,TRUE
Roesch,Boucher,Robert,PA,Lebanon,17042,1,FALSE,"ABO, NPI but not ENT Health",aboto_nppes_agree_enthealth_missing,TRUE,717-272-6621,General,2026-06-04,FALSE,No-not specified why,Not applicable,"Not applicable, no appointment offered with anyone in practice",NA,Complete,75,1508150624,TRUE,TRUE,717,PA,NA,valid,Urban,Not accepting: unspecified,No appointment offered,NA,FALSE,FALSE
Roesch,Tabaee,Abtin,NY,New York,10021,1,FALSE,"ABO, NPI, ENT Health",all_three_agree,TRUE,646-962-2221,Rhinology,2026-06-04,TRUE,Yes,Yes,Yes,2026-06-24,Complete,76,1255448106,TRUE,TRUE,646,NY,NA,valid,Urban,Accepting,With sampled physician,13,TRUE,TRUE
Roesch,Sigmon,Jason,CO,Steamboat Springs,80487,4,FALSE,"ABO, NPI, ENT Health",all_three_agree,TRUE,970-871-2549,General,2026-06-05,FALSE,No-changed practices,Not applicable,"Not applicable, no appointment offered with anyone in practice",NA,Complete,77,1700841145,TRUE,TRUE,970,CO,NA,valid,Suburban,Not accepting: changed practice,No appointment offered,NA,FALSE,FALSE
Roesch,Arnstein,David,CA,Los Gatos,95030,1,FALSE,"ABO, NPI but not ENT Health",aboto_nppes_disagree_enthealth_missing,TRUE,408-395-6121,General,2026-06-05,FALSE,No-not specified why,Not applicable,"Not applicable, no appointment offered with anyone in practice",NA,Complete,78,1801898796,TRUE,TRUE,408,CA,NA,valid,Urban,Not accepting: unspecified,No appointment offered,NA,FALSE,FALSE
Roesch,Rust,Kevin,SC,Greenwood,29646,4,FALSE,"ABO, NPI, ENT Health",all_three_agree,TRUE,864-227-6741,General,2026-06-05,TRUE,Yes,Yes,Yes,2026-07-15,Complete,79,1821172560,TRUE,TRUE,864,SC,NA,valid,Suburban,Accepting,With sampled physician,26,TRUE,TRUE
Roesch,Barrera,Jose,TX,San Antonio,78230,1,FALSE,"ABO, NPI, ENT Health",aboto_enthealth_agree_nppes_disagree,TRUE,210-468-5426,Facial Plastics,2026-06-05,TRUE,Yes,Yes,Yes,2026-06-19,Complete,80,1619966686,TRUE,TRUE,210,TX,NA,valid,Urban,Accepting,With sampled physician,9,TRUE,TRUE
Roesch,Borden,Robert,MS,Columbus,39705,4,TRUE,"ABO, NPI, ENT Health",all_three_agree,TRUE,662-327-4432,General,2026-06-05,TRUE,Yes,Yes,Yes,2026-06-30,Complete,81,1710026034,TRUE,TRUE,662,MS,NA,valid,Suburban,Accepting,With sampled physician,16,TRUE,TRUE
Roesch,Gunter,Anne,TX,Nacogdoches,75965,4,FALSE,"ABO, NPI, ENT Health",all_three_agree,TRUE,936-510-8640,General,2026-06-05,TRUE,Yes,Yes,Yes,2026-07-30,Complete,82,1982099040,TRUE,TRUE,936,TX,NA,valid,Suburban,Accepting,With sampled physician,37,TRUE,TRUE
Roesch,Davis,Greg,WA,Puyallup,98374,1,FALSE,"ABO, NPI, ENT Health",all_three_agree,TRUE,253-770-9000,Rhinology,2026-06-05,FALSE,No-not specified why,Not applicable,"Not applicable, no appointment offered with anyone in practice",NA,Complete,83,1679689145,TRUE,TRUE,253,WA,NA,valid,Urban,Not accepting: unspecified,No appointment offered,NA,FALSE,FALSE
Roesch,Maniar,Anoli,NJ,Flemington,08822,4,FALSE,"ABO, NPI but not ENT Health",aboto_nppes_agree_enthealth_missing,TRUE,908-788-0945,General,2026-06-05,FALSE,No-not specified why,Not applicable,"Not applicable, no appointment offered with anyone in practice",NA,Complete,84,1831281682,TRUE,TRUE,908,NJ,NA,valid,Suburban,Not accepting: unspecified,No appointment offered,NA,FALSE,FALSE
Roesch,Nurbhai,Murtaza,PA,Coudersport,16915,10,FALSE,"ABO, NPI but not ENT Health",aboto_nppes_disagree_enthealth_missing,TRUE,814-274-7761,General,2026-06-05,FALSE,No-not specified why,Not applicable,"Not applicable, no appointment offered with anyone in practice",NA,Complete,85,1477510238,TRUE,TRUE,814,PA,NA,valid,Rural,Not accepting: unspecified,No appointment offered,NA,FALSE,FALSE
Roesch,Dodds,Brian,CO,Canon City,81212,4,FALSE,"ABO, NPI, ENT Health",all_three_agree,TRUE,719-275-3288,General,2026-06-05,FALSE,No-not specified why,Not applicable,"Not applicable, no appointment offered with anyone in practice",NA,Complete,86,1922171776,TRUE,TRUE,719,CO,NA,valid,Suburban,Not accepting: unspecified,No appointment offered,NA,FALSE,FALSE
Roesch,Abram,Adam,SC,Columbia,29203,1,FALSE,"ABO, NPI but not ENT Health",aboto_nppes_disagree_enthealth_missing,TRUE,803-761-7592,Facial Plastics,2026-06-05,FALSE,No-not specified why,Not applicable,"Not applicable, no appointment offered with anyone in practice",NA,Complete,87,1649230632,TRUE,TRUE,803,SC,NA,valid,Urban,Not accepting: unspecified,No appointment offered,NA,FALSE,FALSE
Roesch,Collazo,Antonio,OH,Marion,43302,4,FALSE,"ABO, NPI, ENT Health",all_three_agree,TRUE,740-383-8060,General,2026-06-05,FALSE,No-not specified why,Not applicable,"Not applicable, no appointment offered with anyone in practice",NA,Complete,88,1013967371,TRUE,TRUE,740,OH,NA,valid,Suburban,Not accepting: unspecified,No appointment offered,NA,FALSE,FALSE
Roesch,Burkhead,Steven,WA,Covington,98042,1,FALSE,"ABO, NPI but not ENT Health",aboto_nppes_agree_enthealth_missing,TRUE,253-372-7115,General,2026-06-05,TRUE,Yes,Yes,Yes,2026-06-29,Complete,89,1134310162,TRUE,TRUE,253,WA,NA,valid,Urban,Accepting,With sampled physician,15,TRUE,TRUE
Roesch,Petitjean,Mark,LA,Crowley,70526,4,FALSE,"ABO, NPI, ENT Health",all_three_agree,TRUE,337-261-6415,General,2026-06-12,TRUE,Yes,Yes,No-but appointment offered with different physician,2026-08-31,Complete,90,1902888019,TRUE,TRUE,337,LA,NA,valid,Suburban,Accepting,With different physician,54,TRUE,FALSE
Roesch,Horton,Joshua,KY,Louisville,40202,4,FALSE,"ABO, NPI, ENT Health",all_three_agree,TRUE,502-629-2500,Head and Neck Cancer,2026-06-05,TRUE,Yes,Yes,"Not applicable, no appointment offered with anyone in practice",NA,Complete,91,1992153076,TRUE,TRUE,502,KY,NA,valid,Suburban,Accepting,No appointment offered,NA,FALSE,FALSE
Roesch,White,Peter,PA,Meadville,16335,4,TRUE,"ABO, NPI, ENT Health",all_three_agree,TRUE,814-373-3070,General,2026-06-12,FALSE,No-not specified why,Not applicable,"Not applicable, no appointment offered with anyone in practice",NA,Complete,92,1225036270,TRUE,TRUE,814,PA,NA,valid,Suburban,Not accepting: unspecified,No appointment offered,NA,FALSE,FALSE
Roesch,Moss,Richard,IN,Jasper,47546,4,FALSE,"ABO, NPI but not ENT Health",aboto_nppes_agree_enthealth_missing,TRUE,812-634-6666,Facial Plastics,2026-06-05,FALSE,No-not specified why,Not applicable,"Not applicable, no appointment offered with anyone in practice",NA,Complete,93,1326097619,TRUE,TRUE,812,IN,NA,valid,Suburban,Not accepting: unspecified,No appointment offered,NA,FALSE,FALSE
Roesch,Burkart,Collin,OH,Cincinnati,45219,1,FALSE,"ABO, NPI but not ENT Health",aboto_nppes_agree_enthealth_missing,TRUE,513-421-5558,General,2026-06-05,TRUE,Yes,Yes,Yes,2026-06-08,Complete,94,1851502140,TRUE,TRUE,513,OH,NA,valid,Urban,Accepting,With sampled physician,1,TRUE,TRUE
Roesch,Cross,Jenny,WV,Elkins,26241,4,FALSE,"ABO, NPI, ENT Health",all_three_agree,TRUE,304-637-6302,General,2026-06-05,FALSE,No-not specified why,Not applicable,"Not applicable, no appointment offered with anyone in practice",NA,Complete,95,1487858775,TRUE,TRUE,304,WV,NA,valid,Suburban,Not accepting: unspecified,No appointment offered,NA,FALSE,FALSE
Roesch,Paddock,Bradley,NY,Gloversville,12078,4,FALSE,"ABO, NPI, ENT Health",aboto_enthealth_agree_nppes_disagree,TRUE,518-725-8656,General,2026-06-05,TRUE,No-practice is full but physician does still see established patients,Not applicable,No-but appointment offered with different physician,NA,Complete,96,1649230012,TRUE,TRUE,518,NY,NA,valid,Suburban,Not accepting: practice full,With different physician,NA,FALSE,FALSE
Roesch,Bowman,Michael,VA,Blacksburg,24060,4,FALSE,"ABO, NPI but not ENT Health",aboto_nppes_agree_enthealth_missing,TRUE,540-443-7400,Facial Plastics,2026-06-05,FALSE,No-not specified why,Not applicable,"Not applicable, no appointment offered with anyone in practice",NA,Complete,97,1376510073,TRUE,TRUE,540,VA,NA,valid,Suburban,Not accepting: unspecified,No appointment offered,NA,FALSE,FALSE
Roesch,Thompson,Nicholas,NC,Chapel Hill,27514,1,FALSE,"ABO, NPI, ENT Health",nppes_enthealth_agree_aboto_disagree,TRUE,984-974-6484,Otology/neurotology,2026-06-09,FALSE,No-not specified why,Not applicable,"Not applicable, no appointment offered with anyone in practice",NA,Complete,98,1508210923,TRUE,TRUE,984,NC,NA,valid,Urban,Not accepting: unspecified,No appointment offered,NA,FALSE,FALSE
Roesch,Weinheimer,Wyatt,TX,Amarillo,79124,1,FALSE,"ABO, NPI, ENT Health",all_three_agree,NA,806-355-9999,General,2026-06-09,TRUE,Yes,Yes,Yes,2026-06-08,Complete,99,1235499534,TRUE,TRUE,806,TX,NA,valid,Urban,Accepting,With sampled physician,NA,TRUE,TRUE
Roesch,Ho,Tang,TX,Houston,77030,1,FALSE,"ABO, NPI but not ENT Health",aboto_nppes_disagree_enthealth_missing,TRUE,713-486-5019,Facial Plastics,2026-06-09,TRUE,Yes,Yes,Yes,2026-06-15,Complete,100,1770755308,TRUE,TRUE,713,TX,NA,valid,Urban,Accepting,With sampled physician,4,TRUE,TRUE
Roesch,Mann,David,IL,Herrin,62948,4,FALSE,"ABO, NPI, ENT Health",all_three_agree,TRUE,618-993-0307,General,2026-06-09,TRUE,Yes,Yes,Yes,2026-01-05,Complete,101,1386739670,TRUE,TRUE,618,IL,NA,valid,Suburban,Accepting,With sampled physician,NA,TRUE,TRUE
Roesch,Grimm,Mark,MO,Fenton,63026,1,FALSE,"ABO, NPI but not ENT Health",aboto_nppes_agree_enthealth_missing,TRUE,417-888-5696,General,2026-06-09,FALSE,No-not specified why,Not applicable,"Not applicable, no appointment offered with anyone in practice",NA,Complete,102,1942271689,TRUE,TRUE,417,MO,NA,valid,Urban,Not accepting: unspecified,No appointment offered,NA,FALSE,FALSE
Roesch,Taylor,Joseph,MD,Silver Spring,20903,1,FALSE,"ABO, NPI but not ENT Health",aboto_nppes_agree_enthealth_missing,TRUE,301-439-4427,General,2026-06-09,FALSE,No-not specified why,Not applicable,"Not applicable, no appointment offered with anyone in practice",NA,Complete,103,1679756902,TRUE,TRUE,301,MD,NA,valid,Urban,Not accepting: unspecified,No appointment offered,NA,FALSE,FALSE
Roesch,Ossoff,Jacob,SC,Lugoff,29078,4,FALSE,"ABO, NPI but not ENT Health",aboto_nppes_agree_enthealth_missing,TRUE,803-408-3277,General,2026-06-09,FALSE,No-changed practices,Not applicable,No-but appointment offered with different physician,2026-06-12,Complete,104,1073958989,TRUE,TRUE,803,SC,NA,valid,Suburban,Not accepting: changed practice,With different physician,3,TRUE,FALSE
Roesch,Montague,Glenda,CA,Napa,94558,1,FALSE,"ABO, NPI but not ENT Health",aboto_nppes_agree_enthealth_missing,TRUE,707-251-3608,General,2026-06-12,FALSE,No-not specified why,Not applicable,"Not applicable, no appointment offered with anyone in practice",NA,Complete,105,1043508872,TRUE,TRUE,707,CA,NA,valid,Urban,Not accepting: unspecified,No appointment offered,NA,FALSE,FALSE
Roesch,Rinehart,Richard,IA,West des Moines,50266,1,FALSE,"ABO, NPI but not ENT Health",aboto_nppes_agree_enthealth_missing,TRUE,515-875-9450,General,2026-06-09,TRUE,No-changed practices,Not applicable,No-but appointment offered with different physician,2026-06-18,Complete,106,1932195997,TRUE,TRUE,515,IA,NA,valid,Urban,Not accepting: changed practice,With different physician,7,TRUE,FALSE
Roesch,Yim,Michael,LA,Shreveport,71103,1,FALSE,"ABO, NPI, ENT Health",all_three_agree,TRUE,318-626-2690,Rhinology,2026-06-09,TRUE,Yes,Yes,"Not applicable, no appointment offered with anyone in practice",NA,Complete,107,1073959508,TRUE,TRUE,318,LA,NA,valid,Urban,Accepting,No appointment offered,NA,FALSE,FALSE
Roesch,Hardee,Monica,TX,Tyler,75703,1,FALSE,"ABO, NPI but not ENT Health",aboto_nppes_agree_enthealth_missing,TRUE,903-592-5601,General,2026-06-12,FALSE,No-not specified why,Not applicable,"Not applicable, no appointment offered with anyone in practice",NA,Complete,108,1285609883,TRUE,TRUE,903,TX,NA,valid,Urban,Not accepting: unspecified,No appointment offered,NA,FALSE,FALSE
Roesch,Weissbrod,Philip,CA,San Diego,92103,1,FALSE,"ABO, NPI, ENT Health",all_three_agree,TRUE,858-249-4070,Laryngology,2026-06-12,FALSE,No-not specified why,Not applicable,"Not applicable, no appointment offered with anyone in practice",NA,Complete,109,1366590853,TRUE,TRUE,858,CA,NA,valid,Urban,Not accepting: unspecified,No appointment offered,NA,FALSE,FALSE
Roesch,Andrews,Brian,IA,Iowa City,52242,1,FALSE,"ABO, NPI, ENT Health",nppes_enthealth_agree_aboto_disagree,TRUE,319-356-3574,Facial Plastics,2026-06-12,TRUE,Yes,No,No-but appointment offered with different physician,2026-08-10,Complete,110,1245449701,TRUE,TRUE,319,IA,NA,valid,Urban,Accepting,With different physician,39,TRUE,FALSE
Roesch,Buck,Steven,NY,Buffalo,14221,1,FALSE,"ABO, NPI but not ENT Health",aboto_nppes_agree_enthealth_missing,TRUE,716-883-6800,General,2026-06-12,TRUE,No-retired or no longer practicing medicine,Not applicable,"Not applicable, no appointment offered with anyone in practice",NA,Complete,111,1932197449,TRUE,TRUE,716,NY,NA,valid,Urban,Not accepting: retired/left,No appointment offered,NA,FALSE,FALSE
Roesch,Stevens,Patrick,NH,Laconia,03246,4,TRUE,"ABO, NPI but not ENT Health",aboto_nppes_agree_enthealth_missing,TRUE,603-238-2209,Rhinology,2026-06-12,FALSE,No-not specified why,Not applicable,"Not applicable, no appointment offered with anyone in practice",NA,Complete,112,1992024533,TRUE,TRUE,603,NH,NA,valid,Suburban,Not accepting: unspecified,No appointment offered,NA,FALSE,FALSE
Roesch,Neal,Jeffrey,VA,Abingdon,24210,1,FALSE,"ABO, NPI but not ENT Health",aboto_nppes_agree_enthealth_missing,TRUE,276-628-9547,General,2026-06-12,TRUE,No-on leave of absence (like parental leave),Not applicable,No-but appointment offered with different physician,2026-08-26,Complete,113,1942384433,TRUE,TRUE,276,VA,NA,valid,Urban,Not accepting: on leave,With different physician,51,TRUE,FALSE
Roesch,Ali,Abu,PA,Jeannette,15644,1,FALSE,"ABO, NPI but not ENT Health",aboto_nppes_agree_enthealth_missing,TRUE,724-836-2839,General,2026-06-12,FALSE,No-not specified why,Not applicable,"Not applicable, no appointment offered with anyone in practice",NA,Complete,114,1376801688,TRUE,TRUE,724,PA,NA,valid,Urban,Not accepting: unspecified,No appointment offered,NA,FALSE,FALSE
Roesch,Dewyer,Nicholas,CA,San Francisco,94115,1,FALSE,"ABO, NPI, ENT Health",aboto_enthealth_agree_nppes_disagree,TRUE,415-600-0151,Otology/neurotology,2026-06-12,FALSE,No-not specified why,Not applicable,"Not applicable, no appointment offered with anyone in practice",NA,Complete,115,1154671089,TRUE,TRUE,415,CA,NA,valid,Urban,Not accepting: unspecified,No appointment offered,NA,FALSE,FALSE
Roesch,Ruffy,Mauro,NY,Brooklyn,11201,1,FALSE,"ABO, NPI but not ENT Health",aboto_nppes_agree_enthealth_missing,TRUE,718-287-0007,General,2026-06-12,TRUE,No-on leave of absence (like parental leave),Not applicable,No-but appointment offered with different physician,2026-07-22,Complete,116,1528047800,TRUE,TRUE,718,NY,NA,valid,Urban,Not accepting: on leave,With different physician,26,TRUE,FALSE
Roesch,Frey,Mark,NY,Canton,13617,7,FALSE,"ABO, NPI but not ENT Health",aboto_nppes_agree_enthealth_missing,TRUE,315-261-5810,General,2026-06-12,TRUE,Yes,Yes,Yes,2026-09-21,Complete,117,1336116797,TRUE,TRUE,315,NY,NA,valid,Rural,Accepting,With sampled physician,68,TRUE,TRUE
Roesch,Schularick,Nathan,MN,Buffalo,55313,2,FALSE,"ABO, NPI, ENT Health",all_three_agree,TRUE,612-871-1144,General,2026-06-12,FALSE,No-not specified why,Not applicable,"Not applicable, no appointment offered with anyone in practice",NA,Complete,118,1649590076,TRUE,TRUE,612,MN,NA,valid,Urban,Not accepting: unspecified,No appointment offered,NA,FALSE,FALSE
Roesch,McGarrah,Pamela,AL,Sheffield,35660,1,FALSE,"ABO, NPI, ENT Health",all_three_agree,TRUE,256-381-6673,General,2026-06-12,TRUE,Yes,Yes,Yes,2026-09-30,Complete,119,1407957129,TRUE,TRUE,256,AL,NA,valid,Urban,Accepting,With sampled physician,75,TRUE,TRUE
Roesch,Hughes,Robert,NY,Albany,12206,1,FALSE,"ABO, NPI, ENT Health",all_three_agree,TRUE,518-701-2000,General,2026-06-12,FALSE,No-not specified why,Not applicable,"Not applicable, no appointment offered with anyone in practice",NA,Complete,120,1407842248,TRUE,TRUE,518,NY,NA,valid,Urban,Not accepting: unspecified,No appointment offered,NA,FALSE,FALSE
Roesch,McIlwaine,James,MO,Washington,63090,4,FALSE,"ABO, NPI, ENT Health",all_three_agree,TRUE,636-390-1570,General,2026-06-15,FALSE,No-not specified why,Not applicable,"Not applicable, no appointment offered with anyone in practice",NA,Complete,121,1558352443,TRUE,TRUE,636,MO,NA,valid,Suburban,Not accepting: unspecified,No appointment offered,NA,FALSE,FALSE
Roesch,Affleck,Brian,ID,Nampa,83686,1,FALSE,"ABO, NPI, ENT Health",all_three_agree,TRUE,208-884-2980,General,2026-06-15,FALSE,No-retired or no longer practicing medicine,Not applicable,"Not applicable, no appointment offered with anyone in practice",NA,Complete,122,1386633824,TRUE,TRUE,208,ID,NA,valid,Urban,Not accepting: retired/left,No appointment offered,NA,FALSE,FALSE
Roesch,Adam,Jeffery,OH,Troy,45373,4,FALSE,"ABO, NPI but not ENT Health",aboto_nppes_agree_enthealth_missing,TRUE,937-440-7872,General,2026-06-15,FALSE,No-not specified why,Not applicable,"Not applicable, no appointment offered with anyone in practice",NA,Complete,123,1326019613,TRUE,TRUE,937,OH,NA,valid,Suburban,Not accepting: unspecified,No appointment offered,NA,FALSE,FALSE
Roesch,Wade,John,WV,Point Pleasant,25550,5,FALSE,"ABO, NPI but not ENT Health",aboto_nppes_agree_enthealth_missing,TRUE,304-675-1244,General,2026-06-15,FALSE,No-not specified why,Not applicable,"Not applicable, no appointment offered with anyone in practice",NA,Complete,124,1215066873,TRUE,TRUE,304,WV,NA,valid,Suburban,Not accepting: unspecified,No appointment offered,NA,FALSE,FALSE
Roesch,Goldsmith,Ari,NY,Brooklyn,11209,1,FALSE,"ABO, NPI, ENT Health",aboto_nppes_agree_enthealth_disagree,TRUE,718-833-0515,Pediatrics,2026-06-15,TRUE,No-changed practices,Not applicable,No-but appointment offered with different physician,2026-06-16,Complete,125,1295754539,TRUE,TRUE,718,NY,NA,valid,Urban,Not accepting: changed practice,With different physician,1,TRUE,FALSE
Roesch,Cihak,Robert,SD,Aberdeen,57401,4,FALSE,"ABO, NPI, ENT Health",aboto_nppes_agree_enthealth_disagree,TRUE,605-622-5506,General,2026-06-15,TRUE,Yes,Yes,Yes,2026-07-09,Complete,126,1528039765,TRUE,TRUE,605,SD,NA,valid,Suburban,Accepting,With sampled physician,16,TRUE,TRUE
Roesch,Hah,Wilbur,TX,Orange,77630,4,FALSE,"ABO, NPI but not ENT Health",aboto_nppes_agree_enthealth_missing,TRUE,409-883-5600,Facial Plastics,2026-06-15,FALSE,No-retired or no longer practicing medicine,Not applicable,"Not applicable, no appointment offered with anyone in practice",NA,Complete,127,1043327943,TRUE,TRUE,409,TX,NA,valid,Suburban,Not accepting: retired/left,No appointment offered,NA,FALSE,FALSE
Roesch,Consiglio,Angelo,FL,Marianna,32446,8,FALSE,"ABO, NPI but not ENT Health",aboto_nppes_agree_enthealth_missing,TRUE,850-372-4070,General,2026-06-15,TRUE,Yes,Yes,Yes,2026-06-22,Complete,128,1396791638,TRUE,TRUE,850,FL,NA,valid,Rural,Accepting,With sampled physician,4,TRUE,TRUE
Roesch,Shen,Jing,TX,Houston,77070,1,FALSE,"ABO, NPI, ENT Health",all_three_agree,TRUE,281-649-7200,General,2026-06-15,TRUE,Yes,Yes,Yes,2026-06-16,Complete,129,1508908971,TRUE,TRUE,281,TX,NA,valid,Urban,Accepting,With sampled physician,1,TRUE,TRUE
Roesch,Moore,Gary,NE,Omaha,68114,1,FALSE,"ABO, NPI, ENT Health",aboto_nppes_agree_enthealth_disagree,TRUE,402-502-6970,Otology/neurotology,2026-06-15,FALSE,No-not specified why,Not applicable,"Not applicable, no appointment offered with anyone in practice",NA,Complete,130,1730160854,TRUE,TRUE,402,NE,NA,valid,Urban,Not accepting: unspecified,No appointment offered,NA,FALSE,FALSE
Roesch,Lord,Christopher,TN,Hixson,37343,1,FALSE,"ABO, NPI, ENT Health",all_three_agree,TRUE,423-267-6738,General,2026-06-19,TRUE,Yes,Yes,Yes,2026-07-08,Complete,131,1497165070,TRUE,TRUE,423,TN,NA,valid,Urban,Accepting,With sampled physician,11,TRUE,TRUE
Roesch,Phillips,Michael,NC,New Bern,28562,4,FALSE,"ABO, NPI but not ENT Health",aboto_nppes_agree_enthealth_missing,TRUE,252-638-2515,General,2026-06-19,TRUE,No-not specified why,Not applicable,No-but appointment offered with different physician,2026-07-02,Complete,132,1417919044,TRUE,TRUE,252,NC,NA,valid,Suburban,Not accepting: unspecified,With different physician,8,TRUE,FALSE
Roesch,Warrick,Paul,IN,Lebanon,46052,4,FALSE,"ABO, NPI, ENT Health",all_three_agree,TRUE,765-485-8340,General,2026-06-19,TRUE,Yes,Yes,Yes,2026-07-15,Complete,133,1790770097,TRUE,TRUE,765,IN,NA,valid,Suburban,Accepting,With sampled physician,16,TRUE,TRUE
Roesch,Dubin,Stephen,NY,Oneida,13421,4,FALSE,"ABO, NPI but not ENT Health",aboto_nppes_agree_enthealth_missing,TRUE,315-363-5421,General,2026-06-19,TRUE,No-changed practices,Not applicable,"Not applicable, no appointment offered with anyone in practice",NA,Complete,134,1205839370,TRUE,TRUE,315,NY,NA,valid,Suburban,Not accepting: changed practice,No appointment offered,NA,FALSE,FALSE
Roesch,Graham,Camille,TX,Greenville,75401,4,FALSE,"ABO, NPI, ENT Health",all_three_agree,TRUE,903-454-6481,General,2026-06-19,TRUE,Yes,Yes,Yes,2026-07-16,Complete,135,1720003569,TRUE,TRUE,903,TX,NA,valid,Suburban,Accepting,With sampled physician,17,TRUE,TRUE
Roesch,Kelsall,David,CO,Englewood,80113,1,FALSE,"ABO, NPI, ENT Health",aboto_nppes_agree_enthealth_disagree,TRUE,303-783-9220,Otology/neurotology,2026-06-19,FALSE,No-not specified why,Not applicable,"Not applicable, no appointment offered with anyone in practice",NA,Complete,136,1538219969,TRUE,TRUE,303,CO,NA,valid,Urban,Not accepting: unspecified,No appointment offered,NA,FALSE,FALSE
Roesch,Hanson,Ronald,MN,Saint Cloud,56303,1,FALSE,"ABO, NPI, ENT Health",all_three_agree,TRUE,320-252-0233,Facial Plastics,2026-06-19,FALSE,No-not specified why,Not applicable,"Not applicable, no appointment offered with anyone in practice",NA,Complete,137,1972564987,TRUE,TRUE,320,MN,NA,valid,Urban,Not accepting: unspecified,No appointment offered,NA,FALSE,FALSE
Roesch,Raja,Mukund,GA,Lawrenceville,30046,1,FALSE,"ABO, NPI but not ENT Health",aboto_nppes_agree_enthealth_missing,TRUE,770-962-0220,General,2026-06-19,FALSE,No-not specified why,Not applicable,"Not applicable, no appointment offered with anyone in practice",NA,Complete,138,1871601229,TRUE,TRUE,770,GA,NA,valid,Urban,Not accepting: unspecified,No appointment offered,NA,FALSE,FALSE
Roesch,Seltzer,David,CA,Solvang,93463,4,FALSE,"ABO, NPI but not ENT Health",aboto_nppes_agree_enthealth_missing,TRUE,805-618-1242,General,2026-06-19,FALSE,No-not specified why,Not applicable,"Not applicable, no appointment offered with anyone in practice",NA,Complete,139,1154345494,TRUE,TRUE,805,CA,NA,valid,Suburban,Not accepting: unspecified,No appointment offered,NA,FALSE,FALSE
Roesch,Seo,Sarah,NH,Lebanon,03756,4,FALSE,"ABO, NPI, ENT Health",all_three_agree,TRUE,603-650-8123,General,2026-06-19,TRUE,Yes,Yes,Yes,2026-08-26,Complete,140,1003081597,TRUE,TRUE,603,NH,NA,valid,Suburban,Accepting,With sampled physician,46,TRUE,TRUE
Roesch,Johnson,Robert,GA,Vidalia,30474,4,TRUE,"ABO, NPI but not ENT Health",aboto_nppes_agree_enthealth_missing,TRUE,912-537-3384,General,2026-06-19,FALSE,No-not specified why,Not applicable,"Not applicable, no appointment offered with anyone in practice",NA,Complete,141,1093887820,TRUE,TRUE,912,GA,NA,valid,Suburban,Not accepting: unspecified,No appointment offered,NA,FALSE,FALSE
Roesch,King,Peter,MD,Annapolis,21401,1,FALSE,"ABO, NPI, ENT Health",all_three_agree,TRUE,410-266-3900,General,2026-06-22,FALSE,No-not specified why,Not applicable,"Not applicable, no appointment offered with anyone in practice",NA,Complete,142,1760656540,TRUE,TRUE,410,MD,NA,valid,Urban,Not accepting: unspecified,No appointment offered,NA,FALSE,FALSE
Roesch,Johnson,James,MN,Virginia,55792,4,FALSE,"ABO, NPI but not ENT Health",aboto_nppes_agree_enthealth_missing,TRUE,218-741-0150,General,2026-06-22,TRUE,No-retired or no longer practicing medicine,Not applicable,"Not applicable, no appointment offered with anyone in practice",NA,Complete,143,1568495422,TRUE,TRUE,218,MN,NA,valid,Suburban,Not accepting: retired/left,No appointment offered,NA,FALSE,FALSE
Roesch,McBeath,Evan,OH,Findlay,45840,4,FALSE,"ABO, NPI, ENT Health",all_three_agree,TRUE,419-423-5492,General,2026-06-22,FALSE,No-not specified why,Not applicable,"Not applicable, no appointment offered with anyone in practice",NA,Complete,144,1538301163,TRUE,TRUE,419,OH,NA,valid,Suburban,Not accepting: unspecified,No appointment offered,NA,FALSE,FALSE
Roesch,Civantos,Francisco,FL,Miami,33136,1,FALSE,"ABO, NPI, ENT Health",all_three_agree,TRUE,305-243-0940,Head and Neck Cancer,2026-06-22,TRUE,Yes,Yes,"Not applicable, no appointment offered with anyone in practice",NA,Complete,145,1174549224,TRUE,TRUE,305,FL,NA,valid,Urban,Accepting,No appointment offered,NA,FALSE,FALSE
Roesch,Owens,David,OR,Roseburg,97471,4,FALSE,"ABO, NPI but not ENT Health",aboto_nppes_agree_enthealth_missing,TRUE,541-672-5377,General,2026-06-22,FALSE,No-not specified why,Not applicable,"Not applicable, no appointment offered with anyone in practice",NA,Complete,146,1982688099,TRUE,TRUE,541,OR,NA,valid,Suburban,Not accepting: unspecified,No appointment offered,NA,FALSE,FALSE
Roesch,Jacob,Sarah,IN,Vincennes,47591,4,FALSE,"ABO, NPI, ENT Health",all_three_agree,TRUE,812-473-2060,General,2026-06-22,TRUE,Yes,Yes,Yes,2026-09-16,Complete,147,1336463272,TRUE,TRUE,812,IN,NA,valid,Suburban,Accepting,With sampled physician,60,TRUE,TRUE
Roesch,Byrd,Serena,NJ,Florham Park,07932,1,FALSE,"ABO, NPI but not ENT Health",aboto_nppes_agree_enthealth_missing,TRUE,973-404-9958,Head and Neck Cancer,2026-06-22,TRUE,No-on leave of absence (like parental leave),Not applicable,No-but appointment offered with different physician,2026-07-08,Complete,148,1831450071,TRUE,TRUE,973,NJ,NA,valid,Urban,Not accepting: on leave,With different physician,11,TRUE,FALSE
Roesch,Killian,Thomas,TX,Kerrville,78028,4,FALSE,"ABO, NPI but not ENT Health",aboto_nppes_agree_enthealth_missing,FALSE,NA,General,NA,NA,No-retired or no longer practicing medicine,Not applicable,"Not applicable, no appointment offered with anyone in practice",NA,Complete,149,1790948156,TRUE,FALSE,NA,NA,NA,missing,Suburban,Not accepting: retired/left,No appointment offered,NA,FALSE,FALSE
Roesch,Porter,William,MN,Fergus Falls,56537,4,FALSE,"ABO, NPI but not ENT Health",aboto_nppes_agree_enthealth_missing,TRUE,218-736-8000,General,2026-06-22,TRUE,No-changed practices,Not applicable,No-but appointment offered with different physician,2026-07-29,Complete,150,1801886445,TRUE,TRUE,218,MN,NA,valid,Suburban,Not accepting: changed practice,With different physician,26,TRUE,FALSE
Roesch,Goodwin,Jason,TX,Seguin,78155,4,FALSE,"ABO, NPI, ENT Health",all_three_agree,TRUE,803-379-0299,General,2026-06-25,TRUE,Yes,Yes,Yes,2026-07-22,Complete,151,1972737237,TRUE,TRUE,803,SC,NA,valid,Suburban,Accepting,With sampled physician,18,TRUE,TRUE
Roesch,Loney,Deborah,FL,West Palm Beach,33411,1,FALSE,"ABO, NPI but not ENT Health",aboto_nppes_disagree_enthealth_missing,TRUE,561-793-5077,General,2026-06-25,FALSE,No-not specified why,Not applicable,"Not applicable, no appointment offered with anyone in practice",NA,Complete,152,1356658595,TRUE,TRUE,561,FL,NA,valid,Urban,Not accepting: unspecified,No appointment offered,NA,FALSE,FALSE
Roesch,Cohen,Jason,NY,Poughkeepsie,12601,1,FALSE,"ABO, NPI, ENT Health",all_three_agree,TRUE,845-471-4086,General,2026-06-25,TRUE,No-retired or no longer practicing medicine,Not applicable,No-but appointment offered with different physician,2026-06-29,Complete,153,1851401152,TRUE,TRUE,845,NY,NA,valid,Urban,Not accepting: retired/left,With different physician,2,TRUE,FALSE
Roesch,Ihm,Peter,NH,Exeter,03833,4,FALSE,"ABO, NPI, ENT Health",all_three_agree,TRUE,1-800-439-3837,General,2026-06-25,TRUE,Yes,Yes,Yes,2026-08-25,Complete,154,1285691030,TRUE,TRUE,800,toll-free,NA,valid,Suburban,Accepting,With sampled physician,42,TRUE,TRUE
Roesch,Kern,Robert,IL,Chicago,60611,1,FALSE,"ABO, NPI, ENT Health",all_three_agree,TRUE,312-695-8182,General,2026-06-25,TRUE,Yes,Yes,Yes,2026-07-20,Complete,155,1033149992,TRUE,TRUE,312,IL,NA,valid,Urban,Accepting,With sampled physician,16,TRUE,TRUE
Roesch,Rojewski,Thomas,OH,Zanesville,43701,4,FALSE,"ABO, NPI, ENT Health",aboto_nppes_agree_enthealth_disagree,TRUE,740-454-0158,Sleep,2026-06-30,TRUE,Yes,No,Yes,2026-07-02,Complete,156,1215096854,TRUE,TRUE,740,OH,NA,valid,Suburban,Accepting,With sampled physician,2,TRUE,TRUE
Roesch,Thielman,Michael,WI,Stevens Point,54481,4,FALSE,"ABO, NPI, ENT Health",all_three_agree,TRUE,715-346-5000,General,2026-06-25,TRUE,Yes,Yes,Yes,2026-07-27,Complete,157,1881722239,TRUE,TRUE,715,WI,NA,valid,Suburban,Accepting,With sampled physician,21,TRUE,TRUE
Roesch,Jassin,Basem,TX,Ennis,75119,4,FALSE,"ABO, NPI but not ENT Health",aboto_nppes_agree_enthealth_missing,TRUE,972-875-9700,General,2026-06-30,FALSE,No-not specified why,Not applicable,"Not applicable, no appointment offered with anyone in practice",NA,Complete,158,1336124130,TRUE,TRUE,972,TX,NA,valid,Suburban,Not accepting: unspecified,No appointment offered,NA,FALSE,FALSE
Roesch,Han,Sehjin,IL,Chicago,60611,1,FALSE,"ABO, NPI but not ENT Health",aboto_nppes_disagree_enthealth_missing,TRUE,312-877-5522,Facial Plastics,2026-06-30,TRUE,Yes,Yes,Yes,2026-07-06,Complete,159,1114005600,TRUE,TRUE,312,IL,NA,valid,Urban,Accepting,With sampled physician,3,TRUE,TRUE
Roesch,Kletzker,George,MO,Chesterfield,63017,1,FALSE,"ABO, NPI but not ENT Health",aboto_nppes_agree_enthealth_missing,TRUE,636-449-5377,General,2026-06-30,FALSE,No-not specified why,Not applicable,"Not applicable, no appointment offered with anyone in practice",NA,Complete,160,1417959479,TRUE,TRUE,636,MO,NA,valid,Urban,Not accepting: unspecified,No appointment offered,NA,FALSE,FALSE
Roesch,Johnston,Douglas,IL,Chicago,60611,1,FALSE,"ABO, NPI, ENT Health",all_three_agree,TRUE,800-543-7362,Pediatrics,2026-06-30,TRUE,Yes,Yes,Yes,2026-09-08,Complete,161,1659581262,TRUE,TRUE,800,toll-free,NA,valid,Urban,Accepting,With sampled physician,48,TRUE,TRUE
Roesch,Lynn-Macrae,Alastair,TX,McAllen,78503,1,FALSE,"ABO, NPI but not ENT Health",aboto_nppes_disagree_enthealth_missing,TRUE,956-362-7020,Sleep,2026-07-01,TRUE,No-retired or no longer practicing medicine,Not applicable,No-but appointment offered with different physician,2026-12-16,Complete,162,1437133055,TRUE,TRUE,956,TX,NA,valid,Urban,Not accepting: retired/left,With different physician,115,TRUE,FALSE
Roesch,Prince,Beverly,PA,Coudersport,16915,10,FALSE,"ABO, NPI but not ENT Health",aboto_nppes_agree_enthealth_missing,TRUE,814-274-9300,Facial Plastics,2026-06-30,TRUE,No-changed practices,Not applicable,"Not applicable, no appointment offered with anyone in practice",NA,Complete,163,1912973314,TRUE,TRUE,814,PA,NA,valid,Rural,Not accepting: changed practice,No appointment offered,NA,FALSE,FALSE
Roesch,Haddad,Nazih,CA,Newport Beach,92660,1,FALSE,"ABO, NPI but not ENT Health",aboto_nppes_agree_enthealth_missing,TRUE,714-919-5883,Facial Plastics,2026-07-01,FALSE,No-not specified why,Not applicable,"Not applicable, no appointment offered with anyone in practice",NA,Complete,164,1649275637,TRUE,TRUE,714,CA,NA,valid,Urban,Not accepting: unspecified,No appointment offered,NA,FALSE,FALSE
Roesch,Slavit,David,NY,New York,10021,1,FALSE,"ABO, NPI, ENT Health",all_three_agree,TRUE,212-517-9177,General,2026-06-30,FALSE,No-retired or no longer practicing medicine,Not applicable,"Not applicable, no appointment offered with anyone in practice",NA,Complete,165,1134212400,TRUE,TRUE,212,NY,NA,valid,Urban,Not accepting: retired/left,No appointment offered,NA,FALSE,FALSE
Roesch,Stavrides,Kevin,PA,Danville,17822,7,FALSE,"ABO, NPI, ENT Health",all_three_agree,TRUE,800-275-6401,General,2026-06-30,TRUE,Yes,Yes,Yes,2026-08-01,Complete,166,1467806570,TRUE,TRUE,800,toll-free,NA,valid,Rural,Accepting,With sampled physician,22,TRUE,TRUE
Roesch,Fierstein,Jeffrey,IL,Granite City,62040,1,FALSE,"ABO, NPI but not ENT Health",aboto_nppes_agree_enthealth_missing,TRUE,618-288-8500,General,2026-07-01,TRUE,No-retired or no longer practicing medicine,Not applicable,Yes,2026-08-12,Complete,167,1740259043,TRUE,TRUE,618,IL,NA,valid,Urban,Not accepting: retired/left,With sampled physician,29,TRUE,TRUE
Roesch,Duplan,Don,TX,Port Arthur,77640,1,FALSE,"ABO, NPI but not ENT Health",aboto_nppes_agree_enthealth_missing,TRUE,409-722-5000,General,2026-07-01,FALSE,No-retired or no longer practicing medicine,Not applicable,"Not applicable, no appointment offered with anyone in practice",NA,Complete,168,1598763062,TRUE,TRUE,409,TX,NA,valid,Urban,Not accepting: retired/left,No appointment offered,NA,FALSE,FALSE
Roesch,Epstein,Gordon,CA,Fremont,94538,1,FALSE,"ABO, NPI but not ENT Health",aboto_nppes_agree_enthealth_missing,TRUE,510-498-2814,General,2026-07-01,FALSE,No-not specified why,Not applicable,"Not applicable, no appointment offered with anyone in practice",NA,Complete,169,1992741268,TRUE,TRUE,510,CA,NA,valid,Urban,Not accepting: unspecified,No appointment offered,NA,FALSE,FALSE
Roesch,Toma,Vincent,OH,Toledo,43623,1,FALSE,"ABO, NPI, ENT Health",all_three_agree,TRUE,419-931-6128,General,2026-07-01,TRUE,Yes,Yes,Yes,2026-08-19,Complete,170,1790786671,TRUE,TRUE,419,OH,NA,valid,Urban,Accepting,With sampled physician,34,TRUE,TRUE
Roesch,VandeGriend,Zachary,CA,Santa Maria,93454,1,FALSE,"ABO, NPI, ENT Health",all_three_agree,TRUE,805-541-2368,General,2026-07-01,TRUE,Yes,Yes,Yes,2026-07-07,Complete,171,1477781193,TRUE,TRUE,805,CA,NA,valid,Urban,Accepting,With sampled physician,3,TRUE,TRUE
Roesch,Reed,Michael,IA,Iowa City,52245,1,FALSE,"ABO, NPI, ENT Health",all_three_agree,TRUE,319-351-5680,General,2026-07-01,TRUE,Yes,Yes,Yes,2026-07-16,Complete,172,1417183351,TRUE,TRUE,319,IA,NA,valid,Urban,Accepting,With sampled physician,10,TRUE,TRUE
Roesch,Brackebusch,Joyce,SC,West Columbia,29169,1,FALSE,"ABO, NPI but not ENT Health",aboto_nppes_agree_enthealth_missing,TRUE,803-936-7530,General,2026-07-01,TRUE,No-changed practices,Yes,No-but appointment offered with different physician,2026-07-13,Complete,173,1710065271,TRUE,TRUE,803,SC,NA,valid,Urban,Not accepting: changed practice,With different physician,7,TRUE,FALSE
Chow,Chaturvedi,Govind,NY,Kingston,12401,1,FALSE,"ABO, NPI but not ENT Health",aboto_nppes_agree_enthealth_missing,NA,NA,NA,NA,NA,NA,NA,NA,NA,Incomplete,174,1710942644,TRUE,FALSE,NA,NA,NA,missing,Urban,NA,NA,NA,FALSE,NA
Roesch,Newburger,Herbert,CA,Petaluma,94952,1,FALSE,"ABO, NPI but not ENT Health",aboto_nppes_agree_enthealth_missing,TRUE,707-763-3153,General,2026-07-01,FALSE,No-not specified why,Not applicable,"Not applicable, no appointment offered with anyone in practice",NA,Complete,175,1629314265,TRUE,TRUE,707,CA,NA,valid,Urban,Not accepting: unspecified,No appointment offered,NA,FALSE,FALSE
Roesch,McQueen,James,AL,Enterprise,36330,4,FALSE,"ABO, NPI, ENT Health",all_three_agree,TRUE,334-393-6837,General,2026-07-01,TRUE,Yes,Yes,Yes,2026-07-22,Complete,176,1740268259,TRUE,TRUE,334,AL,NA,valid,Suburban,Accepting,With sampled physician,14,TRUE,TRUE
Roesch,Wijewickrama,Rohan,MA,Brighton,02135,1,FALSE,"ABO, NPI, ENT Health",all_three_agree,TRUE,617-789-5004,Rhinology,2026-06-30,TRUE,Yes,Yes,Yes,2026-07-20,Complete,177,1720210800,TRUE,TRUE,617,MA,NA,valid,Urban,Accepting,With sampled physician,13,TRUE,TRUE
Roesch,Bryant,James,WV,Bridgeport,26330,4,FALSE,"ABO, NPI but not ENT Health",aboto_nppes_agree_enthealth_missing,TRUE,304-622-2708,General,2026-06-30,TRUE,No-retired or no longer practicing medicine,Not applicable,"Not applicable, no appointment offered with anyone in practice",NA,Complete,178,1497847651,TRUE,TRUE,304,WV,NA,valid,Suburban,Not accepting: retired/left,No appointment offered,NA,FALSE,FALSE
Roesch,Vidrine,David,SC,Lugoff,29078,4,FALSE,"ABO, NPI but not ENT Health",aboto_nppes_disagree_enthealth_missing,TRUE,803-736-3277,Pediatrics,2026-06-30,TRUE,Yes,Yes,Yes,2026-07-02,Complete,179,1447293121,TRUE,TRUE,803,SC,NA,valid,Suburban,Accepting,With sampled physician,2,TRUE,TRUE
Roesch,Newby,Maxwell,PA,Allentown,18103,1,FALSE,"ABO, NPI, ENT Health",all_three_agree,TRUE,610-402-7999,Pediatrics,2026-06-30,FALSE,No-not specified why,Not applicable,"Not applicable, no appointment offered with anyone in practice",NA,Complete,180,1912448317,TRUE,TRUE,610,PA,NA,valid,Urban,Not accepting: unspecified,No appointment offered,NA,FALSE,FALSE
Roesch,Wilson,Robert,KY,Danville,40422,4,FALSE,"ABO, NPI but not ENT Health",aboto_nppes_agree_enthealth_missing,TRUE,859-236-0903,General,2026-07-01,FALSE,No-not specified why,Not applicable,"Not applicable, no appointment offered with anyone in practice",NA,Complete,181,1861646374,TRUE,TRUE,859,KY,NA,valid,Suburban,Not accepting: unspecified,No appointment offered,NA,FALSE,FALSE
Roesch,Overton,Lewis,NC,Raleigh,27610,1,FALSE,"ABO, NPI, ENT Health",all_three_agree,TRUE,919-350-3277,Head and Neck Cancer,2026-07-01,TRUE,Yes,Yes,Yes,2026-07-08,Complete,182,1710323704,TRUE,TRUE,919,NC,NA,valid,Urban,Accepting,With sampled physician,4,TRUE,TRUE
Roesch,Bennett,Garrett,NY,New York,10065,1,FALSE,"ABO, NPI but not ENT Health",aboto_nppes_disagree_enthealth_missing,TRUE,212-980-2600,Facial Plastics,2026-06-30,FALSE,No-not specified why,Not applicable,"Not applicable, no appointment offered with anyone in practice",NA,Complete,183,1689746752,TRUE,TRUE,212,NY,NA,valid,Urban,Not accepting: unspecified,No appointment offered,NA,FALSE,FALSE
Roesch,Puzzi,Joseph,PA,Pottsville,17901,4,FALSE,"ABO, NPI, ENT Health",all_three_agree,TRUE,570-621-5010,General,2026-07-01,TRUE,Yes,Yes,"Not applicable, no appointment offered with anyone in practice",NA,Complete,184,1205829496,TRUE,TRUE,570,PA,NA,valid,Suburban,Accepting,No appointment offered,NA,FALSE,FALSE
Roesch,Vietti,Michael,OH,Sidney,45365,4,TRUE,"ABO, NPI, ENT Health",all_three_agree,TRUE,937-494-5242,General,2026-07-01,TRUE,Yes,Yes,Yes,2026-09-03,Complete,185,1811952658,TRUE,TRUE,937,OH,NA,valid,Suburban,Accepting,With sampled physician,45,TRUE,TRUE
Roesch,Lin,Fred,NY,New York,10029,1,FALSE,"ABO, NPI, ENT Health",nppes_enthealth_agree_aboto_disagree,TRUE,212-241-9410,Sleep,2026-07-01,TRUE,Yes,Yes,Yes,2026-07-06,Complete,186,1104084904,TRUE,TRUE,212,NY,NA,valid,Urban,Accepting,With sampled physician,2,TRUE,TRUE
Roesch,Hunter,Paul,OK,Oklahoma City,73102,1,FALSE,"ABO, NPI but not ENT Health",aboto_nppes_disagree_enthealth_missing,TRUE,405-272-6027,General,2026-07-01,FALSE,No-not specified why,Not applicable,"Not applicable, no appointment offered with anyone in practice",NA,Complete,187,1528021912,TRUE,TRUE,405,OK,NA,valid,Urban,Not accepting: unspecified,No appointment offered,NA,FALSE,FALSE
Roesch,Lewis,Melba,TX,Austin,78746,1,FALSE,"ABO, NPI, ENT Health",all_three_agree,TRUE,512-328-4999,General,2026-07-01,TRUE,Yes,Yes,Yes,2026-07-31,Complete,188,1831120021,TRUE,TRUE,512,TX,NA,valid,Urban,Accepting,With sampled physician,21,TRUE,TRUE
Roesch,Anderson,Kristofer,VT,Middlebury,05753,10,FALSE,"ABO, NPI, ENT Health",all_three_agree,TRUE,802-388-7037,General,2026-07-01,TRUE,Yes,Yes,Yes,2026-10-28,Complete,189,1568479251,TRUE,TRUE,802,VT,NA,valid,Rural,Accepting,With sampled physician,82,TRUE,TRUE
Falk,Osborne,Ryan,CA,Los Angeles,90048,1,FALSE,"ABO, NPI but not ENT Health",aboto_nppes_agree_enthealth_missing,TRUE,310-657-0123,Head and Neck Cancer,2026-06-16,TRUE,Yes,Yes,Yes,2026-06-23,Complete,190,1992880439,TRUE,TRUE,310,CA,NA,valid,Urban,Accepting,With sampled physician,4,TRUE,TRUE
Falk,Nordstrom,Michael,WI,Milwaukee,53220,1,FALSE,"ABO, NPI, ENT Health",all_three_agree,FALSE,414-281-4466,General,2026-06-16,TRUE,Yes,Yes,Yes,2026-07-07,Complete,191,1376554832,TRUE,TRUE,414,WI,NA,valid,Urban,Accepting,With sampled physician,13,TRUE,TRUE
Falk,Kryzer,Thomas,KS,Wichita,67206,1,FALSE,"ABO, NPI but not ENT Health",aboto_nppes_agree_enthealth_missing,TRUE,316-686-6608,Otology/neurotology,NA,TRUE,No-retired or no longer practicing medicine,Not applicable,NA,NA,Complete,192,1194727453,TRUE,TRUE,316,KS,NA,valid,Urban,Not accepting: retired/left,NA,NA,FALSE,NA
Falk,Boyev,Kestutis,FL,Tampa,33612,1,FALSE,"ABO, NPI, ENT Health",aboto_enthealth_agree_nppes_disagree,TRUE,813-821-8012,Otology/neurotology,2026-06-18,TRUE,Yes,Yes,Yes,2026-06-26,Complete,193,1730114380,TRUE,TRUE,813,FL,NA,valid,Urban,Accepting,With sampled physician,5,TRUE,TRUE
Falk,Erickson,Rick,TX,Paris,75460,4,FALSE,"ABO, NPI, ENT Health",all_three_agree,TRUE,(903) 785-5800,General,2026-06-16,TRUE,Yes,Yes,Yes,2026-06-23,Complete,194,1457354367,TRUE,TRUE,903,TX,NA,valid,Suburban,Accepting,With sampled physician,4,TRUE,TRUE
Falk,Goodrich,Timothy,WA,Pullman,99163,4,FALSE,"ABO, NPI but not ENT Health",aboto_nppes_agree_enthealth_missing,TRUE,(509) 332-8843,General,2026-06-16,TRUE,Yes,Yes,Yes,2026-10-14,Complete,195,1598887861,TRUE,TRUE,509,WA,NA,valid,Suburban,Accepting,With sampled physician,82,TRUE,TRUE
Falk,Danziger,Eliot,NY,Levittown,11756,1,FALSE,"ABO, NPI but not ENT Health",aboto_nppes_disagree_enthealth_missing,FALSE,(516) 579-3050,General,2026-06-25,TRUE,No-not specified why,Not applicable,"Not applicable, no appointment offered with anyone in practice",NA,Complete,196,1538127683,TRUE,TRUE,516,NY,NA,valid,Urban,Not accepting: unspecified,No appointment offered,NA,FALSE,FALSE
Falk,Doellman,Mary,IL,Quincy,62301,4,TRUE,"ABO, NPI, ENT Health",all_three_agree,TRUE,(217) 222-6550,General,2026-06-16,TRUE,Yes,Yes,Yes,2026-07-17,Complete,197,1417117854,TRUE,TRUE,217,IL,NA,valid,Suburban,Accepting,With sampled physician,21,TRUE,TRUE
Falk,Vora,Neil,TX,Greenville,75401,4,FALSE,"ABO, NPI, ENT Health",all_three_agree,TRUE,903.454.6481,General,2026-06-18,TRUE,Yes,Yes,Yes,2026-07-08,Complete,198,1871525709,TRUE,TRUE,903,TX,NA,valid,Suburban,Accepting,With sampled physician,12,TRUE,TRUE
Falk,Wynings-Keaty,Erin,MN,Saint Paul,55125,1,FALSE,"ABO, NPI but not ENT Health",aboto_nppes_agree_enthealth_missing,TRUE,(651) 702-0750,General,2026-06-18,TRUE,Yes,Yes,Yes,2026-07-02,Complete,199,1093212011,TRUE,TRUE,651,MN,NA,valid,Urban,Accepting,With sampled physician,9,TRUE,TRUE
Falk,Zapanta,Philip,VA,Danville,24541,4,FALSE,"ABO, NPI, ENT Health",all_three_agree,TRUE,(434) 792-0830,General,2026-06-18,TRUE,Yes,Yes,Yes,2026-09-28,Complete,200,1528008026,TRUE,TRUE,434,VA,NA,valid,Suburban,Accepting,With sampled physician,69,TRUE,TRUE
Falk,Mumtaz,Anwar,MD,Halethorpe,21227,1,FALSE,"ABO, NPI but not ENT Health",aboto_nppes_agree_enthealth_missing,TRUE,â€‹410-789-2800,General,2026-06-25,TRUE,Yes,Yes,Yes,2026-07-09,Complete,201,1639281736,TRUE,TRUE,410,MD,NA,valid,Urban,Accepting,With sampled physician,9,TRUE,TRUE
Falk,Mathias,Brad,GA,Milledgeville,31061,5,FALSE,"ABO, NPI but not ENT Health",aboto_nppes_agree_enthealth_missing,FALSE,(478) 240-2000,General,2026-06-25,TRUE,No-not specified why,Not applicable,"Not applicable, no appointment offered with anyone in practice",NA,Complete,202,1649450586,TRUE,TRUE,478,GA,NA,valid,Suburban,Not accepting: unspecified,No appointment offered,NA,FALSE,FALSE
Falk,Miller,Karen,ME,Belfast,04915,7,FALSE,"ABO, NPI but not ENT Health",aboto_nppes_agree_enthealth_missing,FALSE,(207) 338-2500,General,2026-06-18,TRUE,No-not specified why,Not applicable,"Not applicable, no appointment offered with anyone in practice",2026-06-18,Complete,203,1386828960,TRUE,TRUE,207,ME,NA,valid,Rural,Not accepting: unspecified,No appointment offered,0,TRUE,FALSE
Falk,Blevins,Nikolas,CA,Stanford,94305,1,FALSE,"ABO, NPI, ENT Health",aboto_enthealth_agree_nppes_disagree,TRUE,(650) 723-5281,Otology/neurotology,2026-06-23,TRUE,Yes,Yes,"Not applicable, no appointment offered with anyone in practice",NA,Complete,204,1093863169,TRUE,TRUE,650,CA,NA,valid,Urban,Accepting,No appointment offered,NA,FALSE,FALSE
Falk,Scheidt,Troy,MO,Columbia,65203,1,FALSE,"ABO, NPI, ENT Health",all_three_agree,TRUE,(573) 214-2000,General,2026-06-18,TRUE,Yes,No,No-but appointment offered with different physician,2026-07-10,Complete,205,1619920097,TRUE,TRUE,573,MO,NA,valid,Urban,Accepting,With different physician,14,TRUE,FALSE
Falk,Levinger,Joshua,TX,Odessa,79761,1,FALSE,"ABO, NPI, ENT Health",all_three_agree,FALSE,432-640-6360,General,2026-06-18,TRUE,No-changed practices,Not applicable,"Not applicable, no appointment offered with anyone in practice",NA,Complete,206,1942456967,TRUE,TRUE,432,TX,NA,valid,Urban,Not accepting: changed practice,No appointment offered,NA,FALSE,FALSE
Falk,Malekzadeh,Sonya,DC,Washington,20007,1,FALSE,"ABO, NPI, ENT Health",all_three_agree,TRUE,202-444-8186,General,2026-06-18,TRUE,No-not specified why,Not applicable,"Not applicable, no appointment offered with anyone in practice",NA,Complete,207,1861491409,TRUE,TRUE,202,DC,NA,valid,Urban,Not accepting: unspecified,No appointment offered,NA,FALSE,FALSE
Falk,Fordham,Morgan,TX,San Antonio,78207,1,FALSE,"ABO, NPI but not ENT Health",aboto_nppes_disagree_enthealth_missing,TRUE,210-704-3707,Pediatrics,2026-06-18,TRUE,Yes,Yes,Yes,2026-08-26,Complete,208,1558522615,TRUE,TRUE,210,TX,NA,valid,Urban,Accepting,With sampled physician,47,TRUE,TRUE
Falk,Daly,Scott,GA,Moultrie,31768,4,FALSE,"ABO, NPI, ENT Health",all_three_agree,TRUE,229-891-3325,General,2026-06-18,TRUE,Yes,Yes,Yes,2026-07-06,Complete,209,1619917838,TRUE,TRUE,229,GA,NA,valid,Suburban,Accepting,With sampled physician,10,TRUE,TRUE
Falk,Bailey,David,TX,Conroe,77384,1,TRUE,"ABO, NPI but not ENT Health",aboto_nppes_agree_enthealth_missing,FALSE,936-266-2630,General,2026-06-25,TRUE,No-retired or no longer practicing medicine,Not applicable,"Not applicable, no appointment offered with anyone in practice",NA,Complete,210,1548277882,TRUE,TRUE,936,TX,NA,valid,Urban,Not accepting: retired/left,No appointment offered,NA,FALSE,FALSE
Falk,Bradford,Benjamin,NV,Stateline,89449,4,FALSE,"ABO, NPI but not ENT Health",aboto_nppes_disagree_enthealth_missing,TRUE,(530) 721-6052,Facial Plastics,2026-06-15,TRUE,No-changed practices,NA,NA,NA,Complete,211,1629336128,TRUE,TRUE,530,CA,NA,valid,Suburban,Not accepting: changed practice,NA,NA,FALSE,NA
Falk,Cote,Donald,GA,Conyers,30012,1,FALSE,"ABO, NPI, ENT Health",all_three_agree,FALSE,(770) 922-5458,General,2026-06-18,TRUE,No-retired or no longer practicing medicine,Not applicable,No-but appointment offered with different physician,2026-07-08,Complete,212,1942302328,TRUE,TRUE,770,GA,NA,valid,Urban,Not accepting: retired/left,With different physician,12,TRUE,FALSE
Falk,Hirsch,Matthew,CA,Carlsbad,92009,1,FALSE,"ABO, NPI but not ENT Health",aboto_nppes_agree_enthealth_missing,TRUE,760-334-5466,Facial Plastics,2026-06-15,TRUE,Yes,Yes,Yes,2026-06-17,Complete,213,1831331693,TRUE,TRUE,760,CA,NA,valid,Urban,Accepting,With sampled physician,2,TRUE,TRUE
Falk,Ferris,Robert,NC,Raleigh,27607,1,FALSE,"ABO, NPI but not ENT Health",aboto_nppes_agree_enthealth_missing,TRUE,984-974-6486,Head and Neck Cancer,2026-06-25,TRUE,No-not specified why,Not applicable,"Not applicable, no appointment offered with anyone in practice",NA,Complete,214,1851364509,TRUE,TRUE,984,NC,NA,valid,Urban,Not accepting: unspecified,No appointment offered,NA,FALSE,FALSE
Falk,Pavlovich,Andrew,MO,Lees Summit,64064,1,FALSE,"ABO, NPI but not ENT Health",aboto_nppes_agree_enthealth_missing,FALSE,(816) 478-4200,Facial Plastics,2026-06-18,TRUE,No-not specified why,Not applicable,No-but appointment offered with different physician,2026-06-22,Complete,215,1013980614,TRUE,TRUE,816,MO,NA,valid,Urban,Not accepting: unspecified,With different physician,1,TRUE,FALSE
Falk,Wall,Maryann,CO,Steamboat Springs,80487,4,FALSE,"ABO, NPI but not ENT Health",aboto_nppes_agree_enthealth_missing,FALSE,(970) 879-3200,General,2026-06-15,FALSE,NA,NA,"Not applicable, no appointment offered with anyone in practice",NA,Complete,216,1528065695,TRUE,TRUE,970,CO,NA,valid,Suburban,NA,No appointment offered,NA,FALSE,FALSE
Falk,Mendelsohn,Michael,NY,Garden City,11530,1,FALSE,"ABO, NPI, ENT Health",nppes_enthealth_agree_aboto_disagree,TRUE,516-222-1881,Pediatrics,2026-06-18,TRUE,Yes,Yes,Yes,2026-06-22,Complete,217,1285653535,TRUE,TRUE,516,NY,NA,valid,Urban,Accepting,With sampled physician,1,TRUE,TRUE
Falk,Noone,Michael,SC,Charleston,29414,1,FALSE,"ABO, NPI, ENT Health",all_three_agree,TRUE,(843) 766-7103,General,2026-06-18,TRUE,Yes,Yes,Yes,2026-06-22,Complete,218,1376500504,TRUE,TRUE,843,SC,NA,valid,Urban,Accepting,With sampled physician,1,TRUE,TRUE
Falk,Hebert,Richard,LA,Eunice,70535,4,FALSE,"ABO, NPI but not ENT Health",aboto_nppes_agree_enthealth_missing,TRUE,337-550-8530,Pediatrics,2026-06-18,TRUE,Yes,Yes,Yes,2026-06-24,Complete,219,1396742235,TRUE,TRUE,337,LA,NA,valid,Suburban,Accepting,With sampled physician,3,TRUE,TRUE
Falk,Jabourian,Zaven,VA,Richlands,24641,7,FALSE,"ABO, NPI, ENT Health",all_three_agree,TRUE,2769647439,General,2026-06-18,TRUE,Yes,Yes,Yes,2026-07-08,Complete,220,1487758660,TRUE,TRUE,276,VA,NA,valid,Rural,Accepting,With sampled physician,12,TRUE,TRUE
Falk,Roa,Ricardo,OH,Portsmouth,45662,4,FALSE,"ABO, NPI but not ENT Health",aboto_nppes_agree_enthealth_missing,TRUE,740-356-6836,General,2026-06-25,TRUE,Yes,Yes,Yes,2026-07-27,Complete,221,1700821907,TRUE,TRUE,740,OH,NA,valid,Suburban,Accepting,With sampled physician,21,TRUE,TRUE
Falk,Scruggs,Michael,NC,Rutherfordton,28139,4,FALSE,"ABO, NPI but not ENT Health",aboto_nppes_agree_enthealth_missing,FALSE,828-286-5335,General,2026-06-25,TRUE,No-retired or no longer practicing medicine,Not applicable,"Not applicable, no appointment offered with anyone in practice",NA,Complete,222,1871573394,TRUE,TRUE,828,NC,NA,valid,Suburban,Not accepting: retired/left,No appointment offered,NA,FALSE,FALSE
Falk,Turner,Justin,AL,Birmingham,35233,1,FALSE,"ABO, NPI, ENT Health",all_three_agree,TRUE,205-801-7801,Rhinology,2026-06-15,TRUE,Yes,Yes,Yes,2026-06-24,Complete,223,1215076807,TRUE,TRUE,205,AL,NA,valid,Urban,Accepting,With sampled physician,6,TRUE,TRUE
Falk,Simpson,Roger,NE,North Platte,69101,4,FALSE,"ABO, NPI but not ENT Health",aboto_nppes_agree_enthealth_missing,TRUE,(308) 532-6165,General,2026-06-15,TRUE,Yes,Yes,Yes,2026-07-07,Complete,224,1871585281,TRUE,TRUE,308,NE,NA,valid,Suburban,Accepting,With sampled physician,14,TRUE,TRUE
Falk,Cunningham,John,NC,Kinston,28501,4,FALSE,"ABO, NPI but not ENT Health",aboto_nppes_disagree_enthealth_missing,FALSE,(252) 393-1220,General,2026-06-18,FALSE,NA,Not applicable,"Not applicable, no appointment offered with anyone in practice",NA,Complete,225,1245215904,TRUE,TRUE,252,NC,NA,valid,Suburban,NA,No appointment offered,NA,FALSE,FALSE
Falk,Tran,Quang,FL,Panama City,32405,1,FALSE,"ABO, NPI, ENT Health",all_three_agree,TRUE,(850) 769-0278,General,2026-06-25,TRUE,Yes,Yes,Yes,2026-07-06,Complete,226,1679516215,TRUE,TRUE,850,FL,NA,valid,Urban,Accepting,With sampled physician,6,TRUE,TRUE
Falk,Gnuechtel,Michael,TX,Kerrville,78028,4,FALSE,"ABO, NPI, ENT Health",all_three_agree,TRUE,830-895-4443,General,2026-06-15,TRUE,Yes,Yes,Yes,2026-06-30,Complete,227,1033101902,TRUE,TRUE,830,TX,NA,valid,Suburban,Accepting,With sampled physician,10,TRUE,TRUE
Falk,Jones,James,GA,LaGrange,30240,4,FALSE,"ABO, NPI but not ENT Health",aboto_nppes_agree_enthealth_missing,FALSE,706-882-9524,General,2026-06-25,TRUE,No-not specified why,Not applicable,"Not applicable, no appointment offered with anyone in practice",NA,Complete,228,1598861692,TRUE,TRUE,706,GA,NA,valid,Suburban,Not accepting: unspecified,No appointment offered,NA,FALSE,FALSE
Falk,Gutowski,Watson,MT,Sidney,59270,7,FALSE,"ABO, NPI but not ENT Health",aboto_nppes_agree_enthealth_missing,FALSE,406-488-2380,Otology/neurotology,2026-06-23,TRUE,No-not specified why,Not applicable,"Not applicable, no appointment offered with anyone in practice",NA,Complete,229,1639256688,TRUE,TRUE,406,MT,NA,valid,Rural,Not accepting: unspecified,No appointment offered,NA,FALSE,FALSE
Falk,Le,Marissa,WI,Elkhorn,53121,4,FALSE,"ABO, NPI, ENT Health",all_three_agree,TRUE,262-723-6811,General,2026-06-25,TRUE,Yes,Yes,Yes,2026-07-15,Complete,230,1326369901,TRUE,TRUE,262,WI,NA,valid,Suburban,Accepting,With sampled physician,13,TRUE,TRUE
Falk,Wheless,Stephen,TN,Knoxville,37916,1,FALSE,"ABO, NPI, ENT Health",all_three_agree,TRUE,(865) 693-6065,General,2026-06-23,TRUE,Yes,Yes,Yes,2026-06-30,Complete,231,1649579996,TRUE,TRUE,865,TN,NA,valid,Urban,Accepting,With sampled physician,5,TRUE,TRUE
Falk,Bond,William,DC,Washington,20010,1,FALSE,"ABO, NPI but not ENT Health",aboto_nppes_agree_enthealth_missing,TRUE,(202) 726-7770,General,2026-06-24,TRUE,Yes,Yes,Yes,2026-06-29,Complete,232,1730124041,TRUE,TRUE,202,DC,NA,valid,Urban,Accepting,With sampled physician,3,TRUE,TRUE
Falk,Deutsch,Ellen,DE,Wilmington,19803,1,FALSE,"ABO, NPI but not ENT Health",aboto_nppes_disagree_enthealth_missing,TRUE,(302) 651-4000,Pediatrics,2026-06-24,TRUE,No-changed practices,Not applicable,"Not applicable, no appointment offered with anyone in practice",NA,Complete,233,1013008382,TRUE,TRUE,302,DE,NA,valid,Urban,Not accepting: changed practice,No appointment offered,NA,FALSE,FALSE
Falk,Scott,James,OR,Roseburg,97471,4,FALSE,"ABO, NPI but not ENT Health",aboto_nppes_agree_enthealth_missing,FALSE,(541) 673-3259,General,2026-06-15,FALSE,NA,NA,"Not applicable, no appointment offered with anyone in practice",NA,Complete,234,1619128246,TRUE,TRUE,541,OR,NA,valid,Suburban,NA,No appointment offered,NA,FALSE,FALSE
Falk,Hart,Joseph,IA,Creston,50801,7,FALSE,"ABO, NPI, ENT Health",all_three_agree,FALSE,(641) 782-3887,General,2026-06-23,TRUE,No-not specified why,Not applicable,"Not applicable, no appointment offered with anyone in practice",NA,Complete,235,1649224411,TRUE,TRUE,641,IA,NA,valid,Rural,Not accepting: unspecified,No appointment offered,NA,FALSE,FALSE
Falk,Laurenzo,John,MS,Oxford,38655,4,FALSE,"ABO, NPI, ENT Health",all_three_agree,TRUE,(662) 234-1337,General,2026-06-16,TRUE,Yes,Yes,Yes,2026-06-17,Complete,236,1700851615,TRUE,TRUE,662,MS,NA,valid,Suburban,Accepting,With sampled physician,1,TRUE,TRUE
Falk,Rudzinski,Walter,MI,Munising,49862,10,FALSE,"ABO, NPI but not ENT Health",aboto_nppes_agree_enthealth_missing,FALSE,906-387-4338,General,2026-06-24,TRUE,No-retired or no longer practicing medicine,Not applicable,"Not applicable, no appointment offered with anyone in practice",NA,Complete,237,1891768651,TRUE,TRUE,906,MI,NA,valid,Rural,Not accepting: retired/left,No appointment offered,NA,FALSE,FALSE
Falk,von Allmen,Douglas,OH,Cincinnati,45229,1,FALSE,"ABO, NPI but not ENT Health",aboto_nppes_agree_enthealth_missing,TRUE,513-636-3200,Pediatrics,2026-06-16,TRUE,Yes,Yes,Yes,2026-07-17,Complete,238,1720407133,TRUE,TRUE,513,OH,NA,valid,Urban,Accepting,With sampled physician,21,TRUE,TRUE
Falk,Ferguson,Jonathan,IL,Rockford,61107,1,FALSE,"ABO, NPI but not ENT Health",aboto_nppes_agree_enthealth_missing,TRUE,(815) 398-3277,General,2026-06-15,TRUE,No-practice is full but physician does still see established patients,NA,No-but appointment offered with different physician,2026-10-14,Complete,239,1669452934,TRUE,TRUE,815,IL,NA,valid,Urban,Not accepting: practice full,With different physician,83,TRUE,FALSE
Falk,Cole,Jeptha,MS,Flowood,39232,1,FALSE,"ABO, NPI but not ENT Health",aboto_nppes_disagree_enthealth_missing,TRUE,(601) 933-2004,Facial Plastics,2026-06-15,TRUE,Yes,Yes,Yes,2026-07-24,Complete,240,1821182080,TRUE,TRUE,601,MS,NA,valid,Urban,Accepting,With sampled physician,27,TRUE,TRUE
Kim,McGonagle,Martin,TX,Stephenville,76401,4,FALSE,"ABO, NPI but not ENT Health",aboto_nppes_agree_enthealth_missing,NA,254-965-7870,General,2026-06-01,FALSE,NA,Not applicable,"Not applicable, no appointment offered with anyone in practice",NA,Complete,241,1871698308,TRUE,TRUE,254,TX,NA,valid,Suburban,NA,No appointment offered,NA,FALSE,FALSE
Kim,Hilger,Peter,MN,Minneapolis,55439,1,FALSE,"ABO, NPI but not ENT Health",aboto_nppes_agree_enthealth_missing,NA,(952) 844-0404,Facial Plastics,2026-06-01,TRUE,Yes,Yes,"Not applicable, no appointment offered with anyone in practice",NA,Complete,242,1790770196,TRUE,TRUE,952,MN,NA,valid,Urban,Accepting,No appointment offered,NA,FALSE,FALSE
Kim,Shikowitz,Mark,NY,New Hyde Park,11040,1,FALSE,"ABO, NPI, ENT Health",all_three_agree,NA,516-470-7550,Rhinology,2026-06-01,TRUE,Yes,Yes,"Not applicable, no appointment offered with anyone in practice",NA,Complete,243,1104997105,TRUE,TRUE,516,NY,NA,valid,Urban,Accepting,No appointment offered,NA,FALSE,FALSE
Kim,Fritsch,Valerie,SC,Lugoff,29078,4,FALSE,"ABO, NPI, ENT Health",all_three_agree,TRUE,(803) 969-0618,General,2026-06-09,TRUE,Yes,Yes,Yes,2026-06-26,Complete,244,1447513643,TRUE,TRUE,803,SC,NA,valid,Suburban,Accepting,With sampled physician,12,TRUE,TRUE
Kim,Harounian,Jonathan,NY,New York,10021,1,FALSE,"ABO, NPI but not ENT Health",aboto_nppes_agree_enthealth_missing,TRUE,212-444-8006,Facial Plastics,2026-06-09,FALSE,No-retired or no longer practicing medicine,Not applicable,No-but appointment offered with different physician,NA,Complete,245,1386039196,TRUE,TRUE,212,NY,NA,valid,Urban,Not accepting: retired/left,With different physician,NA,FALSE,FALSE
Kim,Saini,Alok,KY,Lexington,40536,1,FALSE,"ABO, NPI, ENT Health",all_three_agree,TRUE,(859) 257-5405,Rhinology,2026-06-09,TRUE,Yes,Yes,Yes,2026-07-14,Complete,246,1073872875,TRUE,TRUE,859,KY,NA,valid,Urban,Accepting,With sampled physician,23,TRUE,TRUE
Kim,Ovaitt,Alyssa,LA,New Orleans,70112,1,FALSE,"ABO, NPI, ENT Health",all_three_agree,TRUE,225-765-1982,Facial Plastics,2026-06-09,TRUE,Yes,Yes,Yes,2026-08-12,Complete,247,1265968911,TRUE,TRUE,225,LA,NA,valid,Urban,Accepting,With sampled physician,44,TRUE,TRUE
Kim,Danosos,Douglas,NY,Batavia,14020,4,FALSE,"ABO, NPI but not ENT Health",aboto_nppes_agree_enthealth_missing,FALSE,NA,Laryngology,NA,NA,NA,NA,NA,NA,Complete,248,1780645283,TRUE,FALSE,NA,NA,NA,missing,Suburban,NA,NA,NA,FALSE,NA
Kim,Beck,Howard,MI,Petoskey,49770,5,FALSE,"ABO, NPI but not ENT Health",aboto_nppes_agree_enthealth_missing,TRUE,(231) 439-6844,General,2026-06-10,FALSE,NA,NA,NA,NA,Complete,249,1710906425,TRUE,TRUE,231,MI,NA,valid,Suburban,NA,NA,NA,FALSE,NA
Kim,Veenker,Elizabeth,FL,Gainesville,32608,1,FALSE,"ABO, NPI but not ENT Health",aboto_nppes_agree_enthealth_missing,NA,352-376-1611,Head and Neck Cancer,2026-07-06,FALSE,NA,NA,NA,NA,Complete,250,1861581399,TRUE,TRUE,352,FL,NA,valid,Urban,NA,NA,NA,FALSE,NA
Kim,Du,Eugenie,MA,West Roxbury,02132,1,FALSE,"ABO, NPI, ENT Health",nppes_enthealth_agree_aboto_disagree,TRUE,(508) 757-0330,Head and Neck Cancer,2026-06-10,TRUE,Yes,Yes,Yes,2026-06-22,Complete,251,1700178241,TRUE,TRUE,508,MA,NA,valid,Urban,Accepting,With sampled physician,7,TRUE,TRUE
Kim,Glassman,Harrison,NY,Bronx,10461,1,FALSE,"ABO, NPI, ENT Health",all_three_agree,TRUE,(718) 863-4366,General,2026-06-10,TRUE,Yes,Yes,Yes,2026-06-16,Complete,252,1811151608,TRUE,TRUE,718,NY,NA,valid,Urban,Accepting,With sampled physician,4,TRUE,TRUE
Kim,Kaza,Srinivas,NY,Canandaigua,14424,4,FALSE,"ABO, NPI, ENT Health",all_three_agree,TRUE,585-394-8800,General,2026-06-10,TRUE,Yes,Yes,Yes,2026-07-01,Complete,253,1679597652,TRUE,TRUE,585,NY,NA,valid,Suburban,Accepting,With sampled physician,14,TRUE,TRUE
Kim,Bryars,William,AL,Mobile,36606,1,FALSE,"ABO, NPI but not ENT Health",aboto_nppes_agree_enthealth_missing,TRUE,(251) 473-1900,General,2026-06-10,TRUE,No-retired or no longer practicing medicine,Not applicable,NA,NA,Complete,254,1366445223,TRUE,TRUE,251,AL,NA,valid,Urban,Not accepting: retired/left,NA,NA,FALSE,NA
Kim,Thompson,David,MD,Potomac,20854,1,FALSE,"ABO, NPI but not ENT Health",aboto_nppes_agree_enthealth_missing,TRUE,770-872-2321,General,2026-06-10,TRUE,Yes,Yes,NA,2026-07-07,Complete,255,1134123912,TRUE,TRUE,770,GA,NA,valid,Urban,Accepting,NA,17,TRUE,NA
Kim,Seywerd,Erwin,ME,Augusta,04330,4,FALSE,"ABO, NPI but not ENT Health",aboto_nppes_agree_enthealth_missing,TRUE,207-623-8411,General,2026-07-06,TRUE,No-not specified why,Not applicable,NA,NA,Complete,256,1811967227,TRUE,TRUE,207,ME,NA,valid,Suburban,Not accepting: unspecified,NA,NA,FALSE,NA
Kim,Bapna,Sumit,OH,Dublin,43016,1,FALSE,"ABO, NPI but not ENT Health",aboto_nppes_agree_enthealth_missing,TRUE,614-876-6673,Facial Plastics,2026-07-06,TRUE,Yes,Yes,Yes,NA,Complete,257,1841415049,TRUE,TRUE,614,OH,NA,valid,Urban,Accepting,With sampled physician,NA,FALSE,TRUE
Kim,Uyesugi,Arthur,CA,Temecula,92592,1,FALSE,"ABO, NPI but not ENT Health",aboto_nppes_agree_enthealth_missing,NA,(951) 404-0911,General,2026-06-11,TRUE,Yes,Yes,Yes,2026-06-19,Complete,258,1528593431,TRUE,TRUE,951,CA,NA,valid,Urban,Accepting,With sampled physician,5,TRUE,TRUE
Kim,Kimberley,Barry,KS,Newton,67114,4,FALSE,"ABO, NPI but not ENT Health",aboto_nppes_agree_enthealth_missing,TRUE,316-283-2828,General,2026-06-11,FALSE,NA,NA,NA,NA,Complete,259,1063417012,TRUE,TRUE,316,KS,NA,valid,Suburban,NA,NA,NA,FALSE,NA
Kim,Brenner,Alan,NM,Albuquerque,87106,1,FALSE,"ABO, NPI but not ENT Health",aboto_nppes_disagree_enthealth_missing,NA,505-563-6450,Facial Plastics,2026-07-06,FALSE,NA,Not applicable,NA,NA,Complete,260,1063565075,TRUE,TRUE,505,NM,NA,valid,Urban,NA,NA,NA,FALSE,NA
Kim,Neis,Paul,AR,Mountain Home,72653,4,FALSE,"ABO, NPI, ENT Health",aboto_nppes_agree_enthealth_disagree,TRUE,(870) 424-4200,General,2026-06-11,TRUE,No-retired or no longer practicing medicine,NA,NA,NA,Complete,261,1629077896,TRUE,TRUE,870,AR,NA,valid,Suburban,Not accepting: retired/left,NA,NA,FALSE,NA
Kim,Hay,Casey,KY,Leitchfield,42754,7,FALSE,"ABO, NPI, ENT Health",all_three_agree,TRUE,270-259-2714,General,2026-06-11,NA,NA,NA,NA,NA,Incomplete,262,1023428695,TRUE,TRUE,270,KY,NA,valid,Rural,NA,NA,NA,FALSE,NA
Kim,DelGaudio,John,GA,Atlanta,30322,1,FALSE,"ABO, NPI but not ENT Health",aboto_nppes_agree_enthealth_missing,TRUE,(404) 778-3381,General,2026-06-11,TRUE,Yes,Yes,Yes,2026-06-23,Complete,263,1104937861,TRUE,TRUE,404,GA,NA,valid,Urban,Accepting,With sampled physician,7,TRUE,TRUE
Kim,Snyder,James,NH,Concord,03301,4,FALSE,"ABO, NPI, ENT Health",all_three_agree,TRUE,(603) 425-6530,General,2026-06-11,TRUE,No-retired or no longer practicing medicine,Not applicable,No-but appointment offered with different physician,2026-07-15,Complete,264,1811965379,TRUE,TRUE,603,NH,NA,valid,Suburban,Not accepting: retired/left,With different physician,22,TRUE,FALSE
Kim,Schaefer,John,NY,Ogdensburg,13669,4,FALSE,"ABO, NPI, ENT Health",all_three_agree,TRUE,(315) 393-7955,General,2026-06-11,TRUE,Yes,Yes,Yes,2026-09-01,Complete,265,1841227816,TRUE,TRUE,315,NY,NA,valid,Suburban,Accepting,With sampled physician,56,TRUE,TRUE
Kim,Aachen-Winans,James,TN,Sparta,38583,5,FALSE,"ABO, NPI but not ENT Health",aboto_nppes_disagree_enthealth_missing,TRUE,(425) 449-8185,Facial Plastics,NA,NA,No-changed practices,NA,NA,NA,Complete,266,1811999006,TRUE,TRUE,425,WA,NA,valid,Suburban,Not accepting: changed practice,NA,NA,FALSE,NA
Kim,Chase,Daniel,OH,Lancaster,43130,4,FALSE,"ABO, NPI, ENT Health",all_three_agree,TRUE,740-681-8300,General,2026-06-11,TRUE,Yes,Yes,Yes,2026-06-29,Complete,267,1063483857,TRUE,TRUE,740,OH,NA,valid,Suburban,Accepting,With sampled physician,11,TRUE,TRUE
Kim,Olson,Jerold,AZ,Tucson,85741,1,FALSE,"ABO, NPI but not ENT Health",aboto_nppes_disagree_enthealth_missing,TRUE,(520) 200-2218,Facial Plastics,2026-06-11,TRUE,Yes,Yes,Yes,2026-07-13,Complete,268,1881745354,TRUE,TRUE,520,AZ,NA,valid,Urban,Accepting,With sampled physician,20,TRUE,TRUE
Kim,Brawner,James,MO,Branson,65616,4,FALSE,"ABO, NPI but not ENT Health",aboto_nppes_agree_enthealth_missing,TRUE,(417) 335-3636,General,2026-06-11,TRUE,Yes,Yes,Yes,2026-09-01,Complete,269,1598804825,TRUE,TRUE,417,MO,NA,valid,Suburban,Accepting,With sampled physician,56,TRUE,TRUE
Kim,Connell,Nathaniel,WI,Eau Claire,54703,1,FALSE,"ABO, NPI, ENT Health",all_three_agree,TRUE,715-838-6968,General,2026-06-11,TRUE,Yes,Yes,Yes,2026-06-29,Complete,270,1558899013,TRUE,TRUE,715,WI,NA,valid,Urban,Accepting,With sampled physician,11,TRUE,TRUE
Kim,Sewell,Steven,LA,Leesville,71446,8,FALSE,"ABO, NPI but not ENT Health",aboto_nppes_disagree_enthealth_missing,TRUE,337-392-1000,General,2026-06-15,TRUE,Yes,Yes,Yes,2026-06-19,Complete,271,1427019389,TRUE,TRUE,337,LA,NA,valid,Rural,Accepting,With sampled physician,3,TRUE,TRUE
Kim,Gelbard,Alexander,TN,Nashville,37232,1,FALSE,"ABO, NPI, ENT Health",all_three_agree,TRUE,615-343-7464,General,2026-06-15,TRUE,Yes,Not applicable,"Not applicable, no appointment offered with anyone in practice",NA,Complete,272,1023262466,TRUE,TRUE,615,TN,NA,valid,Urban,Accepting,No appointment offered,NA,FALSE,FALSE
Kim,Kim,Jennifer,MA,Boston,02114,1,FALSE,"ABO, NPI, ENT Health",aboto_enthealth_agree_nppes_disagree,TRUE,617-573-5524,Facial Plastics,2026-06-15,FALSE,NA,NA,NA,NA,Incomplete,273,1598853004,TRUE,TRUE,617,MA,NA,valid,Urban,NA,NA,NA,FALSE,NA
Kim,Franzke,Ronald,OR,Lincoln City,97367,4,FALSE,"ABO, NPI but not ENT Health",aboto_nppes_agree_enthealth_missing,TRUE,(541) 994-8114,General,2026-06-15,FALSE,NA,NA,NA,NA,Incomplete,274,1629017058,TRUE,TRUE,541,OR,NA,valid,Suburban,NA,NA,NA,FALSE,NA
Kim,Wellendorf,Tracey,IA,Carroll,51401,4,FALSE,"ABO, NPI, ENT Health",all_three_agree,TRUE,(712) 794-5981,General,2026-06-15,TRUE,Yes,Not applicable,NA,NA,Complete,275,1528057387,TRUE,TRUE,712,IA,NA,valid,Suburban,Accepting,NA,NA,FALSE,NA
Kim,Rumans,Todd,AR,Batesville,72501,4,FALSE,"ABO, NPI, ENT Health",all_three_agree,TRUE,(870) 698-1846,General,2026-06-15,TRUE,Yes,Yes,Yes,2026-07-09,Complete,276,1124097209,TRUE,TRUE,870,AR,NA,valid,Suburban,Accepting,With sampled physician,16,TRUE,TRUE
Kim,Hershey,Marcus,TX,Houston,77006,1,FALSE,"ABO, NPI, ENT Health",all_three_agree,TRUE,(713) 795-4885,General,2026-06-15,TRUE,Yes,Yes,Yes,2026-06-16,Complete,277,1730568502,TRUE,TRUE,713,TX,NA,valid,Urban,Accepting,With sampled physician,1,TRUE,TRUE
Kim,Rawal,Rounak,CT,Madison,06443,1,FALSE,"ABO, NPI, ENT Health",all_three_agree,TRUE,(203) 245-0496,Pediatrics,2026-06-15,TRUE,Yes,Yes,Yes,2026-08-01,Complete,278,1457799231,TRUE,TRUE,203,CT,NA,valid,Urban,Accepting,With sampled physician,32,TRUE,TRUE
Kim,Harmych,Brian,OH,Ft Mitchell,41017,1,FALSE,"ABO, NPI, ENT Health",all_three_agree,TRUE,216-831-3223,Facial Plastics,2026-06-15,TRUE,Yes,Yes,Yes,2026-07-01,Complete,279,1568651990,TRUE,TRUE,216,OH,NA,valid,Urban,Accepting,With sampled physician,11,TRUE,TRUE
Kim,Tzikas,Thomas,FL,Delray Beach,33483,1,FALSE,"ABO, NPI but not ENT Health",aboto_nppes_disagree_enthealth_missing,TRUE,561-330-9500,Facial Plastics,2026-06-15,TRUE,Yes,Yes,Yes,2026-12-17,Complete,280,1619276102,TRUE,TRUE,561,FL,NA,valid,Urban,Accepting,With sampled physician,127,TRUE,TRUE
Kim,Segal,Mark,CA,Fontana,92335,1,FALSE,"ABO, NPI but not ENT Health",aboto_nppes_agree_enthealth_missing,TRUE,866-454-3485,General,2026-06-15,FALSE,NA,Not applicable,NA,NA,Complete,281,1942377767,TRUE,TRUE,866,toll-free,NA,valid,Urban,NA,NA,NA,FALSE,NA
Kim,Marcus,Larry,ME,Norway,04268,10,FALSE,"ABO, NPI, ENT Health",aboto_enthealth_agree_nppes_disagree,TRUE,207-743-2945,General,2026-06-15,FALSE,Yes,Yes,Yes,2026-09-28,Complete,282,1497743991,TRUE,TRUE,207,ME,NA,valid,Rural,Accepting,With sampled physician,72,TRUE,TRUE
Kim,Keller,Mark,NE,Hastings,68901,4,FALSE,"ABO, NPI, ENT Health",all_three_agree,TRUE,402-463-2431,General,2026-06-15,TRUE,Yes,Yes,Yes,2026-07-15,Complete,283,1790762110,TRUE,TRUE,402,NE,NA,valid,Suburban,Accepting,With sampled physician,20,TRUE,TRUE
Kim,Mawn,Christopher,NE,Columbus,68601,4,FALSE,"ABO, NPI, ENT Health",all_three_agree,TRUE,402-562-4720,Facial Plastics,2026-06-15,TRUE,Yes,Yes,Yes,2026-06-30,Complete,284,1487608246,TRUE,TRUE,402,NE,NA,valid,Suburban,Accepting,With sampled physician,10,TRUE,TRUE
Kim,Gaffga,Christopher,MI,Marshall,49068,7,FALSE,"ABO, NPI, ENT Health",all_three_agree,TRUE,(269) 789-0015,General,2026-06-17,TRUE,Yes,Yes,Yes,2026-08-12,Complete,285,1417977570,TRUE,TRUE,269,MI,NA,valid,Rural,Accepting,With sampled physician,38,TRUE,TRUE
Kim,Ran,Cong,CA,Santa Monica,90401,1,FALSE,"ABO, NPI, ENT Health",aboto_enthealth_agree_nppes_disagree,TRUE,855-522-3682,Facial Plastics,2026-06-17,TRUE,Yes,Yes,Yes,2026-06-24,Complete,286,1194110700,TRUE,TRUE,855,toll-free,NA,valid,Urban,Accepting,With sampled physician,4,TRUE,TRUE
Kim,Worden,Brian,CA,Palo Alto,94304,1,FALSE,"ABO, NPI, ENT Health",all_three_agree,FALSE,NA,Otology/neurotology,NA,NA,NA,NA,NA,NA,Complete,287,1376601245,TRUE,FALSE,NA,NA,NA,missing,Urban,NA,NA,NA,FALSE,NA
Kim,Mucha,Samantha,MI,Adrian,49221,4,FALSE,"ABO, NPI, ENT Health",all_three_agree,TRUE,517-263-9491,General,2026-06-17,TRUE,Yes,Yes,Yes,2026-07-07,Complete,288,1326056003,TRUE,TRUE,517,MI,NA,valid,Suburban,Accepting,With sampled physician,12,TRUE,TRUE
Kim,Kamil,Rebecca,MD,Rockville,20850,1,FALSE,"ABO, NPI but not ENT Health",aboto_nppes_agree_enthealth_missing,TRUE,301-307-5050,General,2026-06-25,TRUE,Yes,Yes,Yes,2026-07-02,Complete,289,1225445968,TRUE,TRUE,301,MD,NA,valid,Urban,Accepting,With sampled physician,5,TRUE,TRUE
Kim,Kilde,John,NC,Albemarle,28001,4,FALSE,"ABO, NPI, ENT Health",all_three_agree,TRUE,704-295-3000,General,2026-06-25,TRUE,Yes,Yes,Yes,2026-06-26,Complete,290,1023094026,TRUE,TRUE,704,NC,NA,valid,Suburban,Accepting,With sampled physician,1,TRUE,TRUE
Kim,Walburn,James,AL,Tuscaloosa,35406,1,FALSE,"ABO, NPI but not ENT Health",aboto_nppes_agree_enthealth_missing,TRUE,205-758-9041,General,2026-06-25,TRUE,No-retired or no longer practicing medicine,Yes,No-but appointment offered with different physician,NA,Complete,291,1558398412,TRUE,TRUE,205,AL,NA,valid,Urban,Not accepting: retired/left,With different physician,NA,FALSE,FALSE
Kim,Adkins,James,FL,Palm Harbor,34683,1,FALSE,"ABO, NPI but not ENT Health",aboto_nppes_agree_enthealth_missing,TRUE,321-939-3000,Otology/neurotology,2026-06-25,TRUE,No-retired or no longer practicing medicine,No,No-but appointment offered with different physician,2026-08-24,Complete,292,1073545034,TRUE,TRUE,321,FL,NA,valid,Urban,Not accepting: retired/left,With different physician,41,TRUE,FALSE
Kim,Hoffman,Henry,IA,Iowa City,52242,1,FALSE,"ABO, NPI, ENT Health",all_three_agree,TRUE,800-777-8442,General,2026-06-25,TRUE,Yes,No,No-but appointment offered with different physician,2026-07-23,Complete,293,1326031709,TRUE,TRUE,800,toll-free,NA,valid,Urban,Accepting,With different physician,19,TRUE,FALSE
Kim,Shah,Jay,OH,Cleveland,44106,1,FALSE,"ABO, NPI, ENT Health",aboto_enthealth_agree_nppes_disagree,TRUE,216-844-6000,Pediatrics,2026-06-25,TRUE,NA,Not applicable,"Not applicable, no appointment offered with anyone in practice",NA,Complete,294,1477741783,TRUE,TRUE,216,OH,NA,valid,Urban,NA,No appointment offered,NA,FALSE,FALSE
Kim,Henrich,Douglas,IA,West Burlington,52655,4,FALSE,"ABO, NPI, ENT Health",aboto_enthealth_agree_nppes_missing,TRUE,319-752-2725,General,2026-06-25,TRUE,Yes,Yes,Yes,2026-07-08,Complete,295,1588634414,TRUE,TRUE,319,IA,NA,valid,Suburban,Accepting,With sampled physician,8,TRUE,TRUE
Kim,Szwarc,Brian,GA,Thomasville,31792,4,FALSE,"ABO, NPI, ENT Health",all_three_agree,TRUE,229.226.1443,General,2026-06-25,TRUE,Yes,Yes,Yes,2026-07-06,Complete,296,1366553349,TRUE,TRUE,229,GA,NA,valid,Suburban,Accepting,With sampled physician,6,TRUE,TRUE
Kim,Atwell,Dwayne,OK,Muskogee,74401,4,FALSE,"ABO, NPI but not ENT Health",aboto_nppes_agree_enthealth_missing,TRUE,(918) 683-0121,General,2026-06-25,FALSE,No-not specified why,NA,NA,NA,Complete,297,1144236696,TRUE,TRUE,918,OK,NA,valid,Suburban,Not accepting: unspecified,NA,NA,FALSE,NA
Kim,Graboyes,Evan,SC,Charleston,29425,1,FALSE,"ABO, NPI, ENT Health",all_three_agree,TRUE,843-792-9300,General,2026-06-25,TRUE,Yes,Yes,Yes,2026-07-14,Complete,298,1760778682,TRUE,TRUE,843,SC,NA,valid,Urban,Accepting,With sampled physician,12,TRUE,TRUE
Kim,Feldman,Jeffrey,RI,Westerly,02891,4,FALSE,"ABO, NPI but not ENT Health",aboto_nppes_agree_enthealth_missing,TRUE,(401) 596-2033,General,2026-06-25,TRUE,No-retired or no longer practicing medicine,No,No-but appointment offered with different physician,2026-08-03,Complete,299,1538250337,TRUE,TRUE,401,RI,NA,valid,Suburban,Not accepting: retired/left,With different physician,26,TRUE,FALSE
Kim,Marcus,M.,FL,Inverness,34452,1,FALSE,"ABO, NPI but not ENT Health",aboto_nppes_agree_enthealth_missing,TRUE,(352) 726-3131,General,2026-06-25,TRUE,No-retired or no longer practicing medicine,No,"Not applicable, no appointment offered with anyone in practice",NA,Complete,300,1427057397,TRUE,TRUE,352,FL,NA,valid,Urban,Not accepting: retired/left,No appointment offered,NA,FALSE,FALSE
Kim,Gunovich,Richard,OH,Marietta,45750,4,FALSE,"ABO, NPI but not ENT Health",aboto_nppes_agree_enthealth_missing,TRUE,(740) 373-4288,General,2026-06-25,TRUE,NA,NA,NA,NA,Incomplete,301,1538145263,TRUE,TRUE,740,OH,NA,valid,Suburban,NA,NA,NA,FALSE,NA
Kim,Goldfarb,Jared,NJ,Neptune,07753,1,FALSE,"ABO, NPI, ENT Health",aboto_enthealth_agree_nppes_disagree,TRUE,(732) 280-7855,Facial Plastics,2026-06-25,TRUE,Yes,Yes,Yes,2026-07-09,Complete,302,1851754022,TRUE,TRUE,732,NJ,NA,valid,Urban,Accepting,With sampled physician,9,TRUE,TRUE
Kim,Khoury,Tawfiq,PA,Philadelphia,19107,1,FALSE,"ABO, NPI but not ENT Health",aboto_nppes_agree_enthealth_missing,TRUE,703-287-4600,General,2026-06-25,TRUE,NA,NA,NA,NA,Incomplete,303,1750709432,TRUE,TRUE,703,VA,NA,valid,Urban,NA,NA,NA,FALSE,NA
Kim,Anderson,Michael,WI,Fort Atkinson,53538,4,FALSE,"ABO, NPI, ENT Health",all_three_agree,TRUE,920-563-6667,General,2026-06-26,TRUE,Yes,Yes,Yes,2026-07-16,Complete,304,1588685077,TRUE,TRUE,920,WI,NA,valid,Suburban,Accepting,With sampled physician,13,TRUE,TRUE
Kim,Richtsmeier,William,NY,Cooperstown,13326,10,FALSE,"ABO, NPI but not ENT Health",aboto_nppes_agree_enthealth_missing,TRUE,607-547-3456,General,2026-06-26,TRUE,No-retired or no longer practicing medicine,Not applicable,"Not applicable, no appointment offered with anyone in practice",NA,Complete,305,1265496657,TRUE,TRUE,607,NY,NA,valid,Rural,Not accepting: retired/left,No appointment offered,NA,FALSE,FALSE
Kim,Hughes-Papsidero,John,FL,Key West,33040,4,FALSE,"ABO, NPI but not ENT Health",aboto_nppes_agree_enthealth_missing,TRUE,(352) 437-4726,General,2026-06-26,TRUE,NA,NA,NA,NA,Incomplete,306,1841306792,TRUE,TRUE,352,FL,NA,valid,Suburban,NA,NA,NA,FALSE,NA
Kim,Stumpe,Matthew,KS,Wichita,67226,1,FALSE,"ABO, NPI, ENT Health",all_three_agree,TRUE,316-684-2838,General,2026-06-26,TRUE,Yes,Yes,Yes,2026-06-30,Complete,307,1275756132,TRUE,TRUE,316,KS,NA,valid,Urban,Accepting,With sampled physician,2,TRUE,TRUE
Kim,Wulu,Jacqueline,MA,Boston,02118,1,FALSE,"ABO, NPI but not ENT Health",aboto_nppes_agree_enthealth_missing,NA,NA,NA,NA,NA,NA,NA,NA,NA,Incomplete,308,1194127704,TRUE,FALSE,NA,NA,NA,missing,Urban,NA,NA,NA,FALSE,NA
Kim,Saunders,James,NH,Lebanon,03756,4,FALSE,"ABO, NPI, ENT Health",aboto_enthealth_agree_nppes_disagree,TRUE,603-650-8123,Otology/neurotology,2026-06-26,TRUE,Yes,Yes,Yes,2026-09-30,Complete,309,1407824535,TRUE,TRUE,603,NH,NA,valid,Suburban,Accepting,With sampled physician,66,TRUE,TRUE
Kim,Epp,Robert,KS,Hutchinson,67502,4,FALSE,"ABO, NPI, ENT Health",all_three_agree,TRUE,(620) 669-2500,General,2026-06-26,TRUE,No-retired or no longer practicing medicine,Yes,No-but appointment offered with APP,2026-07-01,Complete,310,1669452603,TRUE,TRUE,620,KS,NA,valid,Suburban,Not accepting: retired/left,With APP only,3,TRUE,FALSE
Kim,O'Halloran,Gerard,MN,Owatonna,55060,4,FALSE,"ABO, NPI, ENT Health",nppes_enthealth_agree_aboto_disagree,TRUE,507-646-1000,General,2026-06-26,TRUE,Yes,Yes,Yes,2026-07-14,Complete,311,1184684839,TRUE,TRUE,507,MN,NA,valid,Suburban,Accepting,With sampled physician,11,TRUE,TRUE
Kim,Nelson,Avery,NH,Keene,03431,4,FALSE,"ABO, NPI, ENT Health",all_three_agree,TRUE,(603) 354-5496,General,2026-06-29,NA,NA,NA,NA,NA,Incomplete,312,1457844912,TRUE,TRUE,603,NH,NA,valid,Suburban,NA,NA,NA,FALSE,NA
Kim,Riesberg,Michael,FL,Pensacola,32504,1,FALSE,"ABO, NPI but not ENT Health",aboto_nppes_agree_enthealth_missing,TRUE,(850) 476-0700,General,2026-06-29,TRUE,Yes,Yes,Yes,2026-07-13,Complete,313,1407831191,TRUE,TRUE,850,FL,NA,valid,Urban,Accepting,With sampled physician,9,TRUE,TRUE
Kim,Alexander,Richard,NC,Oxford,27565,10,FALSE,"ABO, NPI, ENT Health",all_three_agree,TRUE,919-692-0003,General,2026-06-29,TRUE,Yes,Yes,Yes,2026-08-03,Complete,314,1679890917,TRUE,TRUE,919,NC,NA,valid,Rural,Accepting,With sampled physician,24,TRUE,TRUE
Kim,Hall,Kathryn,FL,Plant City,33563,1,FALSE,"ABO, NPI but not ENT Health",aboto_nppes_disagree_enthealth_missing,TRUE,(813) 250-2216,Facial Plastics,2026-06-29,FALSE,NA,NA,NA,NA,Incomplete,315,1568567931,TRUE,TRUE,813,FL,NA,valid,Urban,NA,NA,NA,FALSE,NA
Kim,Numa,William,MA,Winchester,01890,1,FALSE,"ABO, NPI, ENT Health",all_three_agree,TRUE,(617) 694-6678,Facial Plastics,2026-06-29,TRUE,Yes,Yes,Yes,2026-08-10,Complete,316,1538157987,TRUE,TRUE,617,MA,NA,valid,Urban,Accepting,With sampled physician,29,TRUE,TRUE
Kim,Batuello,Stephen,CO,Fort Morgan,80701,4,FALSE,"ABO, NPI, ENT Health",all_three_agree,TRUE,970-542-4371,General,2026-06-29,TRUE,NA,Not applicable,NA,NA,Complete,317,1508973843,TRUE,TRUE,970,CO,NA,valid,Suburban,NA,NA,NA,FALSE,NA
Kim,Corbin,Shaun,TN,Columbia,38401,4,FALSE,"ABO, NPI, ENT Health",aboto_nppes_agree_enthealth_disagree,TRUE,931.380.9166,Sleep,2026-06-29,TRUE,Yes,No,NA,NA,Complete,318,1669421814,TRUE,TRUE,931,TN,NA,valid,Suburban,Accepting,NA,NA,FALSE,NA
Kim,McGowan,Diane,GA,LaGrange,30240,4,FALSE,"ABO, NPI but not ENT Health",aboto_nppes_agree_enthealth_missing,TRUE,(706) 882-8831,Facial Plastics,2026-06-29,FALSE,NA,NA,NA,NA,Complete,319,1801822978,TRUE,TRUE,706,GA,NA,valid,Suburban,NA,NA,NA,FALSE,NA
Kim,Abboud,Soo,PA,Philadelphia,19104,1,FALSE,"ABO, NPI, ENT Health",all_three_agree,TRUE,800-789-7366/215-662-9900,General,2026-06-29,TRUE,Yes,Yes,Yes,2026-07-21,Complete,320,1821033440,TRUE,FALSE,NA,NA,NA,invalid_format,Urban,Accepting,With sampled physician,15,TRUE,TRUE
Kim,Gozaine,Teofilo,LA,Leesville,71446,8,FALSE,"ABO, NPI, ENT Health",all_three_agree,TRUE,337-239-2234/392 9524,General,2026-06-29,TRUE,No-not specified why,Not applicable,NA,NA,Complete,321,1598764102,TRUE,FALSE,NA,NA,NA,invalid_format,Rural,Not accepting: unspecified,NA,NA,FALSE,NA
Kim,Lo,Emily,IN,Lebanon,46052,4,FALSE,"ABO, NPI, ENT Health",all_three_agree,TRUE,(765) 485-8340,Facial Plastics,2026-06-29,TRUE,Yes,Yes,Yes,2026-07-27,Complete,322,1326365024,TRUE,TRUE,765,IN,NA,valid,Suburban,Accepting,With sampled physician,19,TRUE,TRUE
Kim,Yian,Christopher,CA,Laguna Hills,92653,1,FALSE,"ABO, NPI, ENT Health",all_three_agree,TRUE,949 679 9000,General,2026-06-29,TRUE,Yes,Yes,Yes,2026-06-29,Complete,323,1003913336,TRUE,TRUE,949,CA,NA,valid,Urban,Accepting,With sampled physician,0,TRUE,TRUE
Kim,Werner,Terry,AZ,Tuba City,86045,7,FALSE,"ABO, NPI but not ENT Health",aboto_nppes_agree_enthealth_missing,TRUE,866-976-5941,General,2026-06-29,TRUE,Yes,Yes,Yes,2026-06-29,Complete,324,1578545208,TRUE,TRUE,866,toll-free,NA,valid,Rural,Accepting,With sampled physician,0,TRUE,TRUE
Kim,Doty,Jonathan,KY,Danville,40422,4,FALSE,"ABO, NPI, ENT Health",all_three_agree,TRUE,(859) 236-0903,General,2026-06-29,TRUE,Yes,Yes,Yes,2026-08-03,Complete,325,1467412007,TRUE,TRUE,859,KY,NA,valid,Suburban,Accepting,With sampled physician,24,TRUE,TRUE
Kim,Shera,April,WI,West Bend,53095,4,FALSE,"ABO, NPI, ENT Health",all_three_agree,TRUE,262-836-7300,General,2026-06-29,TRUE,Yes,Yes,Yes,2026-09-15,Complete,326,1134375124,TRUE,TRUE,262,WI,NA,valid,Suburban,Accepting,With sampled physician,54,TRUE,TRUE
Kim,Will,Naomi,VA,Fort Belvoir,22060,1,FALSE,"ABO, NPI, ENT Health",all_three_agree,TRUE,(703) 858-4439,General,2026-06-30,TRUE,Yes,Yes,Yes,2026-09-08,Complete,327,1730509290,TRUE,TRUE,703,VA,NA,valid,Urban,Accepting,With sampled physician,48,TRUE,TRUE
Kim,Mullis,Thomas,GA,Dublin,31021,4,FALSE,"ABO, NPI, ENT Health",all_three_agree,TRUE,(478) 272-8382,General,2026-06-30,TRUE,Yes,Yes,Yes,2026-08-03,Complete,328,1174743918,TRUE,TRUE,478,GA,NA,valid,Suburban,Accepting,With sampled physician,23,TRUE,TRUE
Kim,Huntley,Colin,PA,Philadelphia,19107,1,FALSE,"ABO, NPI, ENT Health",aboto_nppes_agree_enthealth_disagree,TRUE,(215) 955-6760,General,2026-06-30,TRUE,Yes,Yes,"Not applicable, no appointment offered with anyone in practice",NA,Complete,329,1881984169,TRUE,TRUE,215,PA,NA,valid,Urban,Accepting,No appointment offered,NA,FALSE,FALSE
Kim,Chasse,William,ME,Waterville,04901,4,FALSE,"ABO, NPI, ENT Health",all_three_agree,TRUE,(207) 873-0737,General,2026-06-30,TRUE,Yes,Yes,Yes,2026-09-01,Complete,330,1811094220,TRUE,TRUE,207,ME,NA,valid,Suburban,Accepting,With sampled physician,44,TRUE,TRUE
Kim,McGrady,Murray,IL,Belleville,62226,1,FALSE,"ABO, NPI, ENT Health",all_three_agree,TRUE,618-235-3687,General,2026-06-30,TRUE,Yes,Yes,Yes,2026-07-16,Complete,331,1942203617,TRUE,TRUE,618,IL,NA,valid,Urban,Accepting,With sampled physician,11,TRUE,TRUE
Kim,Weir,Norman,NY,Watertown,13601,1,FALSE,"ABO, NPI but not ENT Health",aboto_nppes_agree_enthealth_missing,TRUE,315-788-1751,General,2026-06-30,TRUE,No-not specified why,Not applicable,"Not applicable, no appointment offered with anyone in practice",NA,Complete,332,1033147772,TRUE,TRUE,315,NY,NA,valid,Urban,Not accepting: unspecified,No appointment offered,NA,FALSE,FALSE
Kim,Kim,Jong,OH,Ashtabula,44004,4,FALSE,"ABO, NPI but not ENT Health",aboto_nppes_agree_enthealth_missing,TRUE,440-997-5781,General,2026-06-30,FALSE,NA,NA,NA,NA,Complete,333,1265449961,TRUE,TRUE,440,OH,NA,valid,Suburban,NA,NA,NA,FALSE,NA
Kim,Bradford,Carol,MI,Ann Arbor,48109,1,FALSE,"ABO, NPI, ENT Health",all_three_agree,FALSE,(614) 292-2600,General,NA,NA,No-changed practices,NA,NA,NA,Complete,334,1710074588,TRUE,TRUE,614,OH,NA,valid,Urban,Not accepting: changed practice,NA,NA,FALSE,NA
Kim,Williams-Rahming,Lorraine,GA,Thomasville,31792,4,FALSE,"ABO, NPI, ENT Health",all_three_agree,TRUE,229-228-2400,General,2026-06-30,TRUE,Yes,Yes,Yes,2026-09-01,Complete,335,1386656593,TRUE,TRUE,229,GA,NA,valid,Suburban,Accepting,With sampled physician,44,TRUE,TRUE
Kim,Lyman,Erik,UT,Price,84501,4,FALSE,"ABO, NPI, ENT Health",all_three_agree,TRUE,(435) 637-4327,General,2026-06-30,TRUE,Yes,Yes,Yes,2026-07-23,Complete,336,1568680122,TRUE,TRUE,435,UT,NA,valid,Suburban,Accepting,With sampled physician,16,TRUE,TRUE
Kim,Altman,Kenneth,PA,Danville,17822,7,FALSE,"ABO, NPI, ENT Health",all_three_agree,TRUE,570 271 5040,Laryngology,2026-07-01,TRUE,Yes,Yes,Yes,2026-08-31,Complete,337,1518927409,TRUE,TRUE,570,PA,NA,valid,Rural,Accepting,With sampled physician,42,TRUE,TRUE
Kim,Sugerman,Joseph,CA,Beverly Hills,90210,1,FALSE,"ABO, NPI but not ENT Health",aboto_nppes_agree_enthealth_missing,TRUE,310-274-6005,General,2026-07-01,TRUE,Yes,Yes,Yes,2026-07-01,Complete,338,1730268251,TRUE,TRUE,310,CA,NA,valid,Urban,Accepting,With sampled physician,0,TRUE,TRUE
Kim,Edwards,Kaitlyn,KY,Winchester,40391,4,FALSE,"ABO, NPI, ENT Health",all_three_agree,TRUE,859.737.8483,General,2026-07-01,TRUE,Yes,Yes,Yes,2026-07-02,Complete,339,1902339914,TRUE,TRUE,859,KY,NA,valid,Suburban,Accepting,With sampled physician,1,TRUE,TRUE
Kim,Currens,John,NC,Asheville,28803,1,FALSE,"ABO, NPI, ENT Health",all_three_agree,TRUE,(828) 254-3517,General,2026-07-01,FALSE,NA,Not applicable,"Not applicable, no appointment offered with anyone in practice",NA,Complete,340,1891897021,TRUE,TRUE,828,NC,NA,valid,Urban,NA,No appointment offered,NA,FALSE,FALSE
Kim,Heichel,Philip,MI,Marquette,49855,4,TRUE,"ABO, NPI but not ENT Health",aboto_nppes_agree_enthealth_missing,TRUE,906-225-7660,General,2026-07-01,TRUE,Yes,Yes,"Not applicable, no appointment offered with anyone in practice",NA,Complete,341,1790132504,TRUE,TRUE,906,MI,NA,valid,Suburban,Accepting,No appointment offered,NA,FALSE,FALSE
Kim,Bruce,William,PA,Lewisburg,17837,4,FALSE,"ABO, NPI but not ENT Health",aboto_nppes_agree_enthealth_missing,TRUE,(570) 523-1163,General,2026-07-01,FALSE,No-retired or no longer practicing medicine,NA,NA,NA,Complete,342,1174504567,TRUE,TRUE,570,PA,NA,valid,Suburban,Not accepting: retired/left,NA,NA,FALSE,NA
Kim,Kriete,Brian,MO,Rolla,65401,4,TRUE,"ABO, NPI, ENT Health",all_three_agree,TRUE,(573) 364-5719,General,2026-07-01,TRUE,No-not specified why,Not applicable,"Not applicable, no appointment offered with anyone in practice",NA,Complete,343,1134319858,TRUE,TRUE,573,MO,NA,valid,Suburban,Not accepting: unspecified,No appointment offered,NA,FALSE,FALSE
Kim,Agarwal,Jay,NJ,Hackensack,07601,1,FALSE,"ABO, NPI but not ENT Health",aboto_nppes_agree_enthealth_missing,TRUE,908-722-1022,General,2026-07-01,FALSE,NA,NA,NA,NA,Incomplete,344,1326433616,TRUE,TRUE,908,NJ,NA,valid,Urban,NA,NA,NA,FALSE,NA
Kim,Ramsey,Mitchell,MT,Kalispell,59901,4,FALSE,"ABO, NPI but not ENT Health",aboto_nppes_disagree_enthealth_missing,TRUE,(406) 752-8330,Otology/neurotology,2026-07-01,TRUE,Yes,Yes,Yes,2026-07-08,Complete,345,1730148156,TRUE,TRUE,406,MT,NA,valid,Suburban,Accepting,With sampled physician,4,TRUE,TRUE
Kim,Knight,Jesse,UT,Tooele,84074,4,FALSE,"ABO, NPI but not ENT Health",aboto_nppes_agree_enthealth_missing,TRUE,435-833-9600,General,2026-07-01,TRUE,Yes,Yes,Yes,2026-07-21,Complete,346,1780844431,TRUE,TRUE,435,UT,NA,valid,Suburban,Accepting,With sampled physician,13,TRUE,TRUE
Kim,White,Ann,GA,Alpharetta,30005,1,FALSE,"ABO, NPI but not ENT Health",aboto_nppes_disagree_enthealth_missing,TRUE,(770) 777-1100,General,2026-07-01,TRUE,No-not specified why,NA,"Not applicable, no appointment offered with anyone in practice",NA,Incomplete,347,1508829417,TRUE,TRUE,770,GA,NA,valid,Urban,Not accepting: unspecified,No appointment offered,NA,FALSE,FALSE
Kim,Froymovich,Oleg,MN,Minneapolis,55454,1,FALSE,"ABO, NPI, ENT Health",nppes_enthealth_agree_aboto_disagree,TRUE,612-626-5900,General,2026-07-02,TRUE,NA,Not applicable,"Not applicable, no appointment offered with anyone in practice",NA,Complete,348,1417912015,TRUE,TRUE,612,MN,NA,valid,Urban,NA,No appointment offered,NA,FALSE,FALSE
Kim,Pettis,Robert,IA,Oskaloosa,52577,4,FALSE,"ABO, NPI, ENT Health",aboto_nppes_agree_enthealth_disagree,TRUE,641.672.3360,General,2026-07-02,TRUE,No-not specified why,Not applicable,"Not applicable, no appointment offered with anyone in practice",NA,Complete,349,1427082346,TRUE,TRUE,641,IA,NA,valid,Suburban,Not accepting: unspecified,No appointment offered,NA,FALSE,FALSE
Kim,Lam,Allen,MA,Boston,02115,1,FALSE,"ABO, NPI, ENT Health",all_three_agree,TRUE,617-630-1699,General,2026-07-02,TRUE,NA,Not applicable,"Not applicable, no appointment offered with anyone in practice",NA,Complete,350,1407177769,TRUE,TRUE,617,MA,NA,valid,Urban,NA,No appointment offered,NA,FALSE,FALSE
Kim,Sautter,Nathan,WA,Olympia,98506,1,FALSE,"ABO, NPI, ENT Health",all_three_agree,TRUE,(360) 357-6314,Rhinology,2026-07-02,TRUE,NA,NA,NA,NA,Incomplete,351,1457472961,TRUE,TRUE,360,WA,NA,valid,Urban,NA,NA,NA,FALSE,NA
Kim,Sheffield,Abraham,IL,Quincy,62301,4,FALSE,"ABO, NPI, ENT Health",aboto_nppes_agree_enthealth_disagree,TRUE,(217) 357-2173,General,2026-07-02,TRUE,Yes,Yes,Yes,2026-09-28,Complete,352,1841552411,TRUE,TRUE,217,IL,NA,valid,Suburban,Accepting,With sampled physician,60,TRUE,TRUE
Kim,Drake,Amelia,NC,Chapel Hill,27599,1,FALSE,"ABO, NPI, ENT Health",aboto_nppes_agree_enthealth_disagree,TRUE,984-974-6484,Pediatrics,2026-07-02,TRUE,Yes,Yes,Yes,2026-09-01,Complete,353,1477654051,TRUE,TRUE,984,NC,NA,valid,Urban,Accepting,With sampled physician,42,TRUE,TRUE
Kim,Driskill,Brent,PA,State College,16801,1,TRUE,"ABO, NPI but not ENT Health",aboto_nppes_agree_enthealth_missing,TRUE,814.466.6396,General,2026-07-02,TRUE,No-changed practices,Not applicable,"Not applicable, no appointment offered with anyone in practice",NA,Complete,354,1477612372,TRUE,TRUE,814,PA,NA,valid,Urban,Not accepting: changed practice,No appointment offered,NA,FALSE,FALSE
Kim,Nelson,Jennifer,VA,Radford,24141,4,FALSE,"ABO, NPI but not ENT Health",aboto_nppes_agree_enthealth_missing,TRUE,(540) 443-7400,General,2026-07-02,TRUE,Yes,Yes,Yes,2026-10-01,Complete,355,1942439096,TRUE,TRUE,540,VA,NA,valid,Suburban,Accepting,With sampled physician,63,TRUE,TRUE
Kim,Coyle,Brian,MN,Red Wing,55066,4,FALSE,"ABO, NPI but not ENT Health",aboto_nppes_agree_enthealth_missing,TRUE,507-444-5062,Pediatrics,2026-07-02,TRUE,Yes,Yes,Yes,2026-09-10,Complete,356,1598732836,TRUE,TRUE,507,MN,NA,valid,Suburban,Accepting,With sampled physician,48,TRUE,TRUE
Kim,Bumpous,Jeffrey,KY,Louisville,40202,1,FALSE,"ABO, NPI but not ENT Health",aboto_nppes_agree_enthealth_missing,TRUE,502-583-3687,Head and Neck Cancer,2026-07-02,TRUE,No-retired or no longer practicing medicine,No,NA,NA,Complete,357,1508846528,TRUE,TRUE,502,KY,NA,valid,Urban,Not accepting: retired/left,NA,NA,FALSE,NA
Kim,Bateman,Scott,WY,Sheridan,82801,4,FALSE,"ABO, NPI, ENT Health",all_three_agree,TRUE,307-672-0290,General,2026-07-02,TRUE,Yes,Yes,Yes,2026-07-21,Complete,358,1922184647,TRUE,TRUE,307,WY,NA,valid,Suburban,Accepting,With sampled physician,12,TRUE,TRUE
Kim,Newell,Maximillian,IN,Indianapolis,46237,1,FALSE,"ABO, NPI, ENT Health",all_three_agree,TRUE,(317) 528-6640,General,2026-07-02,TRUE,Yes,Yes,Yes,2026-07-17,Complete,359,1689731937,TRUE,TRUE,317,IN,NA,valid,Urban,Accepting,With sampled physician,10,TRUE,TRUE
Kim,Franklin,Daniel,TX,Houston,77064,1,FALSE,"ABO, NPI, ENT Health",aboto_enthealth_agree_nppes_disagree,TRUE,(832) 678-8333,Otology/neurotology,2026-07-02,TRUE,No-retired or no longer practicing medicine,Not applicable,"Not applicable, no appointment offered with anyone in practice",NA,Complete,360,1336126598,TRUE,TRUE,832,TX,NA,valid,Urban,Not accepting: retired/left,No appointment offered,NA,FALSE,FALSE
Gregg,Masdon,James,AL,Guntersville,35976,4,FALSE,"ABO, NPI, ENT Health",all_three_agree,TRUE,256-571-8450,General,2026-06-01,TRUE,Yes,Yes,Yes,2026-06-10,Complete,361,1295848471,TRUE,TRUE,256,AL,NA,valid,Suburban,Accepting,With sampled physician,7,TRUE,TRUE
Gregg,Haack,Jason,WY,Evanston,82930,4,FALSE,"ABO, NPI, ENT Health",aboto_enthealth_agree_nppes_disagree,TRUE,307-789-8721,General,2026-06-01,TRUE,Yes,Yes,Yes,2026-06-29,Complete,362,1407832728,TRUE,TRUE,307,WY,NA,valid,Suburban,Accepting,With sampled physician,19,TRUE,TRUE
Gregg,McAuley,James,MS,Tupelo,38801,4,FALSE,"ABO, NPI, ENT Health",nppes_enthealth_agree_aboto_disagree,TRUE,662-844-6513,Otology/neurotology,2026-06-01,TRUE,Yes,Yes,Yes,2026-06-02,Complete,363,1598776338,TRUE,TRUE,662,MS,NA,valid,Suburban,Accepting,With sampled physician,1,TRUE,TRUE
Gregg,Rubinstein,Mark,VA,Fairfax,22031,1,FALSE,"ABO, NPI, ENT Health",aboto_enthealth_agree_nppes_disagree,TRUE,7033838130,Facial Plastics,2026-06-01,TRUE,Yes,Yes,Yes,2026-06-17,Complete,364,1003871971,TRUE,TRUE,703,VA,NA,valid,Urban,Accepting,With sampled physician,12,TRUE,TRUE
Gregg,Mathews,Shawn,GA,LaGrange,30240,4,FALSE,"ABO, NPI, ENT Health",all_three_agree,TRUE,706-803-7960,General,2026-06-02,FALSE,NA,NA,"Not applicable, no appointment offered with anyone in practice",NA,Complete,365,1043341043,TRUE,TRUE,706,GA,NA,valid,Suburban,NA,No appointment offered,NA,FALSE,FALSE
Gregg,Seeley,Brook,CT,Farmington,06030,1,FALSE,"ABO, NPI, ENT Health",aboto_enthealth_agree_nppes_disagree,TRUE,860-676-2472,Facial Plastics,2026-06-02,TRUE,Yes,Yes,Yes,2026-06-09,Complete,366,1437145224,TRUE,TRUE,860,CT,NA,valid,Urban,Accepting,With sampled physician,5,TRUE,TRUE
Gregg,Gillespie,Cameron,VA,Galax,24333,8,FALSE,"ABO, NPI but not ENT Health",aboto_nppes_agree_enthealth_missing,TRUE,336-372-5511,General,2026-06-02,TRUE,Yes,Yes,Yes,2026-06-30,Complete,367,1790747889,TRUE,TRUE,336,NC,NA,valid,Rural,Accepting,With sampled physician,19,TRUE,TRUE
Gregg,Wax,Mark,OR,Portland,97239,1,FALSE,"ABO, NPI, ENT Health",all_three_agree,TRUE,503-494-5355,Head and Neck Cancer,2026-06-01,TRUE,Yes,No,No-but appointment offered with different physician,2026-10-01,Complete,368,1912912429,TRUE,TRUE,503,OR,NA,valid,Urban,Accepting,With different physician,85,TRUE,FALSE
Gregg,VanKoevering,Kyle,OH,Columbus,43210,1,FALSE,"ABO, NPI, ENT Health",all_three_agree,TRUE,614-293-8074,General,2026-06-23,TRUE,Yes,No,"Not applicable, no appointment offered with anyone in practice",NA,Complete,369,1750642823,TRUE,TRUE,614,OH,NA,valid,Urban,Accepting,No appointment offered,NA,FALSE,FALSE
Gregg,Perkins,Jonathan,WA,Seattle,98105,1,FALSE,"ABO, NPI, ENT Health",aboto_nppes_agree_enthealth_disagree,TRUE,2069872105,Pediatrics,2026-06-01,TRUE,Yes,Yes,No-but appointment offered with APP,2026-08-01,Complete,370,1104907468,TRUE,TRUE,206,WA,NA,valid,Urban,Accepting,With APP only,42,TRUE,FALSE
Gregg,Arrowood,John,NC,New Bern,28562,4,FALSE,"ABO, NPI but not ENT Health",aboto_nppes_agree_enthealth_missing,TRUE,252-638-2515,General,2026-06-02,TRUE,No-changed practices,Not applicable,No-but appointment offered with different physician,2026-06-10,Complete,371,1184663981,TRUE,TRUE,252,NC,NA,valid,Suburban,Not accepting: changed practice,With different physician,6,TRUE,FALSE
Gregg,Coleman,Gary,OH,Columbiana,44408,7,FALSE,"ABO, NPI, ENT Health",all_three_agree,TRUE,330-892-0442,General,2026-06-02,TRUE,Yes,Yes,Yes,2026-06-22,Complete,372,1497758643,TRUE,TRUE,330,OH,NA,valid,Rural,Accepting,With sampled physician,13,TRUE,TRUE
Gregg,Somenek,Michael,DC,Washington,20037,1,FALSE,"ABO, NPI but not ENT Health",aboto_nppes_agree_enthealth_missing,TRUE,202-931-5394,Facial Plastics,2026-06-05,TRUE,Yes,Yes,Yes,2026-07-09,Complete,373,1881853448,TRUE,TRUE,202,DC,NA,valid,Urban,Accepting,With sampled physician,22,TRUE,TRUE
Gregg,Ballard,Peter,KY,Danville,40422,4,FALSE,"ABO, NPI but not ENT Health",aboto_nppes_agree_enthealth_missing,TRUE,859-936-9430,General,2026-06-02,FALSE,NA,NA,NA,NA,Complete,374,1134230709,TRUE,TRUE,859,KY,NA,valid,Suburban,NA,NA,NA,FALSE,NA
Gregg,Pytynia,Kristen,TX,Houston,77030,1,FALSE,"ABO, NPI, ENT Health",all_three_agree,TRUE,7137926525,Head and Neck Cancer,2026-06-02,TRUE,Yes,Yes,Yes,2026-06-02,Complete,375,1497702419,TRUE,TRUE,713,TX,NA,valid,Urban,Accepting,With sampled physician,0,TRUE,TRUE
Gregg,Golgert,Rebecca,CA,Santa Barbara,93105,1,FALSE,"ABO, NPI, ENT Health",all_three_agree,TRUE,805-563-1999,General,2026-06-01,TRUE,Yes,Yes,Yes,2026-10-12,Complete,376,1609823210,TRUE,TRUE,805,CA,NA,valid,Urban,Accepting,With sampled physician,91,TRUE,TRUE
Gregg,Zormeier,Michele,IN,Shelbyville,46176,4,FALSE,"ABO, NPI but not ENT Health",aboto_nppes_agree_enthealth_missing,TRUE,317-699-8848,Facial Plastics,2026-06-05,TRUE,Yes,No,"Not applicable, no appointment offered with anyone in practice",NA,Complete,377,1710019609,TRUE,TRUE,317,IN,NA,valid,Suburban,Accepting,No appointment offered,NA,FALSE,FALSE
Gregg,Koltai,Peter,CA,Palo Alto,94304,1,FALSE,"ABO, NPI but not ENT Health",aboto_nppes_agree_enthealth_missing,TRUE,6507244800,Pediatrics,2026-06-01,TRUE,No-retired or no longer practicing medicine,Not applicable,No-but appointment offered with different physician,2026-09-28,Complete,378,1417006362,TRUE,TRUE,650,CA,NA,valid,Urban,Not accepting: retired/left,With different physician,82,TRUE,FALSE
Gregg,Elkins,Tina,TX,Athens,75751,4,FALSE,"ABO, NPI, ENT Health",all_three_agree,TRUE,903-676-3316,General,2026-06-02,TRUE,Yes,Yes,Yes,2026-08-01,Complete,379,1013067982,TRUE,TRUE,903,TX,NA,valid,Suburban,Accepting,With sampled physician,41,TRUE,TRUE
Gregg,Allen,Samantha,FL,Hollywood,33021,1,FALSE,"ABO, NPI but not ENT Health",aboto_nppes_agree_enthealth_missing,TRUE,954-265-1616,Pediatrics,2026-06-02,TRUE,No-changed practices,Not applicable,No-but appointment offered with different physician,2026-06-29,Complete,380,1578957486,TRUE,TRUE,954,FL,NA,valid,Urban,Not accepting: changed practice,With different physician,18,TRUE,FALSE
Gregg,Prasad,Abhishek,TX,Sugar Land,77478,1,FALSE,"ABO, NPI but not ENT Health",aboto_nppes_agree_enthealth_missing,TRUE,713-442-9100,General,2026-06-02,TRUE,Yes,Yes,Yes,2026-07-23,Complete,381,1740496496,TRUE,TRUE,713,TX,NA,valid,Urban,Accepting,With sampled physician,35,TRUE,TRUE
Gregg,Cohen,Alen,CA,West Hills,91307,1,FALSE,"ABO, NPI, ENT Health",aboto_enthealth_agree_nppes_disagree,TRUE,818-452-5981,General,2026-06-02,TRUE,Yes,Yes,Yes,2026-06-10,Complete,382,1003934258,TRUE,TRUE,818,CA,NA,valid,Urban,Accepting,With sampled physician,6,TRUE,TRUE
Gregg,Connor,Matthew,FL,Naples,34102,1,FALSE,"ABO, NPI, ENT Health",all_three_agree,TRUE,239-262-1171,General,2026-06-02,TRUE,Yes,Yes,"Not applicable, no appointment offered with anyone in practice",NA,Complete,383,1831412295,TRUE,TRUE,239,FL,NA,valid,Urban,Accepting,No appointment offered,NA,FALSE,FALSE
Gregg,Humphreys,Brian,TX,Lufkin,75904,4,FALSE,"ABO, NPI, ENT Health",all_three_agree,TRUE,936-699-3141,General,2026-06-02,TRUE,Yes,Yes,Yes,2026-06-17,Complete,384,1326088469,TRUE,TRUE,936,TX,NA,valid,Suburban,Accepting,With sampled physician,11,TRUE,TRUE
Gregg,Espelund,Joshua,IA,Spencer,51301,4,FALSE,"ABO, NPI, ENT Health",all_three_agree,TRUE,712-262-8120,General,2026-06-04,FALSE,NA,NA,"Not applicable, no appointment offered with anyone in practice",NA,Complete,385,1225158819,TRUE,TRUE,712,IA,NA,valid,Suburban,NA,No appointment offered,NA,FALSE,FALSE
Gregg,Ackerman,Kayla,NY,Oneida,13421,4,FALSE,"ABO, NPI, ENT Health",all_three_agree,TRUE,315-363-5421,General,2026-06-05,TRUE,No-on leave of absence (like parental leave),Not applicable,"Not applicable, no appointment offered with anyone in practice",NA,Complete,386,1124525662,TRUE,TRUE,315,NY,NA,valid,Suburban,Not accepting: on leave,No appointment offered,NA,FALSE,FALSE
Gregg,Dahl,Matthew,UT,Salt Lake City,84102,1,FALSE,"ABO, NPI but not ENT Health",aboto_nppes_agree_enthealth_missing,TRUE,801-758-0428,General,2026-06-02,TRUE,Yes,Yes,Yes,2026-06-04,Complete,387,1679666556,TRUE,TRUE,801,UT,NA,valid,Urban,Accepting,With sampled physician,2,TRUE,TRUE
Gregg,Eide,Jacob,MI,Detroit,48202,1,FALSE,"ABO, NPI but not ENT Health",aboto_nppes_agree_enthealth_missing,TRUE,507-538-3270,Rhinology,2026-06-02,TRUE,Yes,Yes,Yes,2026-09-01,Complete,388,1386008084,TRUE,TRUE,507,MN,NA,valid,Urban,Accepting,With sampled physician,63,TRUE,TRUE
Gregg,Pfendler,David,OR,McMinnville,97128,4,FALSE,"ABO, NPI but not ENT Health",aboto_nppes_agree_enthealth_missing,NA,NA,General,NA,NA,No-retired or no longer practicing medicine,Not applicable,NA,NA,Complete,389,1568466282,TRUE,FALSE,NA,NA,NA,missing,Suburban,Not accepting: retired/left,NA,NA,FALSE,NA
Gregg,Condon,Kenneth,WI,Marshfield,54449,4,FALSE,"ABO, NPI but not ENT Health",aboto_nppes_disagree_enthealth_missing,NA,NA,General,NA,NA,No-retired or no longer practicing medicine,Not applicable,NA,NA,Complete,390,1215994363,TRUE,FALSE,NA,NA,NA,missing,Suburban,Not accepting: retired/left,NA,NA,FALSE,NA
Gregg,Robertson,Mark,OK,Bartlesville,74006,4,FALSE,"ABO, NPI, ENT Health",all_three_agree,TRUE,918-333-0474,General,2026-06-02,TRUE,Yes,Yes,Yes,2026-07-22,Complete,391,1962457697,TRUE,TRUE,918,OK,NA,valid,Suburban,Accepting,With sampled physician,34,TRUE,TRUE
Gregg,Brennan,Thomas,IN,Lafayette,47904,1,FALSE,"ABO, NPI but not ENT Health",aboto_nppes_agree_enthealth_missing,NA,NA,General,NA,NA,No-retired or no longer practicing medicine,Not applicable,NA,NA,Complete,392,1548239502,TRUE,FALSE,NA,NA,NA,missing,Urban,Not accepting: retired/left,NA,NA,FALSE,NA
Gregg,Sutton,Collin,LA,Baton Rouge,70810,1,FALSE,"ABO, NPI, ENT Health",all_three_agree,TRUE,225-767-7200,General,2026-06-03,TRUE,Yes,Yes,Yes,2026-06-04,Complete,393,1114226925,TRUE,TRUE,225,LA,NA,valid,Urban,Accepting,With sampled physician,1,TRUE,TRUE
Gregg,Vanderweele,Jon,NY,Oswego,13126,4,FALSE,"ABO, NPI but not ENT Health",aboto_nppes_agree_enthealth_missing,TRUE,315-349-5828,General,2026-06-04,TRUE,No-not specified why,Not applicable,"Not applicable, no appointment offered with anyone in practice",NA,Complete,394,1598737801,TRUE,TRUE,315,NY,NA,valid,Suburban,Not accepting: unspecified,No appointment offered,NA,FALSE,FALSE
Gregg,Katz,Andrew,MA,Cambridge,02139,1,FALSE,"ABO, NPI but not ENT Health",aboto_nppes_agree_enthealth_missing,TRUE,617-665-2555,Head and Neck Cancer,2026-06-04,TRUE,Yes,Yes,"Not applicable, no appointment offered with anyone in practice",NA,Complete,395,1558711440,TRUE,TRUE,617,MA,NA,valid,Urban,Accepting,No appointment offered,NA,FALSE,FALSE
Gregg,Lorenz,Frederick,KY,Glasgow,42141,5,FALSE,"ABO, NPI, ENT Health",all_three_agree,TRUE,270-659-5548,General,2026-06-05,TRUE,Yes,Yes,Yes,2026-07-14,Complete,396,1295771582,TRUE,TRUE,270,KY,NA,valid,Suburban,Accepting,With sampled physician,25,TRUE,TRUE
Gregg,Harper,Christopher,GA,Carrollton,30117,4,FALSE,"ABO, NPI but not ENT Health",aboto_nppes_agree_enthealth_missing,TRUE,770-832-1488,General,2026-06-04,TRUE,Yes,Yes,Yes,2026-06-10,Complete,397,1407201486,TRUE,TRUE,770,GA,NA,valid,Suburban,Accepting,With sampled physician,4,TRUE,TRUE
Gregg,Gadre,Arun,PA,Danville,17822,7,FALSE,"ABO, NPI, ENT Health",nppes_enthealth_agree_aboto_disagree,TRUE,800-275-6401,Otology/neurotology,2026-06-04,TRUE,Yes,Yes,Yes,2026-07-08,Complete,398,1750322533,TRUE,TRUE,800,toll-free,NA,valid,Rural,Accepting,With sampled physician,22,TRUE,TRUE
Gregg,McDonald,Timothy,MI,Holland,49423,1,FALSE,"ABO, NPI, ENT Health",all_three_agree,TRUE,616-393-2190,General,2026-06-05,TRUE,Yes,Yes,Yes,2026-06-08,Complete,399,1902059504,TRUE,TRUE,616,MI,NA,valid,Urban,Accepting,With sampled physician,1,TRUE,TRUE
Gregg,Say,Phillip,NV,Las Vegas,89120,1,FALSE,"ABO, NPI, ENT Health",all_three_agree,TRUE,702-735-7668,General,2026-06-05,FALSE,NA,NA,"Not applicable, no appointment offered with anyone in practice",NA,Complete,400,1972591899,TRUE,TRUE,702,NV,NA,valid,Urban,NA,No appointment offered,NA,FALSE,FALSE
Gregg,Yannias,Dean,NM,Gallup,87301,4,FALSE,"ABO, NPI, ENT Health",all_three_agree,FALSE,NA,General,NA,NA,NA,NA,NA,NA,Complete,401,1427003953,TRUE,FALSE,NA,NA,NA,missing,Suburban,NA,NA,NA,FALSE,NA
Gregg,Patton,Timothy,WA,Wenatchee,98801,1,FALSE,"ABO, NPI but not ENT Health",aboto_nppes_agree_enthealth_missing,TRUE,509-662-7143,General,2026-06-05,FALSE,No-retired or no longer practicing medicine,NA,NA,NA,Complete,402,1104807932,TRUE,TRUE,509,WA,NA,valid,Urban,Not accepting: retired/left,NA,NA,FALSE,NA
Gregg,LaFerriere,Keith,MO,Springfield,65804,1,FALSE,"ABO, NPI but not ENT Health",aboto_nppes_agree_enthealth_missing,NA,NA,NA,NA,NA,No-retired or no longer practicing medicine,Not applicable,NA,NA,Complete,403,1790824480,TRUE,FALSE,NA,NA,NA,missing,Urban,Not accepting: retired/left,NA,NA,FALSE,NA
Gregg,Stock,Curt,UT,Bountiful,84010,1,FALSE,"ABO, NPI but not ENT Health",aboto_nppes_agree_enthealth_missing,TRUE,801-292-3331,General,2026-06-03,TRUE,No-changed practices,Not applicable,No-but appointment offered with different physician,2026-06-08,Complete,404,1275681686,TRUE,TRUE,801,UT,NA,valid,Urban,Not accepting: changed practice,With different physician,3,TRUE,FALSE
Gregg,Wright,Darin,ID,Rupert,83350,7,TRUE,"ABO, NPI, ENT Health",all_three_agree,TRUE,208-434-8420,General,2026-06-03,TRUE,Yes,Yes,Yes,2026-06-08,Complete,405,1619945938,TRUE,TRUE,208,ID,NA,valid,Rural,Accepting,With sampled physician,3,TRUE,TRUE
Gregg,Williams,Mark,MD,Lutherville Timonium,21093,1,FALSE,"ABO, NPI but not ENT Health",aboto_nppes_agree_enthealth_missing,TRUE,410-494-7060,General,2026-06-23,TRUE,Yes,No,"Not applicable, no appointment offered with anyone in practice",NA,Complete,406,1104820828,TRUE,TRUE,410,MD,NA,valid,Urban,Accepting,No appointment offered,NA,FALSE,FALSE
Gregg,Voorman,Matthew,KS,Hutchinson,67502,4,FALSE,"ABO, NPI, ENT Health",all_three_agree,TRUE,620-669-2555,General,2026-06-03,TRUE,Yes,Yes,No-but appointment offered with APP,2026-06-10,Complete,407,1972828713,TRUE,TRUE,620,KS,NA,valid,Suburban,Accepting,With APP only,5,TRUE,FALSE
Gregg,Marietta,Chandler,NH,Laconia,03246,4,TRUE,"ABO, NPI, ENT Health",aboto_nppes_agree_enthealth_disagree,TRUE,603-524-7402,General,2026-06-12,FALSE,NA,NA,"Not applicable, no appointment offered with anyone in practice",NA,Complete,408,1568477982,TRUE,TRUE,603,NH,NA,valid,Suburban,NA,No appointment offered,NA,FALSE,FALSE
Gregg,Mikula,Suzette,TX,Marble Falls,78654,7,FALSE,"ABO, NPI, ENT Health",all_three_agree,TRUE,830-201-7100,Rhinology,2026-06-05,TRUE,NA,Yes,Yes,2026-06-10,Complete,409,1033107420,TRUE,TRUE,830,TX,NA,valid,Rural,NA,With sampled physician,3,TRUE,TRUE
Gregg,Tomlinson,Andrew,CA,Atherton,94027,1,FALSE,"ABO, NPI, ENT Health",all_three_agree,TRUE,775-323-2157,Rhinology,2026-06-03,TRUE,Yes,Yes,Yes,2026-08-09,Complete,410,1992095830,TRUE,TRUE,775,NV,NA,valid,Urban,Accepting,With sampled physician,45,TRUE,TRUE
Gregg,Lotan,Abraham,IL,Sycamore,60178,1,FALSE,"ABO, NPI but not ENT Health",aboto_nppes_agree_enthealth_missing,NA,NA,NA,NA,NA,No-retired or no longer practicing medicine,Not applicable,NA,NA,Complete,411,1760418214,TRUE,FALSE,NA,NA,NA,missing,Urban,Not accepting: retired/left,NA,NA,FALSE,NA
Gregg,Yao,Rachel,TX,Houston,77014,1,FALSE,"ABO, NPI, ENT Health",all_three_agree,TRUE,713-442-6900,General,2026-06-05,TRUE,Yes,Yes,Yes,2026-08-17,Complete,412,1215370036,TRUE,TRUE,713,TX,NA,valid,Urban,Accepting,With sampled physician,49,TRUE,TRUE
Gregg,Pezold,John,GA,Carrollton,30117,4,FALSE,"ABO, NPI but not ENT Health",aboto_nppes_agree_enthealth_missing,TRUE,770-832-1488,General,2026-06-04,TRUE,Yes,Yes,Yes,2026-06-10,Complete,413,1245272806,TRUE,TRUE,770,GA,NA,valid,Suburban,Accepting,With sampled physician,4,TRUE,TRUE
Gregg,Perez,Angel,CA,San Diego,92103,1,FALSE,"ABO, NPI but not ENT Health",aboto_nppes_agree_enthealth_missing,FALSE,NA,Rhinology,NA,NA,NA,NA,NA,NA,Complete,414,1881841971,TRUE,FALSE,NA,NA,NA,missing,Urban,NA,NA,NA,FALSE,NA
Gregg,Schroeder,Walter,NV,Henderson,89052,1,FALSE,"ABO, NPI, ENT Health",all_three_agree,TRUE,702-792-6700,General,2026-06-03,TRUE,Yes,Yes,"Not applicable, no appointment offered with anyone in practice",NA,Complete,415,1205892650,TRUE,TRUE,702,NV,NA,valid,Urban,Accepting,No appointment offered,NA,FALSE,FALSE
Gregg,Simon,Lawrence,LA,Eunice,70535,4,FALSE,"ABO, NPI but not ENT Health",aboto_nppes_disagree_enthealth_missing,NA,NA,Pediatrics,NA,NA,No-retired or no longer practicing medicine,NA,NA,NA,Complete,416,1154581882,TRUE,FALSE,NA,NA,NA,missing,Suburban,Not accepting: retired/left,NA,NA,FALSE,NA
Gregg,Ananth,Ashwin,AL,Foley,36535,4,FALSE,"ABO, NPI, ENT Health",all_three_agree,TRUE,251-928-0300,Sleep,2026-06-05,TRUE,No-changed practices,Not applicable,"Not applicable, no appointment offered with anyone in practice",NA,Complete,417,1447644570,TRUE,TRUE,251,AL,NA,valid,Suburban,Not accepting: changed practice,No appointment offered,NA,FALSE,FALSE
Gregg,Nadaraja,Garani,CA,Pleasanton,94588,1,FALSE,"ABO, NPI, ENT Health",aboto_enthealth_agree_nppes_disagree,TRUE,877-822-4453,Pediatrics,2026-06-03,TRUE,Yes,Yes,No-but appointment offered with APP,2026-07-15,Complete,418,1477797603,TRUE,TRUE,877,toll-free,NA,valid,Urban,Accepting,With APP only,28,TRUE,FALSE
Gregg,Scher,Richard,NC,Durham,27710,1,FALSE,"ABO, NPI but not ENT Health",aboto_nppes_agree_enthealth_missing,NA,NA,General,NA,NA,No-retired or no longer practicing medicine,Not applicable,NA,NA,Complete,419,1346324225,TRUE,FALSE,NA,NA,NA,missing,Urban,Not accepting: retired/left,NA,NA,FALSE,NA
Gregg,Lockhart,Ricky,GA,Milledgeville,31061,5,FALSE,"ABO, NPI, ENT Health",aboto_enthealth_agree_nppes_disagree,NA,NA,NA,NA,NA,No-retired or no longer practicing medicine,Not applicable,NA,NA,Complete,420,1265425912,TRUE,FALSE,NA,NA,NA,missing,Suburban,Not accepting: retired/left,NA,NA,FALSE,NA
Gregg,Lee,Phillip,IA,Mason City,50401,4,FALSE,"ABO, NPI, ENT Health",all_three_agree,TRUE,641-494-5380,Sleep,2026-06-12,FALSE,NA,NA,"Not applicable, no appointment offered with anyone in practice",NA,Complete,421,1083609317,TRUE,TRUE,641,IA,NA,valid,Suburban,NA,No appointment offered,NA,FALSE,FALSE
Gregg,LaVigne,Mark,NC,Laurinburg,28352,4,FALSE,"ABO, NPI, ENT Health",all_three_agree,TRUE,910-610-4368,General,2026-06-23,TRUE,Yes,Yes,Yes,2026-07-15,Complete,422,1982736427,TRUE,TRUE,910,NC,NA,valid,Suburban,Accepting,With sampled physician,15,TRUE,TRUE
Gregg,Cockerill,Cara,MN,Albert Lea,56007,4,FALSE,"ABO, NPI but not ENT Health",aboto_nppes_agree_enthealth_missing,TRUE,512-353-6400,General,2026-06-05,TRUE,Yes,Yes,Yes,2026-07-16,Complete,423,1033404082,TRUE,TRUE,512,TX,NA,valid,Suburban,Accepting,With sampled physician,27,TRUE,TRUE
Gregg,Hester,Ryan,VA,Newport News,23606,1,FALSE,"ABO, NPI, ENT Health",all_three_agree,TRUE,757-547-9714,General,2026-06-05,TRUE,Yes,Yes,Yes,2026-08-06,Complete,424,1053466631,TRUE,TRUE,757,VA,NA,valid,Urban,Accepting,With sampled physician,42,TRUE,TRUE
Gregg,Mixon,Tynes,LA,New Iberia,70560,4,FALSE,"ABO, NPI but not ENT Health",aboto_nppes_disagree_enthealth_missing,TRUE,337-365-4156,General,2026-06-05,TRUE,No-not specified why,Not applicable,"Not applicable, no appointment offered with anyone in practice",NA,Complete,425,1962498683,TRUE,TRUE,337,LA,NA,valid,Suburban,Not accepting: unspecified,No appointment offered,NA,FALSE,FALSE
Gregg,Freed,Gary,NH,Lebanon,03756,4,FALSE,"ABO, NPI but not ENT Health",aboto_nppes_agree_enthealth_missing,TRUE,603-650-5148,Facial Plastics,2026-06-05,TRUE,Yes,Yes,Yes,2026-06-22,Complete,426,1023284148,TRUE,TRUE,603,NH,NA,valid,Suburban,Accepting,With sampled physician,10,TRUE,TRUE
Gregg,Callahan,Scot,AL,Enterprise,36330,4,FALSE,"ABO, NPI but not ENT Health",aboto_nppes_agree_enthealth_missing,TRUE,334-806-3682,General,2026-06-25,FALSE,NA,NA,"Not applicable, no appointment offered with anyone in practice",NA,Complete,427,1023096427,TRUE,TRUE,334,AL,NA,valid,Suburban,NA,No appointment offered,NA,FALSE,FALSE
Gregg,Tubbs,Kyle,MT,Kalispell,59901,4,FALSE,"ABO, NPI but not ENT Health",aboto_nppes_agree_enthealth_missing,TRUE,406-752-8330,General,2026-06-05,TRUE,Yes,Yes,Yes,2026-07-01,Complete,428,1487818944,TRUE,TRUE,406,MT,NA,valid,Suburban,Accepting,With sampled physician,17,TRUE,TRUE
Gregg,Ambrose,Emily,CO,Denver,80204,1,FALSE,"ABO, NPI, ENT Health",all_three_agree,TRUE,303-436-4949,Laryngology,2026-06-05,TRUE,Yes,Yes,"Not applicable, no appointment offered with anyone in practice",NA,Complete,429,1225457997,TRUE,TRUE,303,CO,NA,valid,Urban,Accepting,No appointment offered,NA,FALSE,FALSE
Gregg,Knollman,Philip,OH,Cincinnati,45229,1,FALSE,"ABO, NPI, ENT Health",all_three_agree,TRUE,513-636-4355,Pediatrics,2026-06-05,TRUE,NA,NA,"Not applicable, no appointment offered with anyone in practice",NA,Complete,430,1811242704,TRUE,TRUE,513,OH,NA,valid,Urban,NA,No appointment offered,NA,FALSE,FALSE
Gregg,Reder,Paul,TX,Boerne,78006,10,TRUE,"ABO, NPI, ENT Health",all_three_agree,TRUE,210-202-0250,General,2026-06-05,TRUE,Yes,Yes,Yes,2026-07-31,Complete,431,1871521567,TRUE,TRUE,210,TX,NA,valid,Rural,Accepting,With sampled physician,38,TRUE,TRUE
Gregg,Mariotti,Adam,PA,Exton,19341,1,FALSE,"ABO, NPI, ENT Health",aboto_enthealth_agree_nppes_disagree,TRUE,610-363-2532,General,2026-06-25,TRUE,Yes,Yes,Yes,2026-07-22,Complete,432,1184884298,TRUE,TRUE,610,PA,NA,valid,Urban,Accepting,With sampled physician,18,TRUE,TRUE
Gregg,Williams,William,CO,Durango,81301,4,FALSE,"ABO, NPI but not ENT Health",aboto_nppes_agree_enthealth_missing,FALSE,NA,NA,NA,NA,NA,NA,NA,NA,Complete,433,1033144621,TRUE,FALSE,NA,NA,NA,missing,Suburban,NA,NA,NA,FALSE,NA
Gregg,Albright,James,TX,Houston,77030,1,FALSE,"ABO, NPI, ENT Health",all_three_agree,TRUE,832-822-3250,Pediatrics,2026-06-12,TRUE,Yes,Yes,Yes,2026-06-17,Complete,434,1548255805,TRUE,TRUE,832,TX,NA,valid,Urban,Accepting,With sampled physician,3,TRUE,TRUE
Gregg,Peppard,Sean,PA,Reading,19611,1,FALSE,"ABO, NPI but not ENT Health",aboto_nppes_agree_enthealth_missing,TRUE,NA,General,NA,NA,No-retired or no longer practicing medicine,Not applicable,NA,NA,Complete,435,1932279676,TRUE,FALSE,NA,NA,NA,missing,Urban,Not accepting: retired/left,NA,NA,FALSE,NA
Gregg,Rogerson,Anthony,WI,Monroe,53566,4,FALSE,"ABO, NPI, ENT Health",all_three_agree,TRUE,608-324-2357,General,2026-06-05,TRUE,Yes,Yes,Yes,2026-08-12,Complete,436,1730273566,TRUE,TRUE,608,WI,NA,valid,Suburban,Accepting,With sampled physician,46,TRUE,TRUE
Gregg,Feghali,Joseph,NY,Bronx,10461,1,FALSE,"ABO, NPI, ENT Health",aboto_nppes_agree_enthealth_disagree,TRUE,718-863-4366,Otology/neurotology,2026-06-12,TRUE,Yes,No,"Not applicable, no appointment offered with anyone in practice",NA,Complete,437,1083716500,TRUE,TRUE,718,NY,NA,valid,Urban,Accepting,No appointment offered,NA,FALSE,FALSE
Gregg,Robertson,James,OH,Findlay,45840,4,FALSE,"ABO, NPI but not ENT Health",aboto_nppes_agree_enthealth_missing,NA,NA,NA,NA,NA,No-retired or no longer practicing medicine,Not applicable,NA,NA,Complete,438,1578551354,TRUE,FALSE,NA,NA,NA,missing,Suburban,Not accepting: retired/left,NA,NA,FALSE,NA
Gregg,Sedaghat,Ahmad,OH,Cincinnati,45219,1,FALSE,"ABO, NPI, ENT Health",all_three_agree,TRUE,513-475-8400,Rhinology,2026-06-08,TRUE,Yes,Yes,Yes,2026-06-09,Complete,439,1902049687,TRUE,TRUE,513,OH,NA,valid,Urban,Accepting,With sampled physician,1,TRUE,TRUE
Gregg,Brown,Patrick,TX,San Antonio,78229,1,FALSE,"ABO, NPI but not ENT Health",aboto_nppes_disagree_enthealth_missing,TRUE,210-249-4838,Sleep,2026-06-12,TRUE,Yes,Yes,Yes,2026-09-02,Complete,440,1528069325,TRUE,TRUE,210,TX,NA,valid,Urban,Accepting,With sampled physician,56,TRUE,TRUE
Gregg,Luitje,Martha,NY,Cooperstown,13326,10,FALSE,"ABO, NPI, ENT Health",all_three_agree,TRUE,607-547-3279,General,2026-06-08,TRUE,Yes,No,No-but appointment offered with different physician,2026-06-09,Complete,441,1598297426,TRUE,TRUE,607,NY,NA,valid,Rural,Accepting,With different physician,1,TRUE,FALSE
Gregg,Mitchell,Derek,NC,New Bern,28562,4,FALSE,"ABO, NPI, ENT Health",all_three_agree,TRUE,252-638-2515,General,2026-06-08,TRUE,Yes,Yes,Yes,2026-06-09,Complete,442,1649400938,TRUE,TRUE,252,NC,NA,valid,Suburban,Accepting,With sampled physician,1,TRUE,TRUE
Gregg,Antonucci,Eric,OH,Zanesville,43701,4,FALSE,"ABO, NPI, ENT Health",all_three_agree,TRUE,740-454-0158,General,2026-06-08,TRUE,Yes,Yes,Yes,2026-06-29,Complete,443,1053818336,TRUE,TRUE,740,OH,NA,valid,Suburban,Accepting,With sampled physician,14,TRUE,TRUE
Gregg,Peterson,Steve,TN,Johnson City,37604,1,FALSE,"ABO, NPI, ENT Health",aboto_enthealth_agree_nppes_disagree,TRUE,423-929-7546,Facial Plastics,2026-06-23,TRUE,Yes,No,"Not applicable, no appointment offered with anyone in practice",NA,Complete,444,1306849500,TRUE,TRUE,423,TN,NA,valid,Urban,Accepting,No appointment offered,NA,FALSE,FALSE
Gregg,Mathur,Arun,OH,Wooster,44691,4,FALSE,"ABO, NPI but not ENT Health",aboto_nppes_disagree_enthealth_missing,TRUE,330-264-9699,General,2026-06-08,TRUE,Yes,Yes,Yes,2026-06-30,Complete,445,1396805362,TRUE,TRUE,330,OH,NA,valid,Suburban,Accepting,With sampled physician,15,TRUE,TRUE
Gregg,Glickstein,Jonathan,IL,Gibson City,60936,10,FALSE,"ABO, NPI, ENT Health",all_three_agree,TRUE,217-784-2808,General,2026-06-08,TRUE,Yes,Yes,Yes,2026-08-18,Complete,446,1598983371,TRUE,TRUE,217,IL,NA,valid,Rural,Accepting,With sampled physician,49,TRUE,TRUE
Gregg,Noel,Phillip,LA,Abbeville,70510,4,FALSE,"ABO, NPI, ENT Health",nppes_enthealth_agree_aboto_disagree,TRUE,337-245-0169,Sleep,2026-06-23,TRUE,Yes,No,"Not applicable, no appointment offered with anyone in practice",NA,Complete,447,1477550499,TRUE,TRUE,337,LA,NA,valid,Suburban,Accepting,No appointment offered,NA,FALSE,FALSE
Gregg,Liu,Philip,PA,Honesdale,18431,7,FALSE,"ABO, NPI, ENT Health",all_three_agree,TRUE,570-253-0202,General,2026-06-08,TRUE,Yes,Yes,Yes,2026-08-05,Complete,448,1316055122,TRUE,TRUE,570,PA,NA,valid,Rural,Accepting,With sampled physician,40,TRUE,TRUE
Gregg,Abbott,David,SD,Yankton,57078,4,TRUE,"ABO, NPI, ENT Health",all_three_agree,TRUE,605-665-0062,General,2026-06-08,TRUE,Yes,Yes,Yes,2026-06-15,Complete,449,1932136173,TRUE,TRUE,605,SD,NA,valid,Suburban,Accepting,With sampled physician,5,TRUE,TRUE
Gregg,Gonik,Nathan,MI,Detroit,48201,1,FALSE,"ABO, NPI, ENT Health",all_three_agree,TRUE,313-745-9049,Pediatrics,2026-06-08,TRUE,Yes,Yes,Yes,2026-07-01,Complete,450,1174759815,TRUE,TRUE,313,MI,NA,valid,Urban,Accepting,With sampled physician,16,TRUE,TRUE
Gregg,Byerly,Tracy,TX,Fredericksburg,78624,4,FALSE,"ABO, NPI but not ENT Health",aboto_nppes_agree_enthealth_missing,TRUE,830-997-4000,General,2026-06-08,TRUE,Yes,Yes,No-but appointment offered with APP,2026-06-11,Complete,451,1427354208,TRUE,TRUE,830,TX,NA,valid,Suburban,Accepting,With APP only,3,TRUE,FALSE
Gregg,Gosselin,Benoit,NH,Lebanon,03756,4,FALSE,"ABO, NPI, ENT Health",aboto_enthealth_agree_nppes_disagree,TRUE,603-650-8123,Facial Plastics,2026-06-08,TRUE,Yes,Yes,"Not applicable, no appointment offered with anyone in practice",NA,Complete,452,1225064629,TRUE,TRUE,603,NH,NA,valid,Suburban,Accepting,No appointment offered,NA,FALSE,FALSE
Gregg,Hsu,Jack,VA,Front Royal,22630,4,FALSE,"ABO, NPI, ENT Health",all_three_agree,TRUE,540-635-0795,General,2026-06-08,TRUE,Yes,Yes,Yes,2026-08-21,Complete,453,1114956430,TRUE,TRUE,540,VA,NA,valid,Suburban,Accepting,With sampled physician,52,TRUE,TRUE
Gregg,Bray,Maury,AL,Boaz,35957,4,FALSE,"ABO, NPI but not ENT Health",aboto_nppes_agree_enthealth_missing,TRUE,256-593-7266,General,2026-06-08,TRUE,Yes,Yes,Yes,2026-06-22,Complete,454,1710090899,TRUE,TRUE,256,AL,NA,valid,Suburban,Accepting,With sampled physician,9,TRUE,TRUE
Gregg,Smith,Steven,MS,Columbus,39705,4,TRUE,"ABO, NPI, ENT Health",all_three_agree,TRUE,662-327-4432,General,2026-06-08,TRUE,Yes,Yes,Yes,2026-07-08,Complete,455,1376804369,TRUE,TRUE,662,MS,NA,valid,Suburban,Accepting,With sampled physician,20,TRUE,TRUE
Gregg,Webster,William,OR,Coos Bay,97420,4,FALSE,"ABO, NPI but not ENT Health",aboto_nppes_agree_enthealth_missing,TRUE,541-808-3860,General,2026-06-05,FALSE,NA,NA,"Not applicable, no appointment offered with anyone in practice",NA,Complete,456,1528166287,TRUE,TRUE,541,OR,NA,valid,Suburban,NA,No appointment offered,NA,FALSE,FALSE
Gregg,Weisman,Robert,CA,San Diego,92103,1,FALSE,"ABO, NPI but not ENT Health",aboto_nppes_agree_enthealth_missing,NA,NA,NA,NA,NA,No-retired or no longer practicing medicine,Not applicable,NA,NA,Complete,457,1346293958,TRUE,FALSE,NA,NA,NA,missing,Urban,Not accepting: retired/left,NA,NA,FALSE,NA
Gregg,Correa,Alejandro,GA,Macon,31201,1,FALSE,"ABO, NPI, ENT Health",all_three_agree,TRUE,478-743-8953,General,2026-06-12,TRUE,Yes,Yes,Yes,2026-06-29,Complete,458,1154364370,TRUE,TRUE,478,GA,NA,valid,Urban,Accepting,With sampled physician,10,TRUE,TRUE
Gregg,Soares,Danny,GA,Atlanta,30338,1,FALSE,"ABO, NPI but not ENT Health",aboto_nppes_disagree_enthealth_missing,TRUE,352-269-6308,Facial Plastics,NA,NA,No-changed practices,NA,NA,NA,Complete,459,1952568370,TRUE,TRUE,352,FL,NA,valid,Urban,Not accepting: changed practice,NA,NA,FALSE,NA
Gregg,Liepert,Douglas,IN,South Bend,46635,1,FALSE,"ABO, NPI, ENT Health",nppes_enthealth_agree_aboto_disagree,TRUE,574-212-2846,Sleep,2026-06-12,TRUE,Yes,No,"Not applicable, no appointment offered with anyone in practice",NA,Complete,460,1083675011,TRUE,TRUE,574,IN,NA,valid,Urban,Accepting,No appointment offered,NA,FALSE,FALSE
Gregg,Dalton,Randall,KY,Somerset,42503,4,FALSE,"ABO, NPI but not ENT Health",aboto_nppes_agree_enthealth_missing,NA,NA,NA,NA,NA,No-retired or no longer practicing medicine,Not applicable,NA,NA,Complete,461,1336155944,TRUE,FALSE,NA,NA,NA,missing,Suburban,Not accepting: retired/left,NA,NA,FALSE,NA
Gregg,Scolieri,Paul,PA,Bethel Park,15102,1,FALSE,"ABO, NPI, ENT Health",all_three_agree,TRUE,412-831-7570,General,2026-06-23,TRUE,No-changed practices,NA,NA,NA,Complete,462,1770518219,TRUE,TRUE,412,PA,NA,valid,Urban,Not accepting: changed practice,NA,NA,FALSE,NA
Gregg,Samuelson,Todd,TX,Fort Worth,76104,1,FALSE,"ABO, NPI but not ENT Health",aboto_nppes_agree_enthealth_missing,TRUE,817-335-8151,General,2026-06-23,TRUE,Yes,Yes,Yes,2026-07-23,Complete,463,1942308119,TRUE,TRUE,817,TX,NA,valid,Urban,Accepting,With sampled physician,21,TRUE,TRUE
Gregg,Klingensmith,Mark,PA,Greensburg,15601,1,FALSE,"ABO, NPI, ENT Health",all_three_agree,TRUE,724-834-8113,General,2026-06-23,TRUE,Yes,No,"Not applicable, no appointment offered with anyone in practice",NA,Complete,464,1245262476,TRUE,TRUE,724,PA,NA,valid,Urban,Accepting,No appointment offered,NA,FALSE,FALSE
Gregg,Durakovic,Nedim,MO,Saint Louis,63141,1,FALSE,"ABO, NPI, ENT Health",nppes_enthealth_agree_aboto_disagree,TRUE,314-362-7509,Otology/neurotology,2026-06-12,TRUE,Yes,Yes,Yes,2026-09-08,Complete,465,1235492372,TRUE,TRUE,314,MO,NA,valid,Urban,Accepting,With sampled physician,59,TRUE,TRUE
Gregg,Paydarfar,Joseph,NH,Lebanon,03756,4,FALSE,"ABO, NPI, ENT Health",all_three_agree,TRUE,603-650-8123,Head and Neck Cancer,2026-06-12,TRUE,Yes,Yes,"Not applicable, no appointment offered with anyone in practice",NA,Complete,466,1700975620,TRUE,TRUE,603,NH,NA,valid,Suburban,Accepting,No appointment offered,NA,FALSE,FALSE
Gregg,Becker,Marta,PA,Spring House,19477,1,FALSE,"ABO, NPI, ENT Health",all_three_agree,TRUE,267-865-0005,General,2026-06-23,TRUE,Yes,Yes,Yes,2026-07-30,Complete,467,1467553081,TRUE,TRUE,267,PA,NA,valid,Urban,Accepting,With sampled physician,26,TRUE,TRUE
Gregg,Kou,Yann-Fuu,OH,Cincinnati,45229,1,FALSE,"ABO, NPI, ENT Health",all_three_agree,TRUE,214-645-8898,Pediatrics,NA,NA,No-changed practices,NA,NA,NA,Complete,468,1811317290,TRUE,TRUE,214,TX,NA,valid,Urban,Not accepting: changed practice,NA,NA,FALSE,NA
Gregg,Cox,Victor,MN,Saint Paul,55125,1,FALSE,"ABO, NPI, ENT Health",all_three_agree,TRUE,651-702-0750,General,2026-06-12,TRUE,Yes,Yes,Yes,2026-07-07,Complete,469,1295771558,TRUE,TRUE,651,MN,NA,valid,Urban,Accepting,With sampled physician,15,TRUE,TRUE
Gregg,Chiles,Patrick,NY,Syracuse,13214,1,FALSE,"ABO, NPI, ENT Health",all_three_agree,TRUE,315-251-1093,General,2026-06-23,TRUE,Yes,Yes,Yes,2029-07-28,Complete,470,1639178379,TRUE,TRUE,315,NY,NA,valid,Urban,Accepting,With sampled physician,774,TRUE,TRUE
Gregg,Massey,James,NE,Scottsbluff,69361,4,FALSE,"ABO, NPI, ENT Health",all_three_agree,TRUE,308-439-0258,General,2026-06-25,FALSE,NA,NA,"Not applicable, no appointment offered with anyone in practice",NA,Complete,471,1831113687,TRUE,TRUE,308,NE,NA,valid,Suburban,NA,No appointment offered,NA,FALSE,FALSE
Gregg,Wolter,Robert,WI,Elkhorn,53121,4,FALSE,"ABO, NPI but not ENT Health",aboto_nppes_agree_enthealth_missing,NA,NA,NA,NA,NA,No-retired or no longer practicing medicine,Not applicable,NA,NA,Complete,472,1275640153,TRUE,FALSE,NA,NA,NA,missing,Suburban,Not accepting: retired/left,NA,NA,FALSE,NA
Gregg,Wertz,Aileen,PA,Danville,17822,7,FALSE,"ABO, NPI, ENT Health",all_three_agree,TRUE,800-275-6401,Pediatrics,2026-06-12,TRUE,Yes,Yes,Yes,2026-08-03,Complete,473,1043573652,TRUE,TRUE,800,toll-free,NA,valid,Rural,Accepting,With sampled physician,34,TRUE,TRUE
Gregg,Manning,James,PA,Gettysburg,17325,4,FALSE,"ABO, NPI, ENT Health",all_three_agree,TRUE,717-633-9229,General,2026-06-23,TRUE,Yes,Yes,Yes,2026-07-29,Complete,474,1588667091,TRUE,TRUE,717,PA,NA,valid,Suburban,Accepting,With sampled physician,25,TRUE,TRUE
Gregg,Close,Heidi,IA,Pella,50219,4,FALSE,"ABO, NPI, ENT Health",all_three_agree,TRUE,515-223-4368,General,NA,NA,No-changed practices,NA,NA,NA,Complete,475,1902864903,TRUE,TRUE,515,IA,NA,valid,Suburban,Not accepting: changed practice,NA,NA,FALSE,NA
Gregg,Saffold,Scott,VA,Belle Haven,23306,10,FALSE,"ABO, NPI, ENT Health",all_three_agree,TRUE,757-932-1152,General,2026-06-23,TRUE,Yes,Yes,No-but appointment offered with APP,2026-07-21,Complete,476,1801863162,TRUE,TRUE,757,VA,NA,valid,Rural,Accepting,With APP only,19,TRUE,FALSE
Gregg,Guelcher,Robert,PA,Erie,16504,1,FALSE,"ABO, NPI but not ENT Health",aboto_nppes_agree_enthealth_missing,NA,NA,NA,NA,NA,No-retired or no longer practicing medicine,Not applicable,NA,NA,Complete,477,1417313255,TRUE,FALSE,NA,NA,NA,missing,Urban,Not accepting: retired/left,NA,NA,FALSE,NA
Gregg,Michalowicz,Matthew,NC,New Bern,28562,4,FALSE,"ABO, NPI but not ENT Health",aboto_nppes_agree_enthealth_missing,TRUE,252-638-2515,General,2026-06-08,TRUE,Yes,Yes,Yes,2026-06-09,Complete,478,1811281942,TRUE,TRUE,252,NC,NA,valid,Suburban,Accepting,With sampled physician,1,TRUE,TRUE
Gregg,Shirley,William,AL,Birmingham,35242,1,FALSE,"ABO, NPI but not ENT Health",aboto_nppes_disagree_enthealth_missing,TRUE,205-874-9436,Pediatrics,2026-06-23,TRUE,Yes,Yes,Yes,2026-08-13,Complete,479,1568556280,TRUE,TRUE,205,AL,NA,valid,Urban,Accepting,With sampled physician,36,TRUE,TRUE
Gregg,Chung,Andy,TX,Corsicana,75110,4,FALSE,"ABO, NPI but not ENT Health",aboto_nppes_agree_enthealth_missing,TRUE,903-641-4270,General,2026-06-25,TRUE,Yes,Yes,Yes,2026-07-07,Complete,480,1164449666,TRUE,TRUE,903,TX,NA,valid,Suburban,Accepting,With sampled physician,7,TRUE,TRUE
Chin,Varner,Cheryl,WY,Sheridan,82801,4,FALSE,"ABO, NPI, ENT Health",all_three_agree,TRUE,307-675-4646,General,NA,NA,No-changed practices,NA,NA,NA,Complete,481,1568443398,TRUE,TRUE,307,WY,NA,valid,Suburban,Not accepting: changed practice,NA,NA,FALSE,NA
Chin,Charnock,David,VT,Rutland,05701,4,FALSE,"ABO, NPI but not ENT Health",aboto_nppes_agree_enthealth_missing,TRUE,802-775-7111,General,NA,NA,No-changed practices,NA,NA,NA,Complete,482,1336149160,TRUE,TRUE,802,VT,NA,valid,Suburban,Not accepting: changed practice,NA,NA,FALSE,NA
Chin,Jetmore,Thomas,IN,Richmond,47374,4,FALSE,"ABO, NPI, ENT Health",all_three_agree,TRUE,765-996-1600,General,NA,NA,NA,NA,NA,NA,Incomplete,483,1104274463,TRUE,TRUE,765,IN,NA,valid,Suburban,NA,NA,NA,FALSE,NA
Chin,Shukairy,Khaled,MI,Burton,48509,1,FALSE,"ABO, NPI, ENT Health",aboto_enthealth_agree_nppes_disagree,TRUE,810-742-0225,Pediatrics,NA,NA,NA,NA,NA,NA,Incomplete,484,1518961879,TRUE,TRUE,810,MI,NA,valid,Urban,NA,NA,NA,FALSE,NA
Chin,Silva,Rodrigo,FL,Orlando,32803,1,FALSE,"ABO, NPI but not ENT Health",aboto_nppes_disagree_enthealth_missing,TRUE,407-845-8352,Pediatrics,NA,NA,NA,NA,NA,NA,Incomplete,485,1932365186,TRUE,TRUE,407,FL,NA,valid,Urban,NA,NA,NA,FALSE,NA
Chin,Feldman,Howard,AZ,Cottonwood,86326,4,FALSE,"ABO, NPI but not ENT Health",aboto_nppes_agree_enthealth_missing,FALSE,NA,General,NA,NA,No-retired or no longer practicing medicine,NA,NA,NA,Complete,486,1609972322,TRUE,FALSE,NA,NA,NA,missing,Suburban,Not accepting: retired/left,NA,NA,FALSE,NA
Chin,Merenda,Daniel,WV,Bridgeport,26330,4,FALSE,"ABO, NPI but not ENT Health",aboto_nppes_agree_enthealth_missing,TRUE,681-342-3570,General,NA,NA,NA,NA,NA,NA,Incomplete,487,1265519680,TRUE,TRUE,681,WV,NA,valid,Suburban,NA,NA,NA,FALSE,NA
Chin,Baker,Michael,KS,Pittsburg,66762,4,FALSE,"ABO, NPI, ENT Health",all_three_disagree,TRUE,620-232-7500,General,NA,NA,NA,NA,NA,NA,Incomplete,488,1891883120,TRUE,TRUE,620,KS,NA,valid,Suburban,NA,NA,NA,FALSE,NA
Chin,Galer,Chad,MN,Minneapolis,55416,1,FALSE,"ABO, NPI, ENT Health",all_three_agree,TRUE,763-421-8443,General,2026-06-25,TRUE,Yes,Yes,Yes,2026-07-16,Complete,489,1639242944,TRUE,TRUE,763,MN,NA,valid,Urban,Accepting,With sampled physician,14,TRUE,TRUE
Chin,Mongiardo,Frank,KY,Hazard,41701,10,FALSE,"ABO, NPI but not ENT Health",aboto_nppes_disagree_enthealth_missing,TRUE,606-439-4466,General,NA,NA,NA,NA,NA,NA,Incomplete,490,1619048139,TRUE,TRUE,606,KY,NA,valid,Rural,NA,NA,NA,FALSE,NA
Falk,Mineck,Corey,IA,Clive,50325,1,FALSE,"ABO, NPI, ENT Health",all_three_agree,TRUE,515-222-7761,General,2026-06-29,TRUE,Yes,Yes,Yes,2026-07-16,Complete,491,1669586251,TRUE,TRUE,515,IA,NA,valid,Urban,Accepting,With sampled physician,12,TRUE,TRUE
Falk,Cleland-Zamudio,Suzanne,WA,Ellensburg,98926,4,FALSE,"ABO, NPI, ENT Health",all_three_agree,FALSE,NA,General,2026-06-23,FALSE,No-changed practices,Not applicable,"Not applicable, no appointment offered with anyone in practice",NA,Complete,492,1609883768,TRUE,FALSE,NA,NA,NA,missing,Suburban,Not accepting: changed practice,No appointment offered,NA,FALSE,FALSE
Falk,Evans,Seth,TX,Kyle,78640,1,FALSE,"ABO, NPI, ENT Health",all_three_agree,TRUE,NA,General,2026-06-23,FALSE,No-changed practices,Not applicable,"Not applicable, no appointment offered with anyone in practice",NA,Complete,493,1083825467,TRUE,FALSE,NA,NA,NA,missing,Urban,Not accepting: changed practice,No appointment offered,NA,FALSE,FALSE
Falk,Symms,John,ID,Boise,83704,1,FALSE,"ABO, NPI, ENT Health",all_three_agree,TRUE,(208) 336-4368,Otology/neurotology,2026-06-23,TRUE,Yes,Yes,Yes,2026-07-09,Complete,494,1457706228,TRUE,TRUE,208,ID,NA,valid,Urban,Accepting,With sampled physician,11,TRUE,TRUE
Falk,Bass,Richard,IL,Springfield,62701,1,FALSE,"ABO, NPI but not ENT Health",aboto_nppes_agree_enthealth_missing,FALSE,217-545-8000,General,2026-06-29,TRUE,No-not specified why,Not applicable,"Not applicable, no appointment offered with anyone in practice",NA,Complete,495,1609862200,TRUE,TRUE,217,IL,NA,valid,Urban,Not accepting: unspecified,No appointment offered,NA,FALSE,FALSE
Falk,Vaughan,John,CA,La Jolla,92037,1,FALSE,"ABO, NPI but not ENT Health",aboto_nppes_agree_enthealth_missing,FALSE,(858) 452-4327,Otology/neurotology,2026-06-23,FALSE,No-not specified why,Not applicable,"Not applicable, no appointment offered with anyone in practice",NA,Complete,496,1932289626,TRUE,TRUE,858,CA,NA,valid,Urban,Not accepting: unspecified,No appointment offered,NA,FALSE,FALSE
Falk,Trott,Martin,WY,Jackson,83001,4,FALSE,"ABO, NPI, ENT Health",all_three_agree,TRUE,307.739.7690,General,2026-06-23,TRUE,Yes,Yes,Yes,2026-07-14,Complete,497,1245339456,TRUE,TRUE,307,WY,NA,valid,Suburban,Accepting,With sampled physician,14,TRUE,TRUE
Falk,Proctor,Matthew,OR,The Dalles,97058,4,FALSE,"ABO, NPI, ENT Health",all_three_agree,TRUE,541-298-5563,Rhinology,2026-06-23,TRUE,Yes,Yes,Yes,2026-07-07,Complete,498,1932127412,TRUE,TRUE,541,OR,NA,valid,Suburban,Accepting,With sampled physician,9,TRUE,TRUE
Falk,Sepehr,Ali,CA,Newport Beach,92660,1,FALSE,"ABO, NPI, ENT Health",all_three_agree,TRUE,(949) 371-6963,Facial Plastics,2026-06-23,TRUE,Yes,Yes,Yes,2026-06-30,Complete,499,1386833069,TRUE,TRUE,949,CA,NA,valid,Urban,Accepting,With sampled physician,5,TRUE,TRUE
Falk,Tasche,Kendall,MN,Rochester,55905,1,FALSE,"ABO, NPI, ENT Health",all_three_agree,TRUE,507-405-2935,Head and Neck Cancer,2026-06-29,TRUE,Yes,Yes,"Not applicable, no appointment offered with anyone in practice",NA,Complete,500,1003227489,TRUE,TRUE,507,MN,NA,valid,Urban,Accepting,No appointment offered,NA,FALSE,FALSE
Falk,Morton,Anthony,MD,Kensington,20895,1,FALSE,"ABO, NPI, ENT Health",all_three_agree,TRUE,1-800-777-7904,General,2026-06-25,TRUE,Yes,Yes,"Not applicable, no appointment offered with anyone in practice",NA,Complete,501,1457427643,TRUE,TRUE,800,toll-free,NA,valid,Urban,Accepting,No appointment offered,NA,FALSE,FALSE
Falk,Schwartz,Ronald,WA,Richland,99352,1,FALSE,"ABO, NPI but not ENT Health",aboto_nppes_agree_enthealth_missing,FALSE,(509) 942-3178,General,2026-06-29,TRUE,No-retired or no longer practicing medicine,Not applicable,"Not applicable, no appointment offered with anyone in practice",NA,Complete,502,1902876402,TRUE,TRUE,509,WA,NA,valid,Urban,Not accepting: retired/left,No appointment offered,NA,FALSE,FALSE
Falk,Pearl,Alden,NY,Brooklyn,11238,1,FALSE,"ABO, NPI but not ENT Health",aboto_nppes_agree_enthealth_missing,FALSE,(718) 622-0505,General,2026-06-29,FALSE,No-not specified why,Not applicable,"Not applicable, no appointment offered with anyone in practice",NA,Complete,503,1528172376,TRUE,TRUE,718,NY,NA,valid,Urban,Not accepting: unspecified,No appointment offered,NA,FALSE,FALSE
Falk,Westfall,Edward,IN,Fort Wayne,46825,1,FALSE,"ABO, NPI, ENT Health",all_three_agree,TRUE,(260) 426-8117,General,NA,NA,NA,NA,NA,NA,Unverified,504,1942662986,TRUE,TRUE,260,IN,NA,valid,Urban,NA,NA,NA,FALSE,NA
Falk,Smith,Jesse,TX,Fort Worth,76104,1,FALSE,"ABO, NPI, ENT Health",all_three_agree,TRUE,(817) 806-4245,Facial Plastics,NA,NA,NA,NA,NA,NA,Unverified,505,1194742791,TRUE,TRUE,817,TX,NA,valid,Urban,NA,NA,NA,FALSE,NA
Falk,Bennion,Brett,MT,Sidney,59270,7,FALSE,"ABO, NPI, ENT Health",all_three_agree,TRUE,406-488-2380,General,NA,NA,NA,NA,NA,NA,Unverified,506,1275616104,TRUE,TRUE,406,MT,NA,valid,Rural,NA,NA,NA,FALSE,NA
Falk,Allen,Clint,MD,Bethesda,20817,1,FALSE,"ABO, NPI but not ENT Health",aboto_nppes_agree_enthealth_missing,FALSE,(240) 858-7773,Laryngology,NA,NA,NA,NA,NA,NA,Unverified,507,1861697021,TRUE,TRUE,240,MD,NA,valid,Urban,NA,NA,NA,FALSE,NA
Falk,Seibert,Jared,CO,Avon,81620,4,FALSE,"ABO, NPI, ENT Health",all_three_agree,TRUE,(970) 363-5432,General,2026-06-29,TRUE,Yes,Yes,Yes,2026-09-04,Complete,508,1750602660,TRUE,TRUE,970,CO,NA,valid,Suburban,Accepting,With sampled physician,48,TRUE,TRUE
Falk,Olson,Krista,TX,Houston,77030,1,FALSE,"ABO, NPI, ENT Health",all_three_agree,TRUE,713.798.5900,Facial Plastics,2026-06-29,TRUE,Yes,Yes,Yes,2026-07-17,Complete,509,1841383486,TRUE,TRUE,713,TX,NA,valid,Urban,Accepting,With sampled physician,13,TRUE,TRUE
Falk,Kelly,Mark,NH,Laconia,03246,4,TRUE,"ABO, NPI, ENT Health",all_three_agree,TRUE,(603) 524-7402,General,NA,NA,NA,NA,NA,NA,Unverified,510,1427016633,TRUE,TRUE,603,NH,NA,valid,Suburban,NA,NA,NA,FALSE,NA
Falk,Reams,Carl,PA,Danville,17822,7,FALSE,"ABO, NPI but not ENT Health",aboto_nppes_agree_enthealth_missing,FALSE,(570) 271-6429,General,NA,NA,NA,NA,NA,NA,Unverified,511,1376508275,TRUE,TRUE,570,PA,NA,valid,Rural,NA,NA,NA,FALSE,NA
Falk,Yates,Jay,TX,Sulphur Springs,75482,4,TRUE,"ABO, NPI, ENT Health",all_three_agree,TRUE,903-885-6534,General,2026-06-29,TRUE,Yes,Yes,Yes,2026-09-16,Complete,512,1902820970,TRUE,TRUE,903,TX,NA,valid,Suburban,Accepting,With sampled physician,55,TRUE,TRUE
Falk,Hignight,John,KY,Danville,40422,4,FALSE,"ABO, NPI but not ENT Health",aboto_nppes_agree_enthealth_missing,FALSE,(859) 236-0903,General,2026-06-29,TRUE,No-retired or no longer practicing medicine,Not applicable,No-but appointment offered with different physician,2026-07-07,Complete,513,1811957558,TRUE,TRUE,859,KY,NA,valid,Suburban,Not accepting: retired/left,With different physician,5,TRUE,FALSE
Falk,Perloff,Joel,PA,Chester,19013,1,FALSE,"ABO, NPI, ENT Health",all_three_agree,TRUE,610.874.5366,General,NA,NA,NA,NA,NA,NA,Unverified,514,1205917820,TRUE,TRUE,610,PA,NA,valid,Urban,NA,NA,NA,FALSE,NA
Falk,Crigger,Charles,OH,Gallipolis,45631,4,FALSE,"ABO, NPI but not ENT Health",aboto_nppes_agree_enthealth_missing,FALSE,740-446-5411,General,2026-06-29,TRUE,No-changed practices,Not applicable,"Not applicable, no appointment offered with anyone in practice",NA,Complete,515,1386640662,TRUE,TRUE,740,OH,NA,valid,Suburban,Not accepting: changed practice,No appointment offered,NA,FALSE,FALSE
Falk,Adib,Abdulla,OH,Dayton,45402,1,FALSE,"ABO, NPI but not ENT Health",aboto_nppes_agree_enthealth_missing,TRUE,(937) 496-2620,General,2026-06-29,TRUE,No-retired or no longer practicing medicine,Not applicable,"Not applicable, no appointment offered with anyone in practice",NA,Complete,516,1891765103,TRUE,TRUE,937,OH,NA,valid,Urban,Not accepting: retired/left,No appointment offered,NA,FALSE,FALSE
Falk,Garner,Justin,MS,Columbus,39705,4,TRUE,"ABO, NPI, ENT Health",all_three_agree,TRUE,(662) 327.4432,General,2026-06-29,TRUE,Yes,Yes,Yes,2026-07-07,Complete,517,1104952225,TRUE,TRUE,662,MS,NA,valid,Suburban,Accepting,With sampled physician,5,TRUE,TRUE
Falk,Maccabee,Mendy,OR,Hood River,97031,4,FALSE,"ABO, NPI, ENT Health",all_three_agree,TRUE,(541) 436-3880,Rhinology,2026-06-29,TRUE,Yes,Yes,Yes,2026-07-20,Complete,518,1205927134,TRUE,TRUE,541,OR,NA,valid,Suburban,Accepting,With sampled physician,14,TRUE,TRUE
Falk,Janning,Martin,MN,Willmar,56201,4,FALSE,"ABO, NPI, ENT Health",nppes_enthealth_agree_aboto_disagree,TRUE,(320) 231-3277,Sleep,2026-06-29,TRUE,Yes,Yes,Yes,2026-07-17,Complete,519,1396963922,TRUE,TRUE,320,MN,NA,valid,Suburban,Accepting,With sampled physician,13,TRUE,TRUE
Falk,Hillel,Richard,MA,Cambridge,02138,1,FALSE,"ABO, NPI but not ENT Health",aboto_nppes_agree_enthealth_missing,FALSE,(617) 354-1010,General,2026-06-29,TRUE,No-retired or no longer practicing medicine,Not applicable,No-but appointment offered with different physician,2026-07-01,Complete,520,1548249048,TRUE,TRUE,617,MA,NA,valid,Urban,Not accepting: retired/left,With different physician,2,TRUE,FALSE
Falk,Ohlstein,Jason,PA,East Stroudsburg,18301,4,FALSE,"ABO, NPI, ENT Health",all_three_agree,TRUE,(484) 957-2770,General,2026-06-29,TRUE,Yes,Yes,Yes,2026-07-20,Complete,521,1164871505,TRUE,TRUE,484,PA,NA,valid,Suburban,Accepting,With sampled physician,14,TRUE,TRUE
Chin,Gulleth,Yusuf,MA,Brighton,02135,1,FALSE,"ABO, NPI but not ENT Health",aboto_nppes_agree_enthealth_missing,NA,NA,NA,NA,NA,NA,NA,NA,NA,Incomplete,522,1588797989,TRUE,FALSE,NA,NA,NA,missing,Urban,NA,NA,NA,FALSE,NA
Chin,Hobbs,Jan,NM,Roswell,88201,4,FALSE,"ABO, NPI but not ENT Health",aboto_nppes_agree_enthealth_missing,NA,NA,NA,NA,NA,NA,NA,NA,NA,Incomplete,523,1225090046,TRUE,FALSE,NA,NA,NA,missing,Suburban,NA,NA,NA,FALSE,NA
Chin,Reich,Steven,OR,Ontario,97914,4,FALSE,"ABO, NPI, ENT Health",all_three_agree,NA,NA,NA,NA,NA,NA,NA,NA,NA,Incomplete,524,1538144225,TRUE,FALSE,NA,NA,NA,missing,Suburban,NA,NA,NA,FALSE,NA
Chin,Scates,Kyle,SC,Greenwood,29646,4,FALSE,"ABO, NPI, ENT Health",all_three_agree,NA,NA,NA,NA,NA,NA,NA,NA,NA,Incomplete,525,1679657415,TRUE,FALSE,NA,NA,NA,missing,Suburban,NA,NA,NA,FALSE,NA
Chin,Brian,David,KS,Dodge City,67801,4,FALSE,"ABO, NPI but not ENT Health",aboto_nppes_agree_enthealth_missing,NA,NA,NA,NA,NA,NA,NA,NA,NA,Incomplete,526,1962484295,TRUE,FALSE,NA,NA,NA,missing,Suburban,NA,NA,NA,FALSE,NA
Chin,Hohengarten,John,OR,Klamath Falls,97601,4,FALSE,"ABO, NPI but not ENT Health",aboto_nppes_agree_enthealth_missing,NA,NA,NA,NA,NA,NA,NA,NA,NA,Incomplete,527,1104825827,TRUE,FALSE,NA,NA,NA,missing,Suburban,NA,NA,NA,FALSE,NA
Chin,Oliverio,Matthew,PA,Uniontown,15401,4,FALSE,"ABO, NPI, ENT Health",all_three_agree,NA,NA,NA,NA,NA,NA,NA,NA,NA,Incomplete,528,1194921007,TRUE,FALSE,NA,NA,NA,missing,Suburban,NA,NA,NA,FALSE,NA
Chin,Fitzpatrick,Elaine,NE,North Platte,69101,4,FALSE,"ABO, NPI, ENT Health",all_three_agree,NA,NA,NA,NA,NA,NA,NA,NA,NA,Incomplete,529,1801974324,TRUE,FALSE,NA,NA,NA,missing,Suburban,NA,NA,NA,FALSE,NA
Chin,Somers,Melissa,MI,Petoskey,49770,5,FALSE,"ABO, NPI, ENT Health",aboto_nppes_agree_enthealth_disagree,NA,NA,NA,NA,NA,NA,NA,NA,NA,Incomplete,530,1083815559,TRUE,FALSE,NA,NA,NA,missing,Suburban,NA,NA,NA,FALSE,NA
Chin,Hsieh,Tsung-yen,OH,Cincinnati,45219,1,FALSE,"ABO, NPI but not ENT Health",aboto_nppes_agree_enthealth_missing,NA,NA,NA,NA,NA,NA,NA,NA,NA,Incomplete,531,1548505100,TRUE,FALSE,NA,NA,NA,missing,Urban,NA,NA,NA,FALSE,NA
Chin,Jennings,Richard,WI,Stevens Point,54481,4,FALSE,"ABO, NPI but not ENT Health",aboto_nppes_agree_enthealth_missing,NA,NA,NA,NA,NA,NA,NA,NA,NA,Incomplete,532,1831177633,TRUE,FALSE,NA,NA,NA,missing,Suburban,NA,NA,NA,FALSE,NA
Chin,Harris,Kevin,WA,Anacortes,98221,4,FALSE,"ABO, NPI, ENT Health",all_three_agree,NA,NA,NA,NA,NA,NA,NA,NA,NA,Incomplete,533,1164496808,TRUE,FALSE,NA,NA,NA,missing,Suburban,NA,NA,NA,FALSE,NA
Chin,Clancy,Kate,OH,Lorain,44053,1,FALSE,"ABO, NPI, ENT Health",all_three_agree,NA,NA,NA,NA,NA,NA,NA,NA,NA,Incomplete,534,1417489352,TRUE,FALSE,NA,NA,NA,missing,Urban,NA,NA,NA,FALSE,NA
Chin,Haas,Patrick,KY,Fort Thomas,41075,1,FALSE,"ABO, NPI, ENT Health",all_three_agree,NA,NA,NA,NA,NA,NA,NA,NA,NA,Incomplete,535,1104137454,TRUE,FALSE,NA,NA,NA,missing,Urban,NA,NA,NA,FALSE,NA
Chin,Christensen,Debbie,GA,Marietta,30060,1,FALSE,"ABO, NPI, ENT Health",all_three_agree,NA,NA,NA,NA,NA,NA,NA,NA,NA,Incomplete,536,1306042296,TRUE,FALSE,NA,NA,NA,missing,Urban,NA,NA,NA,FALSE,NA
Chin,Murphy,Heather,CO,Aspen,81611,7,FALSE,"ABO, NPI but not ENT Health",aboto_nppes_agree_enthealth_missing,NA,NA,NA,NA,NA,NA,NA,NA,NA,Incomplete,537,1013024439,TRUE,FALSE,NA,NA,NA,missing,Rural,NA,NA,NA,FALSE,NA
Chin,Randall,David,MO,Springfield,65807,1,FALSE,"ABO, NPI but not ENT Health",aboto_nppes_agree_enthealth_missing,NA,NA,NA,NA,NA,NA,NA,NA,NA,Incomplete,538,1366438426,TRUE,FALSE,NA,NA,NA,missing,Urban,NA,NA,NA,FALSE,NA
Chin,Duvvuri,Umamaheswar,PA,Pittsburgh,15213,1,FALSE,"ABO, NPI but not ENT Health",aboto_nppes_agree_enthealth_missing,NA,NA,NA,NA,NA,NA,NA,NA,NA,Incomplete,539,1477718641,TRUE,FALSE,NA,NA,NA,missing,Urban,NA,NA,NA,FALSE,NA
Chin,Tennyson,Heath,OH,Bellefontaine,43311,4,FALSE,"ABO, NPI but not ENT Health",aboto_nppes_disagree_enthealth_missing,NA,NA,NA,NA,NA,NA,NA,NA,NA,Incomplete,540,1700856069,TRUE,FALSE,NA,NA,NA,missing,Suburban,NA,NA,NA,FALSE,NA
Chin,Howard,William,OK,Ponca City,74601,4,FALSE,"ABO, NPI but not ENT Health",aboto_nppes_agree_enthealth_missing,NA,NA,NA,NA,NA,NA,NA,NA,NA,Incomplete,541,1316008675,TRUE,FALSE,NA,NA,NA,missing,Suburban,NA,NA,NA,FALSE,NA
Chin,Wakefield,Tamekia,NY,Flushing,11358,1,FALSE,"ABO, NPI, ENT Health",aboto_nppes_agree_enthealth_disagree,NA,NA,NA,NA,NA,NA,NA,NA,NA,Incomplete,542,1487656849,TRUE,FALSE,NA,NA,NA,missing,Urban,NA,NA,NA,FALSE,NA
Chin,Lanser,Michael,FL,Orlando,32803,1,FALSE,"ABO, NPI but not ENT Health",aboto_nppes_agree_enthealth_missing,NA,NA,NA,NA,NA,NA,NA,NA,NA,Incomplete,543,1699881789,TRUE,FALSE,NA,NA,NA,missing,Urban,NA,NA,NA,FALSE,NA
Chin,Gerberi,Michael,IL,Sterling,61081,4,FALSE,"ABO, NPI but not ENT Health",aboto_nppes_agree_enthealth_missing,NA,NA,NA,NA,NA,NA,NA,NA,NA,Incomplete,544,1619065455,TRUE,FALSE,NA,NA,NA,missing,Suburban,NA,NA,NA,FALSE,NA
Chin,Driscoll,Colin,MN,Rochester,55905,1,FALSE,"ABO, NPI, ENT Health",aboto_enthealth_agree_nppes_disagree,NA,NA,NA,NA,NA,NA,NA,NA,NA,Incomplete,545,1174593321,TRUE,FALSE,NA,NA,NA,missing,Urban,NA,NA,NA,FALSE,NA
Chin,Weisberg,Jan,KY,Frankfort,40601,4,FALSE,"ABO, NPI but not ENT Health",aboto_nppes_disagree_enthealth_missing,NA,NA,NA,NA,NA,NA,NA,NA,NA,Incomplete,546,1811941107,TRUE,FALSE,NA,NA,NA,missing,Suburban,NA,NA,NA,FALSE,NA
Chin,Yang,Zao,TX,San Antonio,78229,1,FALSE,"ABO, NPI, ENT Health",all_three_agree,NA,NA,NA,NA,NA,NA,NA,NA,NA,Incomplete,547,1497174528,TRUE,FALSE,NA,NA,NA,missing,Urban,NA,NA,NA,FALSE,NA
Chin,Pincus,William,NC,High Point,27262,1,FALSE,"ABO, NPI but not ENT Health",aboto_nppes_agree_enthealth_missing,NA,NA,NA,NA,NA,NA,NA,NA,NA,Incomplete,548,1306806583,TRUE,FALSE,NA,NA,NA,missing,Urban,NA,NA,NA,FALSE,NA
Chin,Shattuck,Theodore,VT,Rutland,05701,4,FALSE,"ABO, NPI but not ENT Health",aboto_nppes_agree_enthealth_missing,NA,NA,NA,NA,NA,NA,NA,NA,NA,Incomplete,549,1558361444,TRUE,FALSE,NA,NA,NA,missing,Suburban,NA,NA,NA,FALSE,NA
Chin,Meadema,Samuel,VA,Danville,24541,4,FALSE,"ABO, NPI, ENT Health",all_three_agree,NA,NA,NA,NA,NA,NA,NA,NA,NA,Incomplete,550,1649225764,TRUE,FALSE,NA,NA,NA,missing,Suburban,NA,NA,NA,FALSE,NA
Chin,Umstattd,Lauren,KS,Overland Park,66224,1,FALSE,"ABO, NPI but not ENT Health",aboto_nppes_disagree_enthealth_missing,NA,NA,NA,NA,NA,NA,NA,NA,NA,Incomplete,551,1962884635,TRUE,FALSE,NA,NA,NA,missing,Urban,NA,NA,NA,FALSE,NA
Chin,Neis,John,AR,Mountain Home,72653,4,FALSE,"ABO, NPI, ENT Health",all_three_agree,NA,NA,NA,NA,NA,NA,NA,NA,NA,Incomplete,552,1851616148,TRUE,FALSE,NA,NA,NA,missing,Suburban,NA,NA,NA,FALSE,NA
Chin,Diggelmann,Henry,IA,Mason City,50401,4,FALSE,"ABO, NPI, ENT Health",all_three_agree,NA,NA,NA,NA,NA,NA,NA,NA,NA,Incomplete,553,1467610196,TRUE,FALSE,NA,NA,NA,missing,Suburban,NA,NA,NA,FALSE,NA
Chin,Greene,Jacqueline,CA,San Diego,92123,1,FALSE,"ABO, NPI, ENT Health",all_three_agree,NA,NA,NA,NA,NA,NA,NA,NA,NA,Incomplete,554,1144583931,TRUE,FALSE,NA,NA,NA,missing,Urban,NA,NA,NA,FALSE,NA
Chin,Cox,Claudell,MI,Wyoming,49509,1,FALSE,"ABO, NPI, ENT Health",all_three_agree,NA,NA,NA,NA,NA,NA,NA,NA,NA,Incomplete,555,1023073053,TRUE,FALSE,NA,NA,NA,missing,Urban,NA,NA,NA,FALSE,NA
Chin,Chastain,John,AZ,Tucson,85712,1,FALSE,"ABO, NPI, ENT Health",all_three_agree,NA,NA,NA,NA,NA,NA,NA,NA,NA,Incomplete,556,1801915715,TRUE,FALSE,NA,NA,NA,missing,Urban,NA,NA,NA,FALSE,NA
Chin,Barnes,Christian,GA,Athens,30601,1,FALSE,"ABO, NPI, ENT Health",all_three_agree,NA,NA,NA,NA,NA,NA,NA,NA,NA,Incomplete,557,1184060337,TRUE,FALSE,NA,NA,NA,missing,Urban,NA,NA,NA,FALSE,NA
Chin,Manilla,Anthony,MD,Hagerstown,21742,1,FALSE,"ABO, NPI, ENT Health",all_three_agree,NA,NA,NA,NA,NA,NA,NA,NA,NA,Incomplete,558,1356332480,TRUE,FALSE,NA,NA,NA,missing,Urban,NA,NA,NA,FALSE,NA
Chin,Ansley,John,SC,Orangeburg,29118,4,FALSE,"ABO, NPI, ENT Health",all_three_agree,NA,NA,NA,NA,NA,NA,NA,NA,NA,Incomplete,559,1790733590,TRUE,FALSE,NA,NA,NA,missing,Suburban,NA,NA,NA,FALSE,NA
Chin,Wood,David,PA,Hermitage,16148,4,FALSE,"ABO, NPI, ENT Health",all_three_agree,NA,NA,NA,NA,NA,NA,NA,NA,NA,Incomplete,560,1154320133,TRUE,FALSE,NA,NA,NA,missing,Suburban,NA,NA,NA,FALSE,NA
Chin,Kansara,Sagar,CA,San Francisco,94143,1,FALSE,"ABO, NPI but not ENT Health",aboto_nppes_agree_enthealth_missing,NA,NA,NA,NA,NA,NA,NA,NA,NA,Incomplete,561,1932562691,TRUE,FALSE,NA,NA,NA,missing,Urban,NA,NA,NA,FALSE,NA
Chin,Parey,Stephen,TN,Columbia,38401,4,FALSE,"ABO, NPI, ENT Health",nppes_enthealth_agree_aboto_disagree,NA,NA,NA,NA,NA,NA,NA,NA,NA,Incomplete,562,1093753626,TRUE,FALSE,NA,NA,NA,missing,Suburban,NA,NA,NA,FALSE,NA
Chin,Kalafsky,John,VA,Norfolk,23502,1,FALSE,"ABO, NPI, ENT Health",all_three_agree,NA,NA,NA,NA,NA,NA,NA,NA,NA,Incomplete,563,1700887239,TRUE,FALSE,NA,NA,NA,missing,Urban,NA,NA,NA,FALSE,NA
Chin,Manger,Philip,MN,Baxter,56425,4,TRUE,"ABO, NPI but not ENT Health",aboto_nppes_agree_enthealth_missing,NA,NA,NA,NA,NA,NA,NA,NA,NA,Incomplete,564,1699709089,TRUE,FALSE,NA,NA,NA,missing,Suburban,NA,NA,NA,FALSE,NA
Chin,Avidano,Michael,GA,Stockbridge,30281,1,FALSE,"ABO, NPI, ENT Health",nppes_enthealth_agree_aboto_disagree,NA,NA,NA,NA,NA,NA,NA,NA,NA,Incomplete,565,1780680462,TRUE,FALSE,NA,NA,NA,missing,Urban,NA,NA,NA,FALSE,NA
Chin,Fahrner,Kristen,CO,Steamboat Springs,80487,4,FALSE,"ABO, NPI, ENT Health",all_three_agree,NA,NA,NA,NA,NA,NA,NA,NA,NA,Incomplete,566,1306834395,TRUE,FALSE,NA,NA,NA,missing,Suburban,NA,NA,NA,FALSE,NA
Chin,Abraham,David,MN,Thief River Falls,56701,7,FALSE,"ABO, NPI but not ENT Health",aboto_nppes_agree_enthealth_missing,NA,NA,NA,NA,NA,NA,NA,NA,NA,Incomplete,567,1306874920,TRUE,FALSE,NA,NA,NA,missing,Rural,NA,NA,NA,FALSE,NA
Chin,Thoma,Trisha,IA,Mason City,50401,4,FALSE,"ABO, NPI but not ENT Health",aboto_nppes_agree_enthealth_missing,NA,NA,NA,NA,NA,NA,NA,NA,NA,Incomplete,568,1770849317,TRUE,FALSE,NA,NA,NA,missing,Suburban,NA,NA,NA,FALSE,NA
Chin,Ward,Sanford,WA,Pullman,99163,4,FALSE,"ABO, NPI but not ENT Health",aboto_nppes_agree_enthealth_missing,NA,NA,NA,NA,NA,NA,NA,NA,NA,Incomplete,569,1366422453,TRUE,FALSE,NA,NA,NA,missing,Suburban,NA,NA,NA,FALSE,NA
Chin,Howell,Jessica,TN,Nashville,37203,1,FALSE,"ABO, NPI, ENT Health",all_three_agree,NA,NA,NA,NA,NA,NA,NA,NA,NA,Incomplete,570,1548657224,TRUE,FALSE,NA,NA,NA,missing,Urban,NA,NA,NA,FALSE,NA
Chin,Standage,Christopher,IL,Woodstock,60098,2,FALSE,"ABO, NPI, ENT Health",all_three_agree,NA,NA,NA,NA,NA,NA,NA,NA,NA,Incomplete,571,1518065341,TRUE,FALSE,NA,NA,NA,missing,Urban,NA,NA,NA,FALSE,NA
Chin,Alcaraz,Nelson,NY,Fresh Meadows,11365,1,FALSE,"ABO, NPI, ENT Health",aboto_enthealth_agree_nppes_disagree,NA,NA,NA,NA,NA,NA,NA,NA,NA,Incomplete,572,1548228232,TRUE,FALSE,NA,NA,NA,missing,Urban,NA,NA,NA,FALSE,NA
Chin,Sisk,Jamie,MS,Laurel,39440,4,FALSE,"ABO, NPI, ENT Health",all_three_agree,NA,NA,NA,NA,NA,NA,NA,NA,NA,Incomplete,573,1457489429,TRUE,FALSE,NA,NA,NA,missing,Suburban,NA,NA,NA,FALSE,NA
Chin,Goldman,Neal,NC,Boone,28607,4,FALSE,"ABO, NPI but not ENT Health",aboto_nppes_disagree_enthealth_missing,NA,NA,NA,NA,NA,NA,NA,NA,NA,Incomplete,574,1376527754,TRUE,FALSE,NA,NA,NA,missing,Suburban,NA,NA,NA,FALSE,NA
Chin,Burge,Scott,TN,Germantown,38138,1,FALSE,"ABO, NPI but not ENT Health",aboto_nppes_agree_enthealth_missing,NA,NA,NA,NA,NA,NA,NA,NA,NA,Incomplete,575,1205120383,TRUE,FALSE,NA,NA,NA,missing,Urban,NA,NA,NA,FALSE,NA
Chin,Schneider,Daniel,MN,Saint Paul,55108,1,TRUE,"ABO, NPI but not ENT Health",aboto_nppes_disagree_enthealth_missing,NA,NA,NA,NA,NA,NA,NA,NA,NA,Incomplete,576,1063675825,TRUE,FALSE,NA,NA,NA,missing,Urban,NA,NA,NA,FALSE,NA
Chin,Gustafson,Ray,MN,Rochester,55905,1,FALSE,"ABO, NPI but not ENT Health",aboto_nppes_agree_enthealth_missing,NA,NA,NA,NA,NA,NA,NA,NA,NA,Incomplete,577,1174502181,TRUE,FALSE,NA,NA,NA,missing,Urban,NA,NA,NA,FALSE,NA
Chin,Peck,Brandon,NH,Exeter,03833,4,FALSE,"ABO, NPI, ENT Health",all_three_agree,NA,NA,NA,NA,NA,NA,NA,NA,NA,Incomplete,578,1295098994,TRUE,FALSE,NA,NA,NA,missing,Suburban,NA,NA,NA,FALSE,NA
Chin,Roden,Dylan,NJ,Newark,07103,1,FALSE,"ABO, NPI but not ENT Health",aboto_nppes_agree_enthealth_missing,NA,NA,NA,NA,NA,NA,NA,NA,NA,Incomplete,579,1649618596,TRUE,FALSE,NA,NA,NA,missing,Urban,NA,NA,NA,FALSE,NA
Chin,Jones,Steven,PA,Pittsburgh,15237,1,FALSE,"ABO, NPI but not ENT Health",aboto_nppes_agree_enthealth_missing,NA,NA,NA,NA,NA,NA,NA,NA,NA,Incomplete,580,1871566398,TRUE,FALSE,NA,NA,NA,missing,Urban,NA,NA,NA,FALSE,NA
Chin,Lippincott,Lincoln,GA,Statesboro,30458,4,FALSE,"ABO, NPI, ENT Health",all_three_agree,NA,NA,NA,NA,NA,NA,NA,NA,NA,Incomplete,581,1154320661,TRUE,FALSE,NA,NA,NA,missing,Suburban,NA,NA,NA,FALSE,NA
Chin,Hafner,Jonathan,TN,Crossville,38555,4,FALSE,"ABO, NPI, ENT Health",all_three_agree,NA,NA,NA,NA,NA,NA,NA,NA,NA,Incomplete,582,1811165608,TRUE,FALSE,NA,NA,NA,missing,Suburban,NA,NA,NA,FALSE,NA
Chin,Law,Jonathan,CA,Fresno,93720,1,TRUE,"ABO, NPI, ENT Health",aboto_nppes_agree_enthealth_disagree,NA,NA,NA,NA,NA,NA,NA,NA,NA,Incomplete,583,1710115944,TRUE,FALSE,NA,NA,NA,missing,Urban,NA,NA,NA,FALSE,NA
Chin,Berge,Jennifer,IA,West Burlington,52655,4,FALSE,"ABO, NPI, ENT Health",all_three_agree,NA,NA,NA,NA,NA,NA,NA,NA,NA,Incomplete,584,1063492361,TRUE,FALSE,NA,NA,NA,missing,Suburban,NA,NA,NA,FALSE,NA
Chin,Stevens,Matthew,MS,Tupelo,38801,4,FALSE,"ABO, NPI, ENT Health",all_three_agree,NA,NA,NA,NA,NA,NA,NA,NA,NA,Incomplete,585,1447494570,TRUE,FALSE,NA,NA,NA,missing,Suburban,NA,NA,NA,FALSE,NA
Chin,D'Aguillo,Christine,FL,Miami,33136,1,FALSE,"ABO, NPI, ENT Health",all_three_agree,NA,NA,NA,NA,NA,NA,NA,NA,NA,Incomplete,586,1366861726,TRUE,FALSE,NA,NA,NA,missing,Urban,NA,NA,NA,FALSE,NA
Chin,Windham,Alfred,MS,Vicksburg,39183,5,FALSE,"ABO, NPI but not ENT Health",aboto_nppes_agree_enthealth_missing,NA,NA,NA,NA,NA,NA,NA,NA,NA,Incomplete,587,1326079518,TRUE,FALSE,NA,NA,NA,missing,Suburban,NA,NA,NA,FALSE,NA
Chin,Merrell,James,CO,Grand Junction,81506,1,FALSE,"ABO, NPI, ENT Health",all_three_agree,NA,NA,NA,NA,NA,NA,NA,NA,NA,Incomplete,588,1134330434,TRUE,FALSE,NA,NA,NA,missing,Urban,NA,NA,NA,FALSE,NA
Chin,Carlson,Thomas,MI,Escanaba,49829,4,FALSE,"ABO, NPI but not ENT Health",aboto_nppes_agree_enthealth_missing,NA,NA,NA,NA,NA,NA,NA,NA,NA,Incomplete,589,1699732834,TRUE,FALSE,NA,NA,NA,missing,Suburban,NA,NA,NA,FALSE,NA
Deol,Hershcovitch,Meir,CA,West Hills,91307,1,FALSE,"ABO, NPI, ENT Health",all_three_agree,NA,NA,NA,NA,NA,NA,NA,NA,NA,Incomplete,590,1427283340,TRUE,FALSE,NA,NA,NA,missing,Urban,NA,NA,NA,FALSE,NA
Deol,Luzzi,Frank,CT,Torrington,06790,4,FALSE,"ABO, NPI but not ENT Health",aboto_nppes_agree_enthealth_missing,TRUE,860.496.9565,General,2026-07-02,TRUE,Yes,Yes,Yes,2026-07-21,Complete,591,1023046349,TRUE,TRUE,860,CT,NA,valid,Suburban,Accepting,With sampled physician,12,TRUE,TRUE
Deol,Lerew,Melanie,TX,Wichita Falls,76310,1,FALSE,"ABO, NPI but not ENT Health",aboto_nppes_agree_enthealth_missing,TRUE,(940) 322-6953,General,2026-07-02,TRUE,Yes,Yes,Yes,2026-07-07,Complete,592,1073824983,TRUE,TRUE,940,TX,NA,valid,Urban,Accepting,With sampled physician,2,TRUE,TRUE
Deol,Khan,Faridoon,RI,Woonsocket,02895,1,FALSE,"ABO, NPI but not ENT Health",aboto_nppes_agree_enthealth_missing,FALSE,NA,NA,NA,NA,NA,NA,NA,NA,Complete,593,1760446082,TRUE,FALSE,NA,NA,NA,missing,Urban,NA,NA,NA,FALSE,NA
Deol,Fitch,Kathleen,PA,Franklin,16323,9,FALSE,"ABO, NPI but not ENT Health",aboto_nppes_agree_enthealth_missing,TRUE,814-437-7266,General,2026-07-02,TRUE,No-retired or no longer practicing medicine,Not applicable,"Not applicable, no appointment offered with anyone in practice",NA,Complete,594,1477525434,TRUE,TRUE,814,PA,NA,valid,Rural,Not accepting: retired/left,No appointment offered,NA,FALSE,FALSE
Deol,Dye,Bradford,MS,Oxford,38655,4,FALSE,"ABO, NPI, ENT Health",all_three_agree,TRUE,(662) 234-1337,General,2026-07-02,TRUE,Yes,Yes,Yes,2026-07-16,Complete,595,1649245549,TRUE,TRUE,662,MS,NA,valid,Suburban,Accepting,With sampled physician,9,TRUE,TRUE
Deol,Casler,John,FL,Jacksonville,32224,1,FALSE,"ABO, NPI but not ENT Health",aboto_nppes_agree_enthealth_missing,TRUE,(904) 296-3103,General,2026-07-02,TRUE,No-not specified why,Not applicable,"Not applicable, no appointment offered with anyone in practice",NA,Complete,596,1730183096,TRUE,TRUE,904,FL,NA,valid,Urban,Not accepting: unspecified,No appointment offered,NA,FALSE,FALSE
Deol,Shorts,Stephen,AR,Pine Bluff,71603,4,FALSE,"ABO, NPI but not ENT Health",aboto_nppes_agree_enthealth_missing,TRUE,870-535-5719,General,2026-07-02,TRUE,No-practice is full but physician does still see established patients,Not applicable,No-but appointment offered with different physician,2026-07-15,Complete,597,1992771174,TRUE,TRUE,870,AR,NA,valid,Suburban,Not accepting: practice full,With different physician,8,TRUE,FALSE
Deol,Smith,Daron,NC,Charlotte,28277,1,FALSE,"ABO, NPI, ENT Health",all_three_agree,TRUE,(704) 703-1080,General,2026-07-02,TRUE,Yes,Yes,Yes,2026-07-23,Complete,598,1245262096,TRUE,TRUE,704,NC,NA,valid,Urban,Accepting,With sampled physician,14,TRUE,TRUE
Deol,Telischi,Fred,FL,Miami,33136,1,FALSE,"ABO, NPI but not ENT Health",aboto_nppes_disagree_enthealth_missing,TRUE,305-243-3564,Otology/neurotology,2026-07-02,TRUE,Yes,Yes,"Not applicable, no appointment offered with anyone in practice",NA,Complete,599,1710903588,TRUE,TRUE,305,FL,NA,valid,Urban,Accepting,No appointment offered,NA,FALSE,FALSE
Deol,Fama,Anthony,IN,Indianapolis,46237,1,FALSE,"ABO, NPI but not ENT Health",aboto_nppes_agree_enthealth_missing,TRUE,317-497-6888,General,2026-07-02,TRUE,Yes,Yes,Yes,2026-08-04,Complete,600,1639279854,TRUE,TRUE,317,IN,NA,valid,Urban,Accepting,With sampled physician,22,TRUE,TRUE
Deol,Novotny,Nila,NE,Columbus,68601,4,FALSE,"ABO, NPI, ENT Health",all_three_agree,TRUE,402-562-4720,General,2026-06-09,TRUE,Yes,Yes,Yes,2026-06-10,Complete,601,1316934029,TRUE,TRUE,402,NE,NA,valid,Suburban,Accepting,With sampled physician,1,TRUE,TRUE
Deol,Eid,Issam,LA,New Orleans,70121,1,FALSE,"ABO, NPI, ENT Health",all_three_agree,TRUE,5048424080,Facial Plastics,2026-06-09,TRUE,Yes,Yes,NA,NA,Complete,602,1609057934,TRUE,TRUE,504,LA,NA,valid,Urban,Accepting,NA,NA,FALSE,NA
Deol,Sherman,Bret,CA,Fresno,93720,1,FALSE,"ABO, NPI but not ENT Health",aboto_nppes_agree_enthealth_missing,TRUE,559-431-0340,General,2026-06-09,TRUE,Yes,Yes,Yes,2026-06-30,Complete,603,1386604536,TRUE,TRUE,559,CA,NA,valid,Urban,Accepting,With sampled physician,14,TRUE,TRUE
Deol,Kava,Charles,ME,Rockport,04856,10,FALSE,"ABO, NPI, ENT Health",all_three_agree,TRUE,(207) 301-3660,General,2026-06-09,TRUE,No-retired or no longer practicing medicine,Not applicable,No-but appointment offered with different physician,2026-08-25,Complete,604,1043310931,TRUE,TRUE,207,ME,NA,valid,Rural,Not accepting: retired/left,With different physician,53,TRUE,FALSE
Deol,Nesemeier,Bradley,IL,Chicago,60612,1,FALSE,"ABO, NPI but not ENT Health",aboto_nppes_agree_enthealth_missing,TRUE,312,Facial Plastics,2026-06-09,TRUE,Yes,Yes,Yes,2026-07-17,Complete,605,1669899803,TRUE,FALSE,NA,NA,NA,invalid_format,Urban,Accepting,With sampled physician,26,TRUE,TRUE
Deol,Wong,Jeff,PA,Danville,17822,7,FALSE,"ABO, NPI, ENT Health",all_three_agree,FALSE,570-271-6211,General,2026-06-09,FALSE,No-changed practices,Not applicable,NA,NA,Complete,606,1205369485,TRUE,TRUE,570,PA,NA,valid,Rural,Not accepting: changed practice,NA,NA,FALSE,NA
Deol,Maddox,Michael,WA,Bremerton,98312,1,FALSE,"ABO, NPI but not ENT Health",aboto_nppes_agree_enthealth_missing,FALSE,NA,General,NA,FALSE,NA,Not applicable,NA,NA,Complete,607,1578533188,TRUE,FALSE,NA,NA,NA,missing,Urban,NA,NA,NA,FALSE,NA
Deol,Goff,Christopher,OK,Stillwater,74074,4,FALSE,"ABO, NPI but not ENT Health",aboto_nppes_agree_enthealth_missing,TRUE,405-624-8603,Pediatrics,2026-06-09,TRUE,Yes,Yes,Yes,2026-06-16,Complete,608,1740415124,TRUE,TRUE,405,OK,NA,valid,Suburban,Accepting,With sampled physician,5,TRUE,TRUE
Deol,Roth,James,TN,Dickson,37055,4,FALSE,"ABO, NPI, ENT Health",aboto_enthealth_agree_nppes_disagree,TRUE,(615) 838-5866,General,2026-06-09,FALSE,NA,Not applicable,NA,NA,Complete,609,1144227778,TRUE,TRUE,615,TN,NA,valid,Suburban,NA,NA,NA,FALSE,NA
Deol,Boyle,Timothy,WI,Marshfield,54449,4,FALSE,"ABO, NPI, ENT Health",all_three_agree,TRUE,715-387-5245,General,2026-06-09,TRUE,Yes,Yes,Yes,2026-07-15,Complete,610,1063523207,TRUE,TRUE,715,WI,NA,valid,Suburban,Accepting,With sampled physician,24,TRUE,TRUE
Deol,Azeredo,William,PA,Danville,17822,7,FALSE,"ABO, NPI, ENT Health",all_three_agree,TRUE,800-275-6401,Otology/neurotology,2026-06-09,TRUE,Yes,Yes,"Not applicable, no appointment offered with anyone in practice",NA,Complete,611,1972795961,TRUE,TRUE,800,toll-free,NA,valid,Rural,Accepting,No appointment offered,NA,FALSE,FALSE
Deol,Tran,Daniel,TX,Fort Hood,76544,1,FALSE,"ABO, NPI but not ENT Health",aboto_nppes_agree_enthealth_missing,FALSE,NA,Facial Plastics,NA,NA,NA,NA,NA,NA,Complete,612,1215173539,TRUE,FALSE,NA,NA,NA,missing,Urban,NA,NA,NA,FALSE,NA
Deol,Granger,Kleve,FL,Eglin AFB,32542,1,FALSE,"ABO, NPI but not ENT Health",aboto_nppes_agree_enthealth_missing,FALSE,NA,NA,NA,NA,No-changed practices,NA,NA,NA,Complete,613,1972023323,TRUE,FALSE,NA,NA,NA,missing,Urban,Not accepting: changed practice,NA,NA,FALSE,NA
Deol,Shott,Sally,OH,Cincinnati,45229,1,FALSE,"ABO, NPI but not ENT Health",aboto_nppes_disagree_enthealth_missing,TRUE,5136364355,Pediatrics,2026-06-09,TRUE,No-changed practices,Yes,No-but appointment offered with different physician,2026-06-17,Complete,614,1891715405,TRUE,TRUE,513,OH,NA,valid,Urban,Not accepting: changed practice,With different physician,6,TRUE,FALSE
Deol,LeBlanc,Charles,LA,Baton Rouge,70808,1,FALSE,"ABO, NPI, ENT Health",all_three_agree,TRUE,2257691090,General,2026-06-09,TRUE,Yes,Yes,Yes,2026-06-09,Complete,615,1548255722,TRUE,TRUE,225,LA,NA,valid,Urban,Accepting,With sampled physician,0,TRUE,TRUE
Deol,Barton,Chester,OH,Chillicothe,45601,4,FALSE,"ABO, NPI but not ENT Health",aboto_nppes_agree_enthealth_missing,TRUE,7407794393,General,2026-06-09,TRUE,No-changed practices,Not applicable,"Not applicable, no appointment offered with anyone in practice",2026-06-09,Complete,616,1437163987,TRUE,TRUE,740,OH,NA,valid,Suburban,Not accepting: changed practice,No appointment offered,0,TRUE,FALSE
Deol,Cheresnick,Corey,OH,Chillicothe,45601,4,FALSE,"ABO, NPI, ENT Health",all_three_agree,TRUE,740-779-7500,General,2026-06-09,TRUE,Yes,Yes,Yes,2026-06-23,Complete,617,1154737443,TRUE,TRUE,740,OH,NA,valid,Suburban,Accepting,With sampled physician,9,TRUE,TRUE
Deol,King,Deanne,AR,Pine Bluff,71603,4,FALSE,"ABO, NPI but not ENT Health",aboto_nppes_agree_enthealth_missing,FALSE,8705355719,General,2026-06-09,TRUE,No-changed practices,Not applicable,No-but appointment offered with different physician,2026-06-16,Complete,618,1679861330,TRUE,TRUE,870,AR,NA,valid,Suburban,Not accepting: changed practice,With different physician,5,TRUE,FALSE
Deol,Killingsworth,Stephen,AR,Russellville,72801,4,FALSE,"ABO, NPI but not ENT Health",aboto_nppes_disagree_enthealth_missing,TRUE,4798900368,General,2026-06-09,TRUE,No-retired or no longer practicing medicine,Not applicable,No-but appointment offered with different physician,2026-11-02,Complete,619,1013985969,TRUE,TRUE,479,AR,NA,valid,Suburban,Not accepting: retired/left,With different physician,100,TRUE,FALSE
Deol,Yates,Charles,IN,Indianapolis,46202,1,FALSE,"ABO, NPI, ENT Health",aboto_enthealth_agree_nppes_disagree,TRUE,(317) 948-3226,Otology/neurotology,2026-06-09,TRUE,Yes,Yes,"Not applicable, no appointment offered with anyone in practice",NA,Complete,620,1275709958,TRUE,TRUE,317,IN,NA,valid,Urban,Accepting,No appointment offered,NA,FALSE,FALSE
Deol,Cretney,Evan,WI,Sheboygan,53081,1,FALSE,"ABO, NPI but not ENT Health",aboto_nppes_agree_enthealth_missing,TRUE,9204574461,General,2026-06-09,TRUE,Yes,Yes,Yes,2026-07-27,Complete,621,1528563442,TRUE,TRUE,920,WI,NA,valid,Urban,Accepting,With sampled physician,32,TRUE,TRUE
Deol,Daidone,Mara,MD,Prince Frederick,20678,10,FALSE,"ABO, NPI but not ENT Health",aboto_nppes_agree_enthealth_missing,FALSE,4105354471,NA,2026-06-09,FALSE,NA,NA,NA,NA,Complete,622,1841296407,TRUE,TRUE,410,MD,NA,valid,Rural,NA,NA,NA,FALSE,NA
Deol,Massick,Douglas,OH,Gallipolis,45631,4,FALSE,"ABO, NPI, ENT Health",all_three_agree,TRUE,7404465937,General,2026-06-09,TRUE,Yes,Yes,Yes,2026-06-10,Complete,623,1881666287,TRUE,TRUE,740,OH,NA,valid,Suburban,Accepting,With sampled physician,1,TRUE,TRUE
Deol,Shashy,Ronald,KY,Georgetown,40324,4,FALSE,"ABO, NPI but not ENT Health",aboto_nppes_disagree_enthealth_missing,TRUE,502-867-7806,Sleep,2026-06-09,TRUE,Yes,Yes,Yes,2026-06-24,Complete,624,1215987144,TRUE,TRUE,502,KY,NA,valid,Suburban,Accepting,With sampled physician,10,TRUE,TRUE
Deol,Sheft,Stanley,NJ,Flemington,08822,4,FALSE,"ABO, NPI but not ENT Health",aboto_nppes_agree_enthealth_missing,TRUE,(908) 788-9131,General,2026-06-09,TRUE,No-retired or no longer practicing medicine,Not applicable,NA,NA,Complete,625,1285662072,TRUE,TRUE,908,NJ,NA,valid,Suburban,Not accepting: retired/left,NA,NA,FALSE,NA
Deol,Shoss,Stanford,TX,Sugar Land,77479,1,FALSE,"ABO, NPI but not ENT Health",aboto_nppes_agree_enthealth_missing,TRUE,(281) 649-7200,General,2026-06-09,TRUE,No-retired or no longer practicing medicine,Not applicable,NA,NA,Complete,626,1972587129,TRUE,TRUE,281,TX,NA,valid,Urban,Not accepting: retired/left,NA,NA,FALSE,NA
Deol,McEvoy,Timothy,TX,San Antonio,78258,1,FALSE,"ABO, NPI, ENT Health",aboto_enthealth_agree_nppes_disagree,TRUE,210.890.5444,Pediatrics,2026-06-09,TRUE,Yes,Yes,Yes,2026-09-10,Complete,627,1487857660,TRUE,TRUE,210,TX,NA,valid,Urban,Accepting,With sampled physician,64,TRUE,TRUE
Deol,Vaidya,Abhay,CA,Westlake Village,91361,1,FALSE,"ABO, NPI, ENT Health",all_three_agree,TRUE,(805) 379-9646,General,2026-06-09,TRUE,No-not specified why,NA,NA,NA,Complete,628,1639186075,TRUE,TRUE,805,CA,NA,valid,Urban,Not accepting: unspecified,NA,NA,FALSE,NA
Deol,Rose,James,VT,Montpelier,05602,4,FALSE,"ABO, NPI but not ENT Health",aboto_nppes_agree_enthealth_missing,TRUE,(802) 225-7025,General,2026-06-09,TRUE,Yes,Yes,Yes,2026-08-28,Complete,629,1497778112,TRUE,TRUE,802,VT,NA,valid,Suburban,Accepting,With sampled physician,56,TRUE,TRUE
Deol,Moffitt,Bayard,FL,Palm Beach Gardens,33410,1,FALSE,"ABO, NPI but not ENT Health",aboto_nppes_agree_enthealth_missing,FALSE,NA,NA,2026-06-09,NA,NA,NA,NA,NA,Complete,630,1194754473,TRUE,FALSE,NA,NA,NA,missing,Urban,NA,NA,NA,FALSE,NA
Deol,Jain,Kunal,TX,Houston,77030,1,FALSE,"ABO, NPI, ENT Health",all_three_agree,TRUE,(713) 486-5000,Head and Neck Cancer,2026-06-09,TRUE,Yes,Yes,Yes,2026-07-15,Complete,631,1033344387,TRUE,TRUE,713,TX,NA,valid,Urban,Accepting,With sampled physician,24,TRUE,TRUE
Deol,Fry,Terry,SC,Georgetown,29440,5,FALSE,"ABO, NPI but not ENT Health",aboto_nppes_agree_enthealth_missing,TRUE,843-546-7272,General,2026-06-09,FALSE,NA,NA,NA,NA,Complete,632,1104873017,TRUE,TRUE,843,SC,NA,valid,Suburban,NA,NA,NA,FALSE,NA
Deol,Baumgartner,Brian,CA,Placerville,95667,4,FALSE,"ABO, NPI but not ENT Health",aboto_nppes_disagree_enthealth_missing,TRUE,5303442000,Sleep,2026-06-09,TRUE,Yes,Yes,Yes,2026-07-15,Complete,633,1033181706,TRUE,TRUE,530,CA,NA,valid,Suburban,Accepting,With sampled physician,24,TRUE,TRUE
Deol,Bartels,Jeffrey,MT,Kalispell,59901,4,FALSE,"ABO, NPI but not ENT Health",aboto_nppes_agree_enthealth_missing,TRUE,(406) 752-8330,General,2026-06-09,TRUE,No-retired or no longer practicing medicine,Not applicable,"Not applicable, no appointment offered with anyone in practice",NA,Complete,634,1700837523,TRUE,TRUE,406,MT,NA,valid,Suburban,Not accepting: retired/left,No appointment offered,NA,FALSE,FALSE
Deol,Mount,Mark,IL,Quincy,62301,4,FALSE,"ABO, NPI, ENT Health",all_three_agree,TRUE,217 214 3844,General,2026-06-09,FALSE,Yes,Yes,Yes,2026-07-21,Complete,635,1811950264,TRUE,TRUE,217,IL,NA,valid,Suburban,Accepting,With sampled physician,28,TRUE,TRUE
Deol,Gokhale,Anil,OH,Lancaster,43130,4,FALSE,"ABO, NPI, ENT Health",all_three_agree,TRUE,(740) 687-5445,General,2026-06-12,TRUE,Yes,Yes,Yes,2026-06-17,Complete,636,1740353879,TRUE,TRUE,740,OH,NA,valid,Suburban,Accepting,With sampled physician,3,TRUE,TRUE
Deol,Rosen,Elizabeth,CA,Union City,94587,1,FALSE,"ABO, NPI, ENT Health",all_three_agree,TRUE,510-675-4241,General,2026-06-16,TRUE,Yes,Yes,Yes,2026-06-18,Complete,637,1376615195,TRUE,TRUE,510,CA,NA,valid,Urban,Accepting,With sampled physician,2,TRUE,TRUE
Deol,Ehmer,Dale,TX,Frisco,75035,1,FALSE,"ABO, NPI but not ENT Health",aboto_nppes_agree_enthealth_missing,TRUE,(972) 731-7654,General,2026-06-09,TRUE,Yes,Yes,Yes,2026-07-01,Complete,638,1710030473,TRUE,TRUE,972,TX,NA,valid,Urban,Accepting,With sampled physician,15,TRUE,TRUE
Deol,Prendergast,Mark,NC,Statesville,28677,4,FALSE,"ABO, NPI but not ENT Health",aboto_nppes_agree_enthealth_missing,TRUE,704-873-5224,General,2026-06-09,TRUE,No-retired or no longer practicing medicine,Not applicable,No-but appointment offered with different physician,2026-06-11,Complete,639,1255322681,TRUE,TRUE,704,NC,NA,valid,Suburban,Not accepting: retired/left,With different physician,2,TRUE,FALSE
Deol,Stein,Andrew,IL,Chicago,60611,1,FALSE,"ABO, NPI, ENT Health",all_three_agree,TRUE,3126958182,Laryngology,2026-06-09,TRUE,Yes,Yes,Yes,2026-08-07,Complete,640,1922492164,TRUE,TRUE,312,IL,NA,valid,Urban,Accepting,With sampled physician,41,TRUE,TRUE
Deol,Tuominen,Terrence,WI,Ashland,54806,7,FALSE,"ABO, NPI but not ENT Health",aboto_nppes_agree_enthealth_missing,TRUE,7156855500,General,2026-06-09,TRUE,No-retired or no longer practicing medicine,Not applicable,"Not applicable, no appointment offered with anyone in practice",NA,Complete,641,1275694648,TRUE,TRUE,715,WI,NA,valid,Rural,Not accepting: retired/left,No appointment offered,NA,FALSE,FALSE
Deol,Thomson,David,GA,Barnesville,30204,7,FALSE,"ABO, NPI, ENT Health",all_three_agree,TRUE,770-872-2321,General,2026-06-09,TRUE,Yes,Yes,Yes,2026-07-07,Complete,642,1538148499,TRUE,TRUE,770,GA,NA,valid,Rural,Accepting,With sampled physician,18,TRUE,TRUE
Deol,Hinrichs,Brad,CA,Palo Alto,94301,1,FALSE,"ABO, NPI, ENT Health",all_three_agree,TRUE,6508532952,General,2026-06-09,TRUE,Yes,Yes,Yes,2026-07-14,Complete,643,1841202033,TRUE,TRUE,650,CA,NA,valid,Urban,Accepting,With sampled physician,23,TRUE,TRUE
Deol,DuBose,Daniel,CA,Sonora,95370,4,FALSE,"ABO, NPI, ENT Health",aboto_enthealth_agree_nppes_disagree,TRUE,209-536-3680,General,2026-06-09,TRUE,Yes,Yes,Yes,2026-06-10,Complete,644,1164437471,TRUE,TRUE,209,CA,NA,valid,Suburban,Accepting,With sampled physician,1,TRUE,TRUE
Deol,Alexander,Ronda,NY,Bronx,10467,1,FALSE,"ABO, NPI, ENT Health",all_three_agree,TRUE,718-920-4646,Laryngology,2026-06-15,TRUE,Yes,Yes,Yes,2026-08-04,Complete,645,1679761886,TRUE,TRUE,718,NY,NA,valid,Urban,Accepting,With sampled physician,34,TRUE,TRUE
Deol,Franzese,Christine,MO,Columbia,65201,1,FALSE,"ABO, NPI, ENT Health",all_three_agree,TRUE,5738173000,General,2026-06-09,TRUE,Yes,Yes,Yes,2026-06-30,Complete,646,1932171352,TRUE,TRUE,573,MO,NA,valid,Urban,Accepting,With sampled physician,14,TRUE,TRUE
Deol,Connely,Thomas,NE,Kearney,68845,4,FALSE,"ABO, NPI, ENT Health",all_three_agree,TRUE,308-865-2277,General,2026-06-09,TRUE,No-changed practices,Not applicable,NA,NA,Complete,647,1669462305,TRUE,TRUE,308,NE,NA,valid,Suburban,Not accepting: changed practice,NA,NA,FALSE,NA
Deol,Hollenkamp,Nicholas,IN,Columbus,47201,1,FALSE,"ABO, NPI, ENT Health",all_three_agree,TRUE,812-376-3071,General,2026-06-15,TRUE,Yes,Yes,Yes,2026-08-19,Complete,648,1891792149,TRUE,TRUE,812,IN,NA,valid,Urban,Accepting,With sampled physician,45,TRUE,TRUE
Deol,Chen,Eunice,NH,Lebanon,03756,4,FALSE,"ABO, NPI, ENT Health",aboto_nppes_agree_enthealth_disagree,TRUE,603-650-8123,Pediatrics,2026-06-15,TRUE,Yes,Yes,"Not applicable, no appointment offered with anyone in practice",NA,Complete,649,1306877725,TRUE,TRUE,603,NH,NA,valid,Suburban,Accepting,No appointment offered,NA,FALSE,FALSE
Deol,Pearson,Robert,UT,Cedar City,84720,4,FALSE,"ABO, NPI, ENT Health",all_three_agree,TRUE,435-867-8719,Sleep,2026-06-09,TRUE,Yes,Yes,Yes,2026-07-01,Complete,650,1295793834,TRUE,TRUE,435,UT,NA,valid,Suburban,Accepting,With sampled physician,15,TRUE,TRUE
Deol,Gibbons,Mark,TX,Paris,75460,4,FALSE,"ABO, NPI, ENT Health",all_three_agree,TRUE,903,General,2026-06-09,TRUE,Yes,Yes,Yes,2026-06-22,Complete,651,1952484784,TRUE,FALSE,NA,NA,NA,invalid_format,Suburban,Accepting,With sampled physician,8,TRUE,TRUE
Deol,Zollinger,William,OK,Muskogee,74401,4,FALSE,"ABO, NPI but not ENT Health",aboto_nppes_agree_enthealth_missing,FALSE,(918) 683-3261,NA,2026-06-09,NA,No-retired or no longer practicing medicine,NA,NA,NA,Complete,652,1962424085,TRUE,TRUE,918,OK,NA,valid,Suburban,Not accepting: retired/left,NA,NA,FALSE,NA
Deol,Litman,David,MD,Cumberland,21502,4,FALSE,"ABO, NPI, ENT Health",all_three_agree,TRUE,301-723-6476,General,2026-06-09,TRUE,Yes,Yes,Yes,NA,Unverified,653,1982606935,TRUE,TRUE,301,MD,NA,valid,Suburban,Accepting,With sampled physician,NA,FALSE,TRUE
Deol,Culviner,William,CT,Willimantic,06226,4,FALSE,"ABO, NPI, ENT Health",all_three_agree,TRUE,(860) 442-0407,General,2026-06-15,FALSE,NA,NA,NA,NA,Complete,654,1558312074,TRUE,TRUE,860,CT,NA,valid,Suburban,NA,NA,NA,FALSE,NA
Deol,Pernas,Francisco,FL,Miami,33196,1,FALSE,"ABO, NPI but not ENT Health",aboto_nppes_agree_enthealth_missing,TRUE,305-595-6200,General,2026-06-15,TRUE,Yes,Yes,Yes,2026-06-24,Complete,655,1932309754,TRUE,TRUE,305,FL,NA,valid,Urban,Accepting,With sampled physician,6,TRUE,TRUE
Deol,Kupferman,Michael,PA,Hershey,17033,1,FALSE,"ABO, NPI but not ENT Health",aboto_nppes_agree_enthealth_missing,FALSE,NA,NA,NA,NA,No-retired or no longer practicing medicine,NA,NA,NA,Complete,656,1902833452,TRUE,FALSE,NA,NA,NA,missing,Urban,Not accepting: retired/left,NA,NA,FALSE,NA
Deol,Venkatesan,Naren,TX,Dallas,75246,1,FALSE,"ABO, NPI, ENT Health",aboto_enthealth_agree_nppes_disagree,TRUE,469-800-7700,Laryngology,2026-06-09,TRUE,Yes,Yes,Yes,2026-07-27,Complete,657,1346484318,TRUE,TRUE,469,TX,NA,valid,Urban,Accepting,With sampled physician,32,TRUE,TRUE
Deol,Baugh,Tiffany,KY,Hopkinsville,42240,4,FALSE,"ABO, NPI but not ENT Health",aboto_nppes_agree_enthealth_missing,TRUE,812-523-5808,General,2026-06-09,FALSE,NA,NA,NA,NA,Unverified,658,1023456936,TRUE,TRUE,812,IN,NA,valid,Suburban,NA,NA,NA,FALSE,NA
Deol,Matt,Bruce,IN,Indianapolis,46202,1,FALSE,"ABO, NPI, ENT Health",aboto_nppes_agree_enthealth_disagree,TRUE,(317) 944-6467,Pediatrics,2026-06-15,TRUE,Yes,Yes,Yes,2026-07-14,Complete,659,1013941558,TRUE,TRUE,317,IN,NA,valid,Urban,Accepting,With sampled physician,19,TRUE,TRUE
Deol,McGath,John,OK,Duncan,73533,4,FALSE,"ABO, NPI but not ENT Health",aboto_nppes_agree_enthealth_missing,TRUE,(580) 252-0100,General,2026-06-15,FALSE,Yes,Yes,Yes,2026-08-03,Complete,660,1699721977,TRUE,TRUE,580,OK,NA,valid,Suburban,Accepting,With sampled physician,33,TRUE,TRUE
Deol,Kreicher,Kathryn,CA,Marina del Rey,90292,1,FALSE,"ABO, NPI, ENT Health",all_three_agree,TRUE,310-423-1220,General,2026-06-16,TRUE,Yes,Yes,Yes,2026-07-28,Complete,661,1407387822,TRUE,TRUE,310,CA,NA,valid,Urban,Accepting,With sampled physician,28,TRUE,TRUE
Deol,Agbetoba,Abib,TX,Bellaire,77401,1,FALSE,"ABO, NPI, ENT Health",all_three_agree,TRUE,713-791-9363,Rhinology,2026-06-10,TRUE,Yes,Yes,Yes,2026-08-04,Complete,662,1164656633,TRUE,TRUE,713,TX,NA,valid,Urban,Accepting,With sampled physician,37,TRUE,TRUE
Deol,Rusten,Mark,MO,Rolla,65401,4,TRUE,"ABO, NPI, ENT Health",all_three_agree,TRUE,5733645719,General,2026-06-10,TRUE,Yes,Yes,Yes,2026-07-01,Complete,663,1912930777,TRUE,TRUE,573,MO,NA,valid,Suburban,Accepting,With sampled physician,14,TRUE,TRUE
Deol,Youkilis,Robert,IN,Carmel,46032,1,FALSE,"ABO, NPI, ENT Health",all_three_agree,TRUE,(317) 844-5656,General,2026-06-10,TRUE,Yes,Yes,Yes,2026-07-09,Complete,664,1508814740,TRUE,TRUE,317,IN,NA,valid,Urban,Accepting,With sampled physician,19,TRUE,TRUE
Deol,Beasley,Charles,NC,Kinston,28501,4,FALSE,"ABO, NPI but not ENT Health",aboto_nppes_agree_enthealth_missing,TRUE,(252) 523-0687,General,2026-06-10,TRUE,No-retired or no longer practicing medicine,Not applicable,"Not applicable, no appointment offered with anyone in practice",NA,Complete,665,1184794646,TRUE,TRUE,252,NC,NA,valid,Suburban,Not accepting: retired/left,No appointment offered,NA,FALSE,FALSE
Deol,Mock,Jeremy,PA,Danville,17822,7,FALSE,"ABO, NPI, ENT Health",aboto_enthealth_agree_nppes_disagree,TRUE,800-275-6401,General,2026-06-10,FALSE,NA,NA,NA,NA,Unverified,666,1063657310,TRUE,TRUE,800,toll-free,NA,valid,Rural,NA,NA,NA,FALSE,NA
Deol,Bohannon,Isaac,WA,Bellevue,98004,1,FALSE,"ABO, NPI but not ENT Health",aboto_nppes_agree_enthealth_missing,TRUE,425-502-3770,Head and Neck Cancer,2026-06-10,TRUE,Yes,Yes,Yes,2026-07-13,Complete,667,1497964720,TRUE,TRUE,425,WA,NA,valid,Urban,Accepting,With sampled physician,21,TRUE,TRUE
Deol,Brennan,Tara,NM,Albuquerque,87131,1,FALSE,"ABO, NPI but not ENT Health",aboto_nppes_disagree_enthealth_missing,TRUE,505-272-2111,Facial Plastics,2026-06-10,TRUE,No-practice is full but physician does still see established patients,Not applicable,"Not applicable, no appointment offered with anyone in practice",NA,Complete,668,1841432473,TRUE,TRUE,505,NM,NA,valid,Urban,Not accepting: practice full,No appointment offered,NA,FALSE,FALSE
Deol,Potts,Jerry,AR,Pine Bluff,71603,4,FALSE,"ABO, NPI but not ENT Health",aboto_nppes_agree_enthealth_missing,TRUE,(870) 535-5719,General,2026-06-10,TRUE,No-retired or no longer practicing medicine,Not applicable,"Not applicable, no appointment offered with anyone in practice",NA,Complete,669,1447226477,TRUE,TRUE,870,AR,NA,valid,Suburban,Not accepting: retired/left,No appointment offered,NA,FALSE,FALSE
Deol,Helton,William,KY,Prestonsburg,41653,8,TRUE,"ABO, NPI but not ENT Health",aboto_nppes_agree_enthealth_missing,TRUE,606-886-2712,General,2026-06-10,TRUE,Yes,Yes,Yes,2026-07-07,Complete,670,1174786115,TRUE,TRUE,606,KY,NA,valid,Rural,Accepting,With sampled physician,17,TRUE,TRUE
Deol,Chase,Robert,CA,Placerville,95667,4,FALSE,"ABO, NPI, ENT Health",all_three_agree,TRUE,530-344-2010,General,2026-06-10,TRUE,Yes,Yes,Yes,2026-06-24,Complete,671,1487757779,TRUE,TRUE,530,CA,NA,valid,Suburban,Accepting,With sampled physician,9,TRUE,TRUE
Deol,Triana,"Rudolph,",KY,Mayfield,42066,4,FALSE,"ABO, NPI but not ENT Health",aboto_nppes_disagree_enthealth_missing,TRUE,270-251-4080,Facial Plastics,2026-06-10,TRUE,No-changed practices,Not applicable,"Not applicable, no appointment offered with anyone in practice",NA,Complete,672,1811959661,TRUE,TRUE,270,KY,NA,valid,Suburban,Not accepting: changed practice,No appointment offered,NA,FALSE,FALSE
Deol,Greene,Joseph,PA,Danville,17822,7,FALSE,"ABO, NPI, ENT Health",all_three_agree,TRUE,800-275-6401,General,2026-06-10,FALSE,NA,NA,NA,NA,Complete,673,1235108291,TRUE,TRUE,800,toll-free,NA,valid,Rural,NA,NA,NA,FALSE,NA
Deol,Hosea,Robert,NC,Kinston,28501,4,FALSE,"ABO, NPI but not ENT Health",aboto_nppes_agree_enthealth_missing,TRUE,(252) 523-0687,General,2026-06-10,TRUE,No-retired or no longer practicing medicine,Not applicable,"Not applicable, no appointment offered with anyone in practice",NA,Complete,674,1083784557,TRUE,TRUE,252,NC,NA,valid,Suburban,Not accepting: retired/left,No appointment offered,NA,FALSE,FALSE
Deol,Ortega,John,IL,Elmhurst,60126,1,FALSE,"ABO, NPI but not ENT Health",aboto_nppes_disagree_enthealth_missing,TRUE,331-221-9004,General,2026-06-10,TRUE,Yes,Yes,Yes,2026-06-16,Complete,675,1740231810,TRUE,TRUE,331,IL,NA,valid,Urban,Accepting,With sampled physician,4,TRUE,TRUE
Deol,Plautz,Michael,VA,Fishersville,22939,1,FALSE,"ABO, NPI, ENT Health",all_three_agree,NA,540-221-7010,General,2026-06-10,TRUE,Yes,Yes,Yes,2026-07-29,Complete,676,1932173408,TRUE,TRUE,540,VA,NA,valid,Urban,Accepting,With sampled physician,33,TRUE,TRUE
Deol,Chung,Sei,TX,Dallas,75390,1,FALSE,"ABO, NPI but not ENT Health",aboto_nppes_agree_enthealth_missing,TRUE,214-645-8898,Rhinology,2026-06-10,TRUE,Yes,Yes,Yes,2026-09-10,Complete,677,1972038255,TRUE,TRUE,214,TX,NA,valid,Urban,Accepting,With sampled physician,63,TRUE,TRUE
Deol,Rhee,John,WI,Milwaukee,53226,1,FALSE,"ABO, NPI, ENT Health",all_three_agree,TRUE,414-955-1050,Facial Plastics,2026-06-10,TRUE,Yes,Yes,Yes,2026-09-01,Complete,678,1497708143,TRUE,TRUE,414,WI,NA,valid,Urban,Accepting,With sampled physician,57,TRUE,TRUE
Deol,Hjelm,Nikolaus,FL,Miami,33136,1,FALSE,"ABO, NPI but not ENT Health",aboto_nppes_disagree_enthealth_missing,TRUE,856-435-9100,Facial Plastics,2026-06-10,TRUE,Yes,Yes,Yes,2026-06-12,Complete,679,1942610761,TRUE,TRUE,856,NJ,NA,valid,Urban,Accepting,With sampled physician,2,TRUE,TRUE
Deol,Robison,Jacob,ID,Boise,83712,1,FALSE,"ABO, NPI, ENT Health",aboto_nppes_agree_enthealth_disagree,TRUE,208-381-8050,Pediatrics,2026-06-10,TRUE,Yes,Yes,Yes,2026-07-08,Complete,680,1255596771,TRUE,TRUE,208,ID,NA,valid,Urban,Accepting,With sampled physician,18,TRUE,TRUE
Deol,Parker,Charles,IA,Dubuque,52001,1,FALSE,"ABO, NPI but not ENT Health",aboto_nppes_agree_enthealth_missing,TRUE,563-584-3475,General,2026-06-10,TRUE,Yes,Yes,Yes,2026-07-01,Complete,681,1063738342,TRUE,TRUE,563,IA,NA,valid,Urban,Accepting,With sampled physician,14,TRUE,TRUE
Deol,Falk,Stephen,NY,Rushville,14544,6,FALSE,"ABO, NPI but not ENT Health",aboto_nppes_agree_enthealth_missing,FALSE,(585) 554-5444,NA,2026-06-15,FALSE,No-retired or no longer practicing medicine,Not applicable,"Not applicable, no appointment offered with anyone in practice",NA,Complete,682,1801922653,TRUE,TRUE,585,NY,NA,valid,Suburban,Not accepting: retired/left,No appointment offered,NA,FALSE,FALSE
Deol,Blount,Angela,AL,Jasper,35501,4,FALSE,"ABO, NPI, ENT Health",all_three_agree,TRUE,205-933-9236,General,2026-06-10,TRUE,Yes,Yes,Yes,2026-07-02,Complete,683,1811190804,TRUE,TRUE,205,AL,NA,valid,Suburban,Accepting,With sampled physician,15,TRUE,TRUE
Deol,Donat,Terry,IL,Sterling,61081,4,FALSE,"ABO, NPI but not ENT Health",aboto_nppes_disagree_enthealth_missing,TRUE,815-971-2000,Facial Plastics,2026-06-10,TRUE,Yes,Yes,Yes,2026-06-23,Complete,684,1891760385,TRUE,TRUE,815,IL,NA,valid,Suburban,Accepting,With sampled physician,8,TRUE,TRUE
Deol,Horowitz,Jay,NJ,East Brunswick,08816,1,FALSE,"ABO, NPI, ENT Health",all_three_agree,TRUE,732-613-0600,General,2026-06-10,TRUE,Yes,Yes,Yes,2026-06-11,Complete,685,1255421673,TRUE,TRUE,732,NJ,NA,valid,Urban,Accepting,With sampled physician,1,TRUE,TRUE
Deol,Briggs,Deane,FL,Winter Haven,33881,1,FALSE,"ABO, NPI but not ENT Health",aboto_nppes_agree_enthealth_missing,TRUE,(863) 299-1251,General,2026-06-10,TRUE,No-retired or no longer practicing medicine,Not applicable,No-but appointment offered with different physician,2026-06-16,Complete,686,1841218179,TRUE,TRUE,863,FL,NA,valid,Urban,Not accepting: retired/left,With different physician,4,TRUE,FALSE
Deol,Funk,Gerry,OR,La Grande,97850,4,FALSE,"ABO, NPI, ENT Health",all_three_agree,TRUE,541-663-3100,General,2026-06-10,TRUE,Yes,Yes,Yes,2026-08-03,Complete,687,1467443515,TRUE,TRUE,541,OR,NA,valid,Suburban,Accepting,With sampled physician,36,TRUE,TRUE
Deol,Falcone,Carl,NH,Concord,03301,4,FALSE,"ABO, NPI but not ENT Health",aboto_nppes_disagree_enthealth_missing,TRUE,(603) 789-9150,General,2026-06-10,TRUE,No-retired or no longer practicing medicine,Not applicable,"Not applicable, no appointment offered with anyone in practice",NA,Complete,688,1801954144,TRUE,TRUE,603,NH,NA,valid,Suburban,Not accepting: retired/left,No appointment offered,NA,FALSE,FALSE
Deol,Hartemink,David,CO,Arvada,80003,1,FALSE,"ABO, NPI but not ENT Health",aboto_nppes_agree_enthealth_missing,TRUE,303-431-8881,General,2026-06-10,TRUE,Yes,Yes,Yes,2026-06-30,Complete,689,1649354549,TRUE,TRUE,303,CO,NA,valid,Urban,Accepting,With sampled physician,13,TRUE,TRUE
Deol,Podrazik,Eugene,WY,Casper,82604,1,FALSE,"ABO, NPI, ENT Health",all_three_agree,TRUE,307-577-4240,General,2026-06-10,TRUE,No-retired or no longer practicing medicine,Not applicable,"Not applicable, no appointment offered with anyone in practice",NA,Complete,690,1265418834,TRUE,TRUE,307,WY,NA,valid,Urban,Not accepting: retired/left,No appointment offered,NA,FALSE,FALSE
Deol,Landman,Michael,CA,Tarzana,91356,1,FALSE,"ABO, NPI but not ENT Health",aboto_nppes_agree_enthealth_missing,TRUE,(818) 609-0600,Facial Plastics,NA,NA,No-retired or no longer practicing medicine,NA,NA,NA,Complete,691,1245237833,TRUE,TRUE,818,CA,NA,valid,Urban,Not accepting: retired/left,NA,NA,FALSE,NA
Deol,Spalla,Thomas,NJ,Camden,08103,1,FALSE,"ABO, NPI, ENT Health",all_three_agree,TRUE,856-342-3113,General,2026-06-10,TRUE,No-not specified why,NA,NA,NA,Complete,692,1174732200,TRUE,TRUE,856,NJ,NA,valid,Urban,Not accepting: unspecified,NA,NA,FALSE,NA
Deol,Jones,Myron,IL,Quincy,62301,4,FALSE,"ABO, NPI but not ENT Health",aboto_nppes_agree_enthealth_missing,TRUE,217 214 3844,General,2026-06-10,TRUE,No-practice is full but physician does still see established patients,Not applicable,Yes,2026-07-02,Complete,693,1225106420,TRUE,TRUE,217,IL,NA,valid,Suburban,Not accepting: practice full,With sampled physician,15,TRUE,TRUE
Deol,Kang,Robert,CA,Los Angeles,90095,1,FALSE,"ABO, NPI, ENT Health",all_three_agree,TRUE,310-206-6688,Facial Plastics,2026-06-10,TRUE,Yes,Yes,Yes,2026-06-30,Complete,694,1316059348,TRUE,TRUE,310,CA,NA,valid,Urban,Accepting,With sampled physician,13,TRUE,TRUE
Deol,Hodge,Kenneth,KY,Louisville,40220,1,FALSE,"ABO, NPI but not ENT Health",aboto_nppes_agree_enthealth_missing,TRUE,(502) 995-5525,Head and Neck Cancer,2026-06-10,TRUE,Yes,Yes,Yes,2026-06-24,Complete,695,1750388286,TRUE,TRUE,502,KY,NA,valid,Urban,Accepting,With sampled physician,9,TRUE,TRUE
Deol,Romanow,John,NH,Concord,03301,4,FALSE,"ABO, NPI, ENT Health",all_three_agree,TRUE,(603) 789-9150,General,2026-06-10,TRUE,Yes,Yes,Yes,NA,Unverified,696,1295831626,TRUE,TRUE,603,NH,NA,valid,Suburban,Accepting,With sampled physician,NA,FALSE,TRUE
Deol,Hanlon,Jennifer,FL,Miami,33156,1,FALSE,"ABO, NPI, ENT Health",all_three_agree,TRUE,786-386-2076,Facial Plastics,2026-06-10,TRUE,Yes,Yes,Yes,2026-06-19,Complete,697,1891144911,TRUE,TRUE,786,FL,NA,valid,Urban,Accepting,With sampled physician,6,TRUE,TRUE
Deol,Hayes,Margaret,NY,Norwich,13815,7,FALSE,"ABO, NPI but not ENT Health",aboto_nppes_agree_enthealth_missing,TRUE,(607) 337-4834,General,2026-06-10,FALSE,No-not specified why,Not applicable,"Not applicable, no appointment offered with anyone in practice",NA,Complete,698,1821070715,TRUE,TRUE,607,NY,NA,valid,Rural,Not accepting: unspecified,No appointment offered,NA,FALSE,FALSE
Deol,Celmer,Andrew,TN,Murfreesboro,37129,1,FALSE,"ABO, NPI but not ENT Health",aboto_nppes_agree_enthealth_missing,TRUE,615-867-8110,Laryngology,2026-06-10,FALSE,Yes,Yes,Yes,2026-06-22,Complete,699,1376571604,TRUE,TRUE,615,TN,NA,valid,Urban,Accepting,With sampled physician,7,TRUE,TRUE
Deol,Ahmad,Sidrah,MD,Salisbury,21804,1,FALSE,"ABO, NPI, ENT Health",aboto_nppes_agree_enthealth_disagree,TRUE,631-444-8410,Pediatrics,2026-06-10,TRUE,No-changed practices,Not applicable,No-but appointment offered with different physician,2026-07-30,Complete,700,1083935779,TRUE,TRUE,631,NY,NA,valid,Urban,Not accepting: changed practice,With different physician,34,TRUE,FALSE
Deol,DeCicco,Michael,NY,Geneva,14456,4,FALSE,"ABO, NPI but not ENT Health",aboto_nppes_disagree_enthealth_missing,TRUE,(315) 789-2153,General,2026-06-10,TRUE,Yes,Yes,Yes,2026-08-24,Complete,701,1255355202,TRUE,TRUE,315,NY,NA,valid,Suburban,Accepting,With sampled physician,51,TRUE,TRUE
Deol,Yun,James,OR,Roseburg,97471,4,FALSE,"ABO, NPI, ENT Health",all_three_agree,TRUE,541-677-3400,General,2026-06-10,TRUE,Yes,Yes,No-but appointment offered with APP,2026-06-12,Complete,702,1144273566,TRUE,TRUE,541,OR,NA,valid,Suburban,Accepting,With APP only,2,TRUE,FALSE
Deol,Mellor,Robert,UT,Layton,84041,1,FALSE,"ABO, NPI, ENT Health",all_three_agree,TRUE,801-773-4840,General,2026-06-10,TRUE,Yes,Yes,Yes,2026-07-01,Complete,703,1023094992,TRUE,TRUE,801,UT,NA,valid,Urban,Accepting,With sampled physician,14,TRUE,TRUE
Deol,Ahmed,Jamal,WI,Marshfield,54449,4,FALSE,"ABO, NPI, ENT Health",all_three_agree,TRUE,715-387-5245,Head and Neck Cancer,2026-06-10,FALSE,No-changed practices,Not applicable,"Not applicable, no appointment offered with anyone in practice",NA,Complete,704,1265877666,TRUE,TRUE,715,WI,NA,valid,Suburban,Not accepting: changed practice,No appointment offered,NA,FALSE,FALSE
Deol,Cardoso,Bruno,CT,New Haven,06519,1,FALSE,"ABO, NPI but not ENT Health",aboto_nppes_agree_enthealth_missing,TRUE,(877) 925-3637,General,2026-06-10,TRUE,No-practice is full but physician does still see established patients,Not applicable,"Not applicable, no appointment offered with anyone in practice",NA,Complete,705,1023496122,TRUE,TRUE,877,toll-free,NA,valid,Urban,Not accepting: practice full,No appointment offered,NA,FALSE,FALSE
Deol,Jazwick,Lauren,NE,Columbus,68601,4,FALSE,"ABO, NPI but not ENT Health",aboto_nppes_agree_enthealth_missing,TRUE,402-562-4720,General,2026-06-10,TRUE,Yes,Yes,Yes,2026-06-15,Complete,706,1124548631,TRUE,TRUE,402,NE,NA,valid,Suburban,Accepting,With sampled physician,3,TRUE,TRUE
Deol,Smith,Richard,VA,Danville,24541,4,FALSE,"ABO, NPI but not ENT Health",aboto_nppes_agree_enthealth_missing,TRUE,434-792-0830,General,2026-06-10,TRUE,No-not specified why,Not applicable,"Not applicable, no appointment offered with anyone in practice",NA,Complete,707,1063484863,TRUE,TRUE,434,VA,NA,valid,Suburban,Not accepting: unspecified,No appointment offered,NA,FALSE,FALSE
Deol,Levine,Toni,IL,Freeport,61032,4,FALSE,"ABO, NPI but not ENT Health",aboto_nppes_agree_enthealth_missing,TRUE,8155997770,General,2026-06-10,TRUE,No-retired or no longer practicing medicine,Not applicable,"Not applicable, no appointment offered with anyone in practice",NA,Complete,708,1245300821,TRUE,TRUE,815,IL,NA,valid,Suburban,Not accepting: retired/left,No appointment offered,NA,FALSE,FALSE
Deol,Millay,Donna,VT,Burlington,05401,1,FALSE,"ABO, NPI but not ENT Health",aboto_nppes_agree_enthealth_missing,TRUE,802-847-4537,General,2026-06-10,TRUE,No-retired or no longer practicing medicine,Not applicable,"Not applicable, no appointment offered with anyone in practice",NA,Complete,709,1346275617,TRUE,TRUE,802,VT,NA,valid,Urban,Not accepting: retired/left,No appointment offered,NA,FALSE,FALSE
Deol,Sargent,David,TX,Sulphur Springs,75482,4,FALSE,"ABO, NPI but not ENT Health",aboto_nppes_agree_enthealth_missing,TRUE,(903) 885-6534,NA,2026-06-10,TRUE,No-retired or no longer practicing medicine,Not applicable,"Not applicable, no appointment offered with anyone in practice",NA,Complete,710,1710973748,TRUE,TRUE,903,TX,NA,valid,Suburban,Not accepting: retired/left,No appointment offered,NA,FALSE,FALSE
Deol,Meredith,Scott,NC,Raleigh,27607,1,FALSE,"ABO, NPI but not ENT Health",aboto_nppes_agree_enthealth_missing,TRUE,(919) 781-7070,Head and Neck Cancer,2026-06-10,TRUE,No-retired or no longer practicing medicine,Not applicable,"Not applicable, no appointment offered with anyone in practice",NA,Complete,711,1801805080,TRUE,TRUE,919,NC,NA,valid,Urban,Not accepting: retired/left,No appointment offered,NA,FALSE,FALSE
Deol,Tamplen,Matthew,CA,Orinda,94563,1,FALSE,"ABO, NPI but not ENT Health",aboto_nppes_agree_enthealth_missing,TRUE,925 444 0824,Facial Plastics,2026-06-10,TRUE,Yes,Yes,Yes,2026-11-02,Complete,712,1801148242,TRUE,TRUE,925,CA,NA,valid,Urban,Accepting,With sampled physician,99,TRUE,TRUE
Deol,Powell,Angela,NY,Plattsburgh,12901,4,FALSE,"ABO, NPI, ENT Health",all_three_agree,TRUE,(518) 566-7930,NA,NA,NA,NA,NA,NA,NA,Incomplete,713,1215005699,TRUE,TRUE,518,NY,NA,valid,Suburban,NA,NA,NA,FALSE,NA
Deol,Walker,James,LA,New Iberia,70560,4,FALSE,"ABO, NPI but not ENT Health",aboto_nppes_agree_enthealth_missing,FALSE,337-364-9681,General,2026-06-15,FALSE,No-not specified why,Not applicable,"Not applicable, no appointment offered with anyone in practice",NA,Complete,714,1235271479,TRUE,TRUE,337,LA,NA,valid,Suburban,Not accepting: unspecified,No appointment offered,NA,FALSE,FALSE
Deol,Gordon,Ronald,UT,Ogden,84403,1,FALSE,"ABO, NPI but not ENT Health",aboto_nppes_agree_enthealth_missing,FALSE,801-627-1363,NA,NA,FALSE,No-not specified why,Not applicable,"Not applicable, no appointment offered with anyone in practice",NA,Complete,715,1619082799,TRUE,TRUE,801,UT,NA,valid,Urban,Not accepting: unspecified,No appointment offered,NA,FALSE,FALSE
Deol,Tucker,Byron,MS,New Albany,38652,7,FALSE,"ABO, NPI, ENT Health",all_three_agree,TRUE,(601) 703-9595,General,2026-06-10,TRUE,Yes,Yes,Yes,2026-06-11,Complete,716,1235155979,TRUE,TRUE,601,MS,NA,valid,Rural,Accepting,With sampled physician,1,TRUE,TRUE
Deol,White,Michelle,PA,Meadville,16335,4,TRUE,"ABO, NPI but not ENT Health",aboto_nppes_agree_enthealth_missing,TRUE,814-373-3070,General,2026-06-10,TRUE,Yes,Yes,Yes,2026-07-28,Complete,717,1356879894,TRUE,TRUE,814,PA,NA,valid,Suburban,Accepting,With sampled physician,32,TRUE,TRUE
Deol,Lait,Marci,NC,Nags Head,27959,4,FALSE,"ABO, NPI, ENT Health",all_three_agree,TRUE,(252) 489-4682,General,2026-06-10,TRUE,Yes,Yes,Yes,2026-07-09,Complete,718,1649258617,TRUE,TRUE,252,NC,NA,valid,Suburban,Accepting,With sampled physician,19,TRUE,TRUE
Deol,Collette,Robert,FL,Orange City,32763,1,FALSE,"ABO, NPI, ENT Health",all_three_agree,TRUE,(386) 775-4467,General,2026-06-10,TRUE,Yes,Yes,Yes,2026-06-23,Complete,719,1659332732,TRUE,TRUE,386,FL,NA,valid,Urban,Accepting,With sampled physician,8,TRUE,TRUE
Deol,Faden,Daniel,MA,Boston,02118,1,FALSE,"ABO, NPI but not ENT Health",aboto_nppes_agree_enthealth_missing,TRUE,617-573-3489,Head and Neck Cancer,2026-06-10,TRUE,Yes,Not applicable,"Not applicable, no appointment offered with anyone in practice",NA,Complete,720,1366739153,TRUE,TRUE,617,MA,NA,valid,Urban,Accepting,No appointment offered,NA,FALSE,FALSE
Walsh,Davis,Thomas,WY,Gillette,82716,4,FALSE,"ABO, NPI, ENT Health",nppes_enthealth_agree_aboto_disagree,TRUE,(307) 686-7346,General,2026-06-01,TRUE,Yes,Yes,Yes,2026-06-17,Complete,721,1336139120,TRUE,TRUE,307,WY,NA,valid,Suburban,Accepting,With sampled physician,12,TRUE,TRUE
Walsh,Nielsen,Erik,OH,Findlay,45840,4,FALSE,"ABO, NPI but not ENT Health",aboto_nppes_agree_enthealth_missing,TRUE,419-423-5492,General,2026-06-01,TRUE,Yes,Yes,Yes,NA,Complete,722,1003803834,TRUE,TRUE,419,OH,NA,valid,Suburban,Accepting,With sampled physician,NA,FALSE,TRUE
Walsh,Milien,Annesha,VA,Henrico,23233,1,FALSE,"ABO, NPI, ENT Health",all_three_agree,TRUE,(804) 484-3700,General,2026-06-01,TRUE,Yes,Yes,Yes,2026-06-05,Complete,723,1003313578,TRUE,TRUE,804,VA,NA,valid,Urban,Accepting,With sampled physician,4,TRUE,TRUE
Walsh,Schrage,Carly,NH,Laconia,03246,4,TRUE,"ABO, NPI, ENT Health",all_three_agree,TRUE,(603) 524-7402,General,2026-06-01,TRUE,Yes,Yes,Yes,2026-07-08,Complete,724,1063778363,TRUE,TRUE,603,NH,NA,valid,Suburban,Accepting,With sampled physician,25,TRUE,TRUE
Walsh,Pierce,William,NY,Batavia,14020,4,FALSE,"ABO, NPI but not ENT Health",aboto_nppes_agree_enthealth_missing,TRUE,(585) 344-0007,General,2026-06-01,FALSE,NA,NA,NA,NA,Complete,725,1831194554,TRUE,TRUE,585,NY,NA,valid,Suburban,NA,NA,NA,FALSE,NA
Walsh,Sheppard,William,DE,Newark,19713,1,FALSE,"ABO, NPI, ENT Health",all_three_agree,TRUE,(302) 998-0300,General,2026-06-18,TRUE,Yes,Yes,Yes,2026-07-08,Complete,726,1427092501,TRUE,TRUE,302,DE,NA,valid,Urban,Accepting,With sampled physician,12,TRUE,TRUE
Walsh,Tawfik,Bernard,NY,Glen Cove,11542,1,FALSE,"ABO, NPI but not ENT Health",aboto_nppes_disagree_enthealth_missing,TRUE,(516) 671-0085,General,2026-06-01,TRUE,No-retired or no longer practicing medicine,Not applicable,No-but appointment offered with different physician,2026-06-02,Complete,727,1245223015,TRUE,TRUE,516,NY,NA,valid,Urban,Not accepting: retired/left,With different physician,1,TRUE,FALSE
Walsh,Krishnan,Geeta,PA,Bloomsburg,17815,4,FALSE,"ABO, NPI but not ENT Health",aboto_nppes_agree_enthealth_missing,TRUE,(570) 389-7911,General,2026-06-11,FALSE,NA,NA,NA,NA,Complete,728,1306801451,TRUE,TRUE,570,PA,NA,valid,Suburban,NA,NA,NA,FALSE,NA
Walsh,Georgopoulos,Rachel,PA,Philadelphia,19140,1,FALSE,"ABO, NPI but not ENT Health",aboto_nppes_disagree_enthealth_missing,TRUE,216-444-8950,Pediatrics,2026-06-01,TRUE,Yes,Yes,Yes,2026-07-17,Complete,729,1760745442,TRUE,TRUE,216,OH,NA,valid,Urban,Accepting,With sampled physician,32,TRUE,TRUE
Walsh,Marchiando,Albert,IL,Quincy,62301,4,FALSE,"ABO, NPI but not ENT Health",aboto_nppes_agree_enthealth_missing,TRUE,(217) 222-6550,General,2026-06-01,TRUE,No-retired or no longer practicing medicine,Not applicable,No-but appointment offered with APP,2026-06-02,Complete,730,1932185329,TRUE,TRUE,217,IL,NA,valid,Suburban,Not accepting: retired/left,With APP only,1,TRUE,FALSE
Walsh,Freedman,Harvey,MN,Rochester,55905,1,FALSE,"ABO, NPI but not ENT Health",aboto_nppes_agree_enthealth_missing,TRUE,(507) 284-2511,General,2026-06-29,TRUE,No-retired or no longer practicing medicine,Not applicable,"Not applicable, no appointment offered with anyone in practice",NA,Complete,731,1164431888,TRUE,TRUE,507,MN,NA,valid,Urban,Not accepting: retired/left,No appointment offered,NA,FALSE,FALSE
Walsh,Drake,Fred,IN,Terre Haute,47807,1,FALSE,"ABO, NPI but not ENT Health",aboto_nppes_agree_enthealth_missing,TRUE,(812) 242-3170,General,2026-06-01,TRUE,No-retired or no longer practicing medicine,Not applicable,No-but appointment offered with different physician,2026-06-10,Complete,732,1124135967,TRUE,TRUE,812,IN,NA,valid,Urban,Not accepting: retired/left,With different physician,7,TRUE,FALSE
Walsh,Brown-Wagner,Marie,NM,Shiprock,87420,7,FALSE,"ABO, NPI but not ENT Health",aboto_nppes_agree_enthealth_missing,TRUE,(505) 368-6401,General,2026-06-17,FALSE,NA,NA,NA,NA,Complete,733,1134235385,TRUE,TRUE,505,NM,NA,valid,Rural,NA,NA,NA,FALSE,NA
Walsh,McDonnell,Matthew,OH,Medina,44256,4,FALSE,"ABO, NPI, ENT Health",all_three_agree,TRUE,(330) 723-6673,General,2026-06-01,FALSE,NA,NA,NA,NA,Complete,734,1841291507,TRUE,TRUE,330,OH,NA,valid,Suburban,NA,NA,NA,FALSE,NA
Walsh,Biteman,John,CA,Arcata,95521,4,FALSE,"ABO, NPI but not ENT Health",aboto_nppes_agree_enthealth_missing,NA,707-822-7220,General,2026-06-01,TRUE,No-retired or no longer practicing medicine,Not applicable,"Not applicable, no appointment offered with anyone in practice",NA,Complete,735,1366410763,TRUE,TRUE,707,CA,NA,valid,Suburban,Not accepting: retired/left,No appointment offered,NA,FALSE,FALSE
Walsh,Patterson,Matthew,MN,Mora,55051,10,FALSE,"ABO, NPI, ENT Health",nppes_enthealth_agree_aboto_disagree,NA,(320) 679-1313,Sleep,2026-06-01,TRUE,Yes,Yes,Yes,2026-08-04,Complete,736,1457339996,TRUE,TRUE,320,MN,NA,valid,Rural,Accepting,With sampled physician,44,TRUE,TRUE
Walsh,Zopf,David,WI,Madison,53792,1,FALSE,"ABO, NPI, ENT Health",aboto_nppes_agree_enthealth_disagree,TRUE,(608) 915-0470,Pediatrics,2026-06-01,TRUE,Yes,Yes,Yes,2026-09-15,Complete,737,1346478633,TRUE,TRUE,608,WI,NA,valid,Urban,Accepting,With sampled physician,73,TRUE,TRUE
Walsh,Phillips,David,IN,Jasper,47546,4,FALSE,"ABO, NPI, ENT Health",all_three_agree,TRUE,(812) 996-5575,General,2026-06-01,TRUE,Yes,Yes,Yes,2026-07-01,Complete,738,1720425192,TRUE,TRUE,812,IN,NA,valid,Suburban,Accepting,With sampled physician,21,TRUE,TRUE
Walsh,Coursey,Donald,CA,Ukiah,95482,4,FALSE,"ABO, NPI but not ENT Health",aboto_nppes_agree_enthealth_missing,TRUE,(707) 462-8855,General,2026-06-01,FALSE,NA,NA,NA,NA,Complete,739,1689770364,TRUE,TRUE,707,CA,NA,valid,Suburban,NA,NA,NA,FALSE,NA
Walsh,Goldstein,Richard,NC,Henderson,27536,4,FALSE,"ABO, NPI, ENT Health",all_three_agree,FALSE,(252) 492-5600,General,2026-06-01,FALSE,No-retired or no longer practicing medicine,NA,NA,NA,Complete,740,1255396198,TRUE,TRUE,252,NC,NA,valid,Suburban,Not accepting: retired/left,NA,NA,FALSE,NA
Walsh,Enrique,Ronel,NC,Statesville,28677,4,FALSE,"ABO, NPI but not ENT Health",aboto_nppes_agree_enthealth_missing,TRUE,(704) 838-8255,General,2026-06-01,FALSE,NA,NA,NA,NA,Complete,741,1881686434,TRUE,TRUE,704,NC,NA,valid,Suburban,NA,NA,NA,FALSE,NA
Walsh,McIntee,Rae,IL,Quincy,62301,4,FALSE,"ABO, NPI, ENT Health",all_three_agree,TRUE,(217) 223-2984,General,2026-06-01,FALSE,NA,NA,NA,NA,Complete,742,1144260639,TRUE,TRUE,217,IL,NA,valid,Suburban,NA,NA,NA,FALSE,NA
Walsh,Battista,Robert,IL,Hinsdale,60521,1,FALSE,"ABO, NPI, ENT Health",aboto_enthealth_agree_nppes_disagree,TRUE,(630) 789-3110,Otology/neurotology,2026-06-18,TRUE,Yes,Yes,Yes,2026-06-29,Complete,743,1770565947,TRUE,TRUE,630,IL,NA,valid,Urban,Accepting,With sampled physician,6,TRUE,TRUE
Walsh,Dave,Sandeep,FL,Miami,33155,1,FALSE,"ABO, NPI, ENT Health",aboto_enthealth_agree_nppes_disagree,TRUE,(786) 624-3687,Pediatrics,2026-06-18,TRUE,Yes,Yes,Yes,2026-07-02,Complete,744,1407072499,TRUE,TRUE,786,FL,NA,valid,Urban,Accepting,With sampled physician,9,TRUE,TRUE
Walsh,Waters,Kurtis,MN,Baxter,56425,4,FALSE,"ABO, NPI, ENT Health",all_three_agree,TRUE,(218) 454-8888,Facial Plastics,2026-06-01,TRUE,Yes,Yes,Yes,2026-06-12,Complete,745,1568440717,TRUE,TRUE,218,MN,NA,valid,Suburban,Accepting,With sampled physician,9,TRUE,TRUE
Walsh,Khan,Nayel,TX,San Antonio,78258,1,FALSE,"ABO, NPI, ENT Health",all_three_agree,TRUE,(210) 598-4300,Head and Neck Cancer,2026-06-18,TRUE,Yes,Yes,Yes,2026-06-25,Complete,746,1437507167,TRUE,TRUE,210,TX,NA,valid,Urban,Accepting,With sampled physician,4,TRUE,TRUE
Walsh,Mathur,Kevin,OH,Wooster,44691,4,FALSE,"ABO, NPI, ENT Health",all_three_agree,TRUE,(330) 264-9699,General,2026-06-01,TRUE,Yes,Yes,Yes,2026-06-06,Complete,747,1598869216,TRUE,TRUE,330,OH,NA,valid,Suburban,Accepting,With sampled physician,4,TRUE,TRUE
Walsh,Hofmann,William,WI,Fort Atkinson,53538,4,FALSE,"ABO, NPI, ENT Health",aboto_nppes_agree_enthealth_disagree,TRUE,(920) 563-6667,General,2026-06-01,TRUE,Yes,Yes,Yes,2026-06-08,Complete,748,1306844949,TRUE,TRUE,920,WI,NA,valid,Suburban,Accepting,With sampled physician,5,TRUE,TRUE
Walsh,Moreano,Edwin,NY,Jackson Heights,11372,1,FALSE,"ABO, NPI but not ENT Health",aboto_nppes_disagree_enthealth_missing,TRUE,(718) 478-2852,Facial Plastics,2026-06-01,TRUE,Yes,Yes,Yes,2026-06-04,Complete,749,1568415172,TRUE,TRUE,718,NY,NA,valid,Urban,Accepting,With sampled physician,3,TRUE,TRUE
Walsh,Funk,Etai,TX,Houston,77024,1,FALSE,"ABO, NPI but not ENT Health",aboto_nppes_disagree_enthealth_missing,TRUE,(713) 636-2757,Facial Plastics,2026-06-01,TRUE,Yes,Yes,Yes,2026-06-15,Complete,750,1013193895,TRUE,TRUE,713,TX,NA,valid,Urban,Accepting,With sampled physician,10,TRUE,TRUE
Walsh,Cohen,Randall,CA,Auburn,95603,4,FALSE,"ABO, NPI, ENT Health",all_three_agree,TRUE,(855) 421-5804,General,2026-06-01,TRUE,Yes,Yes,Yes,2026-11-03,Complete,751,1760460414,TRUE,TRUE,855,toll-free,NA,valid,Suburban,Accepting,With sampled physician,107,TRUE,TRUE
Walsh,Agrawal,Amit,OH,Columbus,43210,1,FALSE,"ABO, NPI, ENT Health",all_three_agree,TRUE,(614) 293-8074,Head and Neck Cancer,2026-06-01,TRUE,Yes,Yes,Yes,2026-07-01,Complete,752,1083648539,TRUE,TRUE,614,OH,NA,valid,Urban,Accepting,With sampled physician,21,TRUE,TRUE
Walsh,Myssiorek,David,NY,New York,10016,1,FALSE,"ABO, NPI, ENT Health",all_three_agree,TRUE,(718) 590-1800,Head and Neck Cancer,2026-06-01,TRUE,Yes,Yes,Yes,2026-07-24,Complete,753,1841361847,TRUE,TRUE,718,NY,NA,valid,Urban,Accepting,With sampled physician,37,TRUE,TRUE
Walsh,Robey,Thomas,WI,Milwaukee,53226,1,FALSE,"ABO, NPI, ENT Health",all_three_agree,TRUE,(877) 607-5280,Pediatrics,2026-06-24,FALSE,NA,NA,NA,NA,Complete,754,1407816119,TRUE,TRUE,877,toll-free,NA,valid,Urban,NA,NA,NA,FALSE,NA
Walsh,Bankaci,Murat,PA,Mount Pleasant,15666,4,FALSE,"ABO, NPI but not ENT Health",aboto_nppes_agree_enthealth_missing,TRUE,(724) 547-4575,General,2026-06-01,TRUE,Yes,No,Yes,2026-06-11,Complete,755,1154301547,TRUE,TRUE,724,PA,NA,valid,Suburban,Accepting,With sampled physician,8,TRUE,TRUE
Walsh,Joshi,Arjun,DC,Washington,20037,1,FALSE,"ABO, NPI, ENT Health",all_three_agree,TRUE,(202) 741-3417,Head and Neck Cancer,2026-06-25,TRUE,Yes,Yes,Yes,2026-07-08,Complete,756,1619101334,TRUE,TRUE,202,DC,NA,valid,Urban,Accepting,With sampled physician,8,TRUE,TRUE
Walsh,Garvey,Christopher,WI,Hartford,53027,4,FALSE,"ABO, NPI, ENT Health",all_three_agree,TRUE,(262) 670-4000,General,2026-06-16,TRUE,Yes,Yes,Yes,2026-07-16,Complete,757,1780679795,TRUE,TRUE,262,WI,NA,valid,Suburban,Accepting,With sampled physician,20,TRUE,TRUE
Walsh,Broberg,Todd,CA,San Diego,92120,1,FALSE,"ABO, NPI but not ENT Health",aboto_nppes_agree_enthealth_missing,TRUE,(833) 574-2273,General,2026-06-24,TRUE,Yes,Yes,"Not applicable, no appointment offered with anyone in practice",NA,Complete,758,1174682777,TRUE,TRUE,833,toll-free,NA,valid,Urban,Accepting,No appointment offered,NA,FALSE,FALSE
Walsh,Jabbour,Noel,PA,Pittsburgh,15224,1,FALSE,"ABO, NPI, ENT Health",aboto_enthealth_agree_nppes_disagree,TRUE,(412) 692-5460,Pediatrics,2026-06-01,TRUE,Yes,Yes,"Not applicable, no appointment offered with anyone in practice",NA,Complete,759,1679765788,TRUE,TRUE,412,PA,NA,valid,Urban,Accepting,No appointment offered,NA,FALSE,FALSE
Walsh,Dunlap,Roy,WI,Stevens Point,54481,4,FALSE,"ABO, NPI but not ENT Health",aboto_nppes_agree_enthealth_missing,TRUE,(715) 342-6673,General,2026-06-05,TRUE,No-not specified why,Not applicable,No-but appointment offered with different physician,2026-07-06,Complete,760,1235289919,TRUE,TRUE,715,WI,NA,valid,Suburban,Not accepting: unspecified,With different physician,19,TRUE,FALSE
Walsh,Hadlock,Theresa,MA,Boston,02110,1,FALSE,"ABO, NPI but not ENT Health",aboto_nppes_disagree_enthealth_missing,TRUE,(617) 221-6909,Facial Plastics,2026-06-16,TRUE,Yes,No,"Not applicable, no appointment offered with anyone in practice",NA,Complete,761,1578554549,TRUE,TRUE,617,MA,NA,valid,Urban,Accepting,No appointment offered,NA,FALSE,FALSE
Walsh,Bell,Patricia,AR,Harrison,72601,5,FALSE,"ABO, NPI but not ENT Health",aboto_nppes_agree_enthealth_missing,TRUE,(870) 741-4368,General,2026-06-01,TRUE,No-not specified why,Not applicable,"Not applicable, no appointment offered with anyone in practice",NA,Complete,762,1619910551,TRUE,TRUE,870,AR,NA,valid,Suburban,Not accepting: unspecified,No appointment offered,NA,FALSE,FALSE
Walsh,Mellema,Jonathan,MN,Willmar,56201,4,FALSE,"ABO, NPI, ENT Health",all_three_agree,TRUE,(320) 231-3277,General,2026-06-01,TRUE,Yes,Yes,Yes,2026-07-13,Complete,763,1083680458,TRUE,TRUE,320,MN,NA,valid,Suburban,Accepting,With sampled physician,28,TRUE,TRUE
Walsh,Wise,Sean,NH,Lebanon,03756,4,FALSE,"ABO, NPI, ENT Health",aboto_enthealth_agree_nppes_disagree,TRUE,(603) 650-8123,Otology/neurotology,2026-06-01,TRUE,Yes,Yes,Yes,2026-08-01,Complete,764,1528031614,TRUE,TRUE,603,NH,NA,valid,Suburban,Accepting,With sampled physician,42,TRUE,TRUE
Walsh,Puchalski,Robert,SC,Lugoff,29078,4,FALSE,"ABO, NPI, ENT Health",aboto_enthealth_agree_nppes_disagree,TRUE,(803) 573-2267,General,2026-06-05,TRUE,Yes,Yes,NA,2026-06-08,Complete,765,1740215904,TRUE,TRUE,803,SC,NA,valid,Suburban,Accepting,NA,1,TRUE,NA
Walsh,Gary,Celeste,LA,New Orleans,70112,1,FALSE,"ABO, NPI, ENT Health",aboto_enthealth_agree_nppes_disagree,TRUE,(504) 533-8848,Facial Plastics,2026-06-05,TRUE,Yes,Yes,Yes,2026-07-03,Complete,766,1447574470,TRUE,TRUE,504,LA,NA,valid,Urban,Accepting,With sampled physician,18,TRUE,TRUE
Walsh,Kung,Brian,NV,Las Vegas,89120,1,FALSE,"ABO, NPI but not ENT Health",aboto_nppes_disagree_enthealth_missing,TRUE,(702) 735-7668,Otology/neurotology,2026-06-16,TRUE,Yes,Yes,Yes,2026-09-09,Complete,767,1235352394,TRUE,TRUE,702,NV,NA,valid,Urban,Accepting,With sampled physician,58,TRUE,TRUE
Walsh,Georgolios,Alexandros,MO,Poplar Bluff,63901,4,FALSE,"ABO, NPI, ENT Health",all_three_agree,NA,(573) 778-2235,General,2026-06-05,TRUE,Yes,Yes,Yes,2026-08-20,Complete,768,1053571794,TRUE,TRUE,573,MO,NA,valid,Suburban,Accepting,With sampled physician,52,TRUE,TRUE
Walsh,Berger,Joseph,GA,Thomasville,31792,4,FALSE,"ABO, NPI but not ENT Health",aboto_nppes_agree_enthealth_missing,TRUE,(229) 228-6355,General,2026-06-01,TRUE,Yes,Yes,Yes,2026-07-02,Complete,769,1437251410,TRUE,TRUE,229,GA,NA,valid,Suburban,Accepting,With sampled physician,22,TRUE,TRUE
Walsh,Miller,Steven,UT,Salt Lake City,84102,1,FALSE,"ABO, NPI but not ENT Health",aboto_nppes_agree_enthealth_missing,TRUE,(801) 758-0428,General,2026-06-05,TRUE,No-retired or no longer practicing medicine,Not applicable,No-but appointment offered with different physician,2026-06-05,Complete,770,1942313796,TRUE,TRUE,801,UT,NA,valid,Urban,Not accepting: retired/left,With different physician,0,TRUE,FALSE
Walsh,Rameau,Anais,NY,New York,10022,1,FALSE,"ABO, NPI, ENT Health",all_three_agree,TRUE,(646) 962-7464,Laryngology,2026-06-16,TRUE,Yes,Yes,Yes,2026-07-31,Complete,771,1144510439,TRUE,TRUE,646,NY,NA,valid,Urban,Accepting,With sampled physician,31,TRUE,TRUE
Walsh,Bhanot,Sumeet,FL,Sarasota,34239,1,FALSE,"ABO, NPI, ENT Health",aboto_enthealth_agree_nppes_disagree,TRUE,(941) 966-3223,Facial Plastics,2026-06-05,TRUE,Yes,No,"Not applicable, no appointment offered with anyone in practice",NA,Complete,772,1417967449,TRUE,TRUE,941,FL,NA,valid,Urban,Accepting,No appointment offered,NA,FALSE,FALSE
Walsh,Berger,Alan,PA,Norristown,19401,1,FALSE,"ABO, NPI but not ENT Health",aboto_nppes_agree_enthealth_missing,TRUE,(610) 279-7878,General,2026-06-16,FALSE,NA,NA,NA,NA,Complete,773,1750465266,TRUE,TRUE,610,PA,NA,valid,Urban,NA,NA,NA,FALSE,NA
Walsh,Pippin,Gregory,MS,McComb,39648,4,FALSE,"ABO, NPI, ENT Health",all_three_agree,TRUE,(601) 684-1250,Facial Plastics,2026-06-05,TRUE,Yes,Yes,Yes,2026-06-11,Complete,774,1700966090,TRUE,TRUE,601,MS,NA,valid,Suburban,Accepting,With sampled physician,4,TRUE,TRUE
Walsh,Conrad,Paul,IL,Quincy,62301,4,FALSE,"ABO, NPI, ENT Health",all_three_agree,TRUE,(217) 222-6550,General,2026-06-01,TRUE,Yes,Yes,Yes,2026-06-30,Complete,775,1528028214,TRUE,TRUE,217,IL,NA,valid,Suburban,Accepting,With sampled physician,20,TRUE,TRUE
Walsh,Kushnick,Steven,NY,Brooklyn,11201,1,FALSE,"ABO, NPI, ENT Health",all_three_agree,TRUE,(718) 250-8520,Facial Plastics,2026-06-05,TRUE,Yes,Yes,Yes,2026-06-24,Complete,776,1992754410,TRUE,TRUE,718,NY,NA,valid,Urban,Accepting,With sampled physician,12,TRUE,TRUE
Walsh,Rizk,Habib,SC,Charleston,29425,1,FALSE,"ABO, NPI, ENT Health",aboto_nppes_agree_enthealth_disagree,TRUE,(843) 792-3531,Otology/neurotology,2026-06-05,TRUE,Yes,Yes,"Not applicable, no appointment offered with anyone in practice",NA,Complete,777,1881959864,TRUE,TRUE,843,SC,NA,valid,Urban,Accepting,No appointment offered,NA,FALSE,FALSE
Walsh,Emani,Janaki,SC,Lugoff,29078,4,FALSE,"ABO, NPI but not ENT Health",aboto_nppes_agree_enthealth_missing,TRUE,(803) 969-0363,General,2026-06-25,TRUE,Yes,Yes,Yes,2026-06-26,Complete,778,1841450962,TRUE,TRUE,803,SC,NA,valid,Suburban,Accepting,With sampled physician,1,TRUE,TRUE
Walsh,Lewis,Michael,TX,Tyler,75703,1,FALSE,"ABO, NPI, ENT Health",all_three_agree,TRUE,(903) 592-5601,General,2026-06-16,TRUE,Yes,Yes,Yes,2026-06-17,Complete,779,1649269119,TRUE,TRUE,903,TX,NA,valid,Urban,Accepting,With sampled physician,1,TRUE,TRUE
Walsh,Godfrey,Cameron,TX,Wichita Falls,76310,1,FALSE,"ABO, NPI, ENT Health",aboto_enthealth_agree_nppes_disagree,NA,(940) 322-6953,General,2026-06-01,TRUE,Yes,Yes,Yes,2026-06-22,Complete,780,1306824578,TRUE,TRUE,940,TX,NA,valid,Urban,Accepting,With sampled physician,14,TRUE,TRUE
Walsh,Wu,Grace,CA,San Francisco,94118,1,FALSE,"ABO, NPI but not ENT Health",aboto_nppes_disagree_enthealth_missing,TRUE,(415) 626-4900,Facial Plastics,2026-06-01,TRUE,Yes,Yes,Yes,2026-06-22,Complete,781,1427435700,TRUE,TRUE,415,CA,NA,valid,Urban,Accepting,With sampled physician,14,TRUE,TRUE
Walsh,McCool,Ryan,VT,Windsor,05089,10,FALSE,"ABO, NPI but not ENT Health",aboto_nppes_agree_enthealth_missing,TRUE,(802) 674-6711,General,2026-06-11,TRUE,No-changed practices,Not applicable,"Not applicable, no appointment offered with anyone in practice",NA,Complete,782,1154508638,TRUE,TRUE,802,VT,NA,valid,Rural,Not accepting: changed practice,No appointment offered,NA,FALSE,FALSE
Walsh,Hurbis,Charles,OR,Coos Bay,97420,4,FALSE,"ABO, NPI, ENT Health",aboto_enthealth_agree_nppes_disagree,TRUE,(541) 266-0900,General,2026-06-24,TRUE,Yes,Yes,Yes,2026-07-14,Complete,783,1760542724,TRUE,TRUE,541,OR,NA,valid,Suburban,Accepting,With sampled physician,13,TRUE,TRUE
Walsh,Ruth,John,KY,Bowling Green,42101,1,FALSE,"ABO, NPI but not ENT Health",aboto_nppes_agree_enthealth_missing,TRUE,(270) 730-5344,General,2026-06-05,TRUE,Yes,Yes,Yes,2026-06-09,Complete,784,1730125857,TRUE,TRUE,270,KY,NA,valid,Urban,Accepting,With sampled physician,2,TRUE,TRUE
Walsh,Bienvenu,Harold,LA,New Iberia,70560,4,FALSE,"ABO, NPI but not ENT Health",aboto_nppes_disagree_enthealth_missing,TRUE,(337) 365-4156,General,2026-06-01,TRUE,No-retired or no longer practicing medicine,Not applicable,No-but appointment offered with APP,2026-06-04,Complete,785,1497709307,TRUE,TRUE,337,LA,NA,valid,Suburban,Not accepting: retired/left,With APP only,3,TRUE,FALSE
Walsh,Ripp,Thomas,TX,Greenville,75401,4,FALSE,"ABO, NPI but not ENT Health",aboto_nppes_agree_enthealth_missing,TRUE,(903) 454-6481,General,2026-06-05,FALSE,NA,NA,NA,NA,Complete,786,1770515017,TRUE,TRUE,903,TX,NA,valid,Suburban,NA,NA,NA,FALSE,NA
Walsh,Jetmore,David,IN,Richmond,47374,4,FALSE,"ABO, NPI but not ENT Health",aboto_nppes_agree_enthealth_missing,TRUE,(765) 966-1600,General,2026-06-05,TRUE,NA,NA,"Not applicable, no appointment offered with anyone in practice",NA,Complete,787,1215939467,TRUE,TRUE,765,IN,NA,valid,Suburban,NA,No appointment offered,NA,FALSE,FALSE
Walsh,Parry,David,AZ,Tucson,85704,1,FALSE,"ABO, NPI, ENT Health",aboto_enthealth_agree_nppes_disagree,TRUE,(520) 296-8500,Pediatrics,2026-06-05,TRUE,Yes,Yes,Yes,2026-07-10,Complete,788,1114990892,TRUE,TRUE,520,AZ,NA,valid,Urban,Accepting,With sampled physician,23,TRUE,TRUE
Walsh,Carwell,Mark,NH,Concord,03301,4,FALSE,"ABO, NPI but not ENT Health",aboto_nppes_agree_enthealth_missing,TRUE,(603) 224-2353,General,2026-06-05,FALSE,NA,NA,NA,NA,Complete,789,1861462004,TRUE,TRUE,603,NH,NA,valid,Suburban,NA,NA,NA,FALSE,NA
Walsh,Barkdull,Gregory,CA,Eureka,95501,4,FALSE,"ABO, NPI, ENT Health",all_three_agree,TRUE,(707) 444-8863,General,2026-06-25,TRUE,Yes,Yes,"Not applicable, no appointment offered with anyone in practice",2026-07-16,Complete,790,1962418806,TRUE,TRUE,707,CA,NA,valid,Suburban,Accepting,No appointment offered,14,TRUE,FALSE
Walsh,Berry,James,MS,Tupelo,38801,4,FALSE,"ABO, NPI, ENT Health",all_three_agree,TRUE,(662) 844-6513,General,2026-06-02,TRUE,Yes,Yes,Yes,2026-07-01,Complete,791,1679688113,TRUE,TRUE,662,MS,NA,valid,Suburban,Accepting,With sampled physician,20,TRUE,TRUE
Walsh,Maslov,Marc,PA,Seneca,16346,10,FALSE,"ABO, NPI but not ENT Health",aboto_nppes_agree_enthealth_missing,TRUE,(814) 677-6381,General,2026-06-03,FALSE,NA,NA,NA,NA,Complete,792,1013977529,TRUE,TRUE,814,PA,NA,valid,Rural,NA,NA,NA,FALSE,NA
Walsh,Talei,Benjamin,CA,Beverly Hills,90212,1,FALSE,"ABO, NPI but not ENT Health",aboto_nppes_disagree_enthealth_missing,TRUE,(310) 288-0641,Facial Plastics,2026-06-05,TRUE,Yes,Yes,Yes,2025-07-16,Complete,793,1144472879,TRUE,TRUE,310,CA,NA,valid,Urban,Accepting,With sampled physician,NA,TRUE,TRUE
Walsh,Kim,Duck,NY,Plattsburgh,12901,4,FALSE,"ABO, NPI, ENT Health",aboto_nppes_agree_enthealth_disagree,TRUE,(518) 563-8050,General,2026-06-24,TRUE,No-retired or no longer practicing medicine,Not applicable,No-but appointment offered with different physician,2027-01-15,Complete,794,1386858694,TRUE,TRUE,518,NY,NA,valid,Suburban,Not accepting: retired/left,With different physician,140,TRUE,FALSE
Walsh,Klinginsmith,Michael,NE,Kearney,68845,4,FALSE,"ABO, NPI, ENT Health",all_three_agree,TRUE,(308) 865-2277,General,2026-06-16,TRUE,Yes,Yes,Yes,2026-07-31,Complete,795,1700327954,TRUE,TRUE,308,NE,NA,valid,Suburban,Accepting,With sampled physician,31,TRUE,TRUE
Walsh,Jordan,James,MS,Jackson,39216,1,FALSE,"ABO, NPI, ENT Health",all_three_agree,TRUE,(888) 815-2005,Facial Plastics,2026-06-05,TRUE,Yes,Yes,Yes,2026-07-10,Complete,796,1811968746,TRUE,TRUE,888,toll-free,NA,valid,Urban,Accepting,With sampled physician,23,TRUE,TRUE
Walsh,Lee,Edward,CA,Los Altos,94022,1,FALSE,"ABO, NPI, ENT Health",all_three_agree,TRUE,(650) 967-1770,Facial Plastics,2026-06-05,TRUE,Yes,Yes,Yes,2026-06-08,Complete,797,1326044595,TRUE,TRUE,650,CA,NA,valid,Urban,Accepting,With sampled physician,1,TRUE,TRUE
Walsh,Regehr,Randall,KS,Wichita,67206,1,FALSE,"ABO, NPI, ENT Health",all_three_agree,TRUE,(316) 274-4680,General,2026-06-05,TRUE,Yes,Yes,Yes,2026-06-11,Complete,798,1215972724,TRUE,TRUE,316,KS,NA,valid,Urban,Accepting,With sampled physician,4,TRUE,TRUE
Walsh,Anwar,Abbas,CA,Santa Monica,90404,1,FALSE,"ABO, NPI but not ENT Health",aboto_nppes_agree_enthealth_missing,TRUE,(310) 829-7792,General,2026-06-16,FALSE,NA,NA,NA,NA,Complete,799,1912267691,TRUE,TRUE,310,CA,NA,valid,Urban,NA,NA,NA,FALSE,NA
Walsh,Scher,Daniel,NJ,Wayne,07470,1,FALSE,"ABO, NPI, ENT Health",all_three_agree,TRUE,(973) 633-0808,General,2026-06-03,TRUE,Yes,Yes,Yes,2026-06-05,Complete,800,1912946583,TRUE,TRUE,973,NJ,NA,valid,Urban,Accepting,With sampled physician,2,TRUE,TRUE
Walsh,Gupta,Nikita,KY,Lexington,40536,1,FALSE,"ABO, NPI, ENT Health",all_three_agree,TRUE,(859) 257-5405,Facial Plastics,2026-06-25,TRUE,Yes,Yes,"Not applicable, no appointment offered with anyone in practice",NA,Complete,801,1356633150,TRUE,TRUE,859,KY,NA,valid,Urban,Accepting,No appointment offered,NA,FALSE,FALSE
Walsh,Lee,Daniel,IA,Mason City,50401,4,TRUE,"ABO, NPI, ENT Health",all_three_agree,TRUE,(641) 494-5200,General,2026-06-03,TRUE,Yes,Yes,Yes,2026-06-29,Complete,802,1336599679,TRUE,TRUE,641,IA,NA,valid,Suburban,Accepting,With sampled physician,17,TRUE,TRUE
Walsh,Edison,John,CA,Ventura,93003,1,FALSE,"ABO, NPI but not ENT Health",aboto_nppes_agree_enthealth_missing,TRUE,(805) 648-3081,General,2026-06-03,TRUE,No-not specified why,Not applicable,No-but appointment offered with different physician,2026-06-18,Complete,803,1134116643,TRUE,TRUE,805,CA,NA,valid,Urban,Not accepting: unspecified,With different physician,11,TRUE,FALSE
Walsh,Bruce,David,IL,Sterling,61081,4,FALSE,"ABO, NPI but not ENT Health",aboto_nppes_disagree_enthealth_missing,TRUE,(815) 625-4790,General,2026-06-05,TRUE,No-not specified why,Not applicable,No-but appointment offered with different physician,2026-08-21,Complete,804,1003998550,TRUE,TRUE,815,IL,NA,valid,Suburban,Not accepting: unspecified,With different physician,53,TRUE,FALSE
Walsh,Redd,Elizabeth,NY,Cooperstown,13326,10,FALSE,"ABO, NPI, ENT Health",all_three_agree,TRUE,(607) 547-3279,Otology/neurotology,2026-06-03,TRUE,Yes,Yes,Yes,NA,Complete,805,1760446116,TRUE,TRUE,607,NY,NA,valid,Rural,Accepting,With sampled physician,NA,FALSE,TRUE
Walsh,Rowley,Nicholas,NM,Clovis,88101,4,FALSE,"ABO, NPI but not ENT Health",aboto_nppes_agree_enthealth_missing,TRUE,(505) 762-3385,General,2026-06-03,NA,NA,NA,NA,NA,Complete,806,1528040268,TRUE,TRUE,505,NM,NA,valid,Suburban,NA,NA,NA,FALSE,NA
Walsh,Fraley,Patrick,AR,Conway,72034,1,FALSE,"ABO, NPI, ENT Health",all_three_agree,TRUE,(501) 932-7600,General,2026-06-03,TRUE,Yes,Yes,Yes,2026-07-27,Complete,807,1376623165,TRUE,TRUE,501,AR,NA,valid,Urban,Accepting,With sampled physician,36,TRUE,TRUE
Walsh,Kuo,Timothy,TN,Winchester,37398,4,FALSE,"ABO, NPI, ENT Health",all_three_agree,TRUE,(931) 962-0374,Facial Plastics,2026-06-03,TRUE,Yes,Yes,Yes,2026-06-10,Complete,808,1033101878,TRUE,TRUE,931,TN,NA,valid,Suburban,Accepting,With sampled physician,5,TRUE,TRUE
Walsh,Kim,Michael,CA,Los Alamitos,90720,1,FALSE,"ABO, NPI, ENT Health",all_three_agree,TRUE,(562) 430-6065,Facial Plastics,2026-06-11,TRUE,Yes,Yes,Yes,2026-06-26,Complete,809,1437198678,TRUE,TRUE,562,CA,NA,valid,Urban,Accepting,With sampled physician,10,TRUE,TRUE
Walsh,Brown,Jimmy,FL,Gainesville,32610,1,FALSE,"ABO, NPI but not ENT Health",aboto_nppes_agree_enthealth_missing,TRUE,(352) 265-9465,Facial Plastics,2026-06-15,TRUE,Yes,Yes,No-but appointment offered with different physician,2026-08-18,Complete,810,1508974395,TRUE,TRUE,352,FL,NA,valid,Urban,Accepting,With different physician,44,TRUE,FALSE
Walsh,Remington,William,IA,Decorah,52101,7,FALSE,"ABO, NPI, ENT Health",all_three_agree,TRUE,(563) 382-2911,General,2026-06-03,TRUE,Yes,Yes,Yes,2026-08-19,Complete,811,1730183104,TRUE,TRUE,563,IA,NA,valid,Rural,Accepting,With sampled physician,53,TRUE,TRUE
Walsh,Been,Mark,IL,Geneva,60134,1,TRUE,"ABO, NPI, ENT Health",all_three_agree,TRUE,(630) 492-1226,Facial Plastics,2026-06-03,TRUE,Yes,Yes,Yes,2026-08-19,Complete,812,1285808246,TRUE,TRUE,630,IL,NA,valid,Urban,Accepting,With sampled physician,53,TRUE,TRUE
Walsh,Bergman,Kenneth,VA,Elkton,22827,2,FALSE,"ABO, NPI but not ENT Health",aboto_nppes_agree_enthealth_missing,TRUE,(571) 246-7223,General,2026-06-11,FALSE,NA,NA,NA,NA,Complete,813,1659349447,TRUE,TRUE,571,VA,NA,valid,Urban,NA,NA,NA,FALSE,NA
Walsh,Shank,Eve,KS,El Dorado,67042,4,TRUE,"ABO, NPI but not ENT Health",aboto_nppes_agree_enthealth_missing,TRUE,(316) 321-8762,General,2026-06-05,FALSE,NA,NA,NA,NA,Complete,814,1609951367,TRUE,TRUE,316,KS,NA,valid,Suburban,NA,NA,NA,FALSE,NA
Walsh,Allphin,Allan,MO,Springfield,65804,1,FALSE,"ABO, NPI, ENT Health",all_three_agree,TRUE,(417) 820-5750,General,2026-06-03,TRUE,No-retired or no longer practicing medicine,Not applicable,No-but appointment offered with different physician,2026-06-20,Complete,815,1538246723,TRUE,TRUE,417,MO,NA,valid,Urban,Not accepting: retired/left,With different physician,11,TRUE,FALSE
Walsh,Bosley,Carl,MO,Poplar Bluff,63901,4,FALSE,"ABO, NPI but not ENT Health",aboto_nppes_agree_enthealth_missing,TRUE,(573) 785-5544,General,2026-06-03,FALSE,NA,NA,NA,NA,Complete,816,1942312921,TRUE,TRUE,573,MO,NA,valid,Suburban,NA,NA,NA,FALSE,NA
Walsh,Pruden,Samuel,KY,Lexington,40513,1,FALSE,"ABO, NPI but not ENT Health",aboto_nppes_agree_enthealth_missing,TRUE,(859) 296-7546,General,NA,FALSE,No-not specified why,NA,NA,NA,Complete,817,1871593996,TRUE,TRUE,859,KY,NA,valid,Urban,Not accepting: unspecified,NA,NA,FALSE,NA
Walsh,Voglewede,Andrew,NC,Boone,28607,4,FALSE,"ABO, NPI, ENT Health",all_three_agree,TRUE,(828) 264-4545,General,2026-06-03,TRUE,Yes,Yes,Yes,2026-06-10,Complete,818,1699905315,TRUE,TRUE,828,NC,NA,valid,Suburban,Accepting,With sampled physician,5,TRUE,TRUE
Walsh,Green,Steven,CT,Willimantic,06226,4,FALSE,"ABO, NPI, ENT Health",all_three_agree,TRUE,(860) 928-7330,General,2026-06-03,TRUE,Yes,Yes,Yes,2026-06-10,Complete,819,1942236989,TRUE,TRUE,860,CT,NA,valid,Suburban,Accepting,With sampled physician,5,TRUE,TRUE
Walsh,Little,Ryan,NH,Lebanon,03756,4,FALSE,"ABO, NPI, ENT Health",all_three_agree,TRUE,(603) 650-8123,Rhinology,2026-06-24,TRUE,Yes,Yes,Yes,2026-07-20,Complete,820,1679990808,TRUE,TRUE,603,NH,NA,valid,Suburban,Accepting,With sampled physician,17,TRUE,TRUE
Walsh,Spoden,James,GA,Demorest,30535,10,FALSE,"ABO, NPI but not ENT Health",aboto_nppes_agree_enthealth_missing,TRUE,(706) 754-2161,General,2026-06-03,TRUE,No-retired or no longer practicing medicine,NA,NA,NA,Complete,821,1679503833,TRUE,TRUE,706,GA,NA,valid,Rural,Not accepting: retired/left,NA,NA,FALSE,NA
Walsh,Ryder,Christopher,VT,Springfield,05156,7,FALSE,"ABO, NPI, ENT Health",all_three_agree,TRUE,(802) 886-1775,General,2026-06-03,TRUE,Yes,Yes,Yes,2026-07-14,Complete,822,1063436921,TRUE,TRUE,802,VT,NA,valid,Rural,Accepting,With sampled physician,27,TRUE,TRUE
Walsh,Nosanov,Michael,OH,Bryan,43506,7,FALSE,"ABO, NPI, ENT Health",all_three_agree,TRUE,(419) 633-7389,General,2026-06-11,TRUE,No-not specified why,Not applicable,"Not applicable, no appointment offered with anyone in practice",NA,Complete,823,1154385805,TRUE,TRUE,419,OH,NA,valid,Rural,Not accepting: unspecified,No appointment offered,NA,FALSE,FALSE
Walsh,Robertson,Thomas,VA,Richmond,23236,1,FALSE,"ABO, NPI, ENT Health",all_three_agree,TRUE,(804) 484-3700,General,2026-06-03,TRUE,Yes,Yes,Yes,2026-06-15,Complete,824,1699743773,TRUE,TRUE,804,VA,NA,valid,Urban,Accepting,With sampled physician,8,TRUE,TRUE
Walsh,Ruegemer,Joseph,WI,Saint Croix Falls,54024,10,FALSE,"ABO, NPI but not ENT Health",aboto_nppes_agree_enthealth_missing,TRUE,(715) 483-3221,General,2026-06-03,TRUE,No-not specified why,Not applicable,"Not applicable, no appointment offered with anyone in practice",NA,Complete,825,1609856012,TRUE,TRUE,715,WI,NA,valid,Rural,Not accepting: unspecified,No appointment offered,NA,FALSE,FALSE
Walsh,Marmol,Luis,FL,Port Charlotte,33952,1,FALSE,"ABO, NPI, ENT Health",all_three_agree,TRUE,(941) 235-1901,General,2026-06-11,TRUE,Yes,Yes,Yes,2026-08-26,Complete,826,1063442606,TRUE,TRUE,941,FL,NA,valid,Urban,Accepting,With sampled physician,52,TRUE,TRUE
Walsh,Singleton,Marvin,MO,Seneca,64865,10,FALSE,"ABO, NPI but not ENT Health",aboto_nppes_agree_enthealth_missing,TRUE,(417) 781-6880,General,2026-06-03,NA,NA,NA,NA,NA,Complete,827,1972681880,TRUE,TRUE,417,MO,NA,valid,Rural,NA,NA,NA,FALSE,NA
Walsh,DeTar,Thomas,ID,Post Falls,83854,1,FALSE,"ABO, NPI, ENT Health",all_three_agree,TRUE,(208) 777-1320,General,2026-06-03,TRUE,Yes,Yes,Yes,2026-07-14,Complete,828,1548265028,TRUE,TRUE,208,ID,NA,valid,Urban,Accepting,With sampled physician,27,TRUE,TRUE
Walsh,Oliverio,Anthony,PA,Uniontown,15401,4,FALSE,"ABO, NPI but not ENT Health",aboto_nppes_agree_enthealth_missing,TRUE,(724) 439-1060,General,2026-06-05,TRUE,Yes,Yes,Yes,2026-06-15,Complete,829,1770691875,TRUE,TRUE,724,PA,NA,valid,Suburban,Accepting,With sampled physician,6,TRUE,TRUE
Walsh,Campanelli,Joseph,CA,Redding,96001,1,FALSE,"ABO, NPI but not ENT Health",aboto_nppes_agree_enthealth_missing,TRUE,(530) 242-3580,General,2026-06-11,TRUE,Yes,Yes,Yes,2026-10-12,Complete,830,1487690749,TRUE,TRUE,530,CA,NA,valid,Urban,Accepting,With sampled physician,83,TRUE,TRUE
Walsh,Kim,Luke,NJ,Voorhees,08043,1,FALSE,"ABO, NPI but not ENT Health",aboto_nppes_agree_enthealth_missing,TRUE,(856) 772-1617,General,2026-06-03,TRUE,Yes,Yes,Yes,2026-06-26,Complete,831,1396158069,TRUE,TRUE,856,NJ,NA,valid,Urban,Accepting,With sampled physician,16,TRUE,TRUE
Walsh,Lai,Amy,IN,Bluffton,46714,4,FALSE,"ABO, NPI, ENT Health",all_three_agree,TRUE,(260) 827-4368,General,2026-06-03,TRUE,No-retired or no longer practicing medicine,Not applicable,"Not applicable, no appointment offered with anyone in practice",NA,Complete,832,1679565501,TRUE,TRUE,260,IN,NA,valid,Suburban,Not accepting: retired/left,No appointment offered,NA,FALSE,FALSE
Walsh,Zhang,Qi,CA,Ukiah,95482,4,FALSE,"ABO, NPI but not ENT Health",aboto_nppes_agree_enthealth_missing,TRUE,(707) 462-8855,General,2026-06-11,FALSE,NA,NA,NA,NA,Complete,833,1194085324,TRUE,TRUE,707,CA,NA,valid,Suburban,NA,NA,NA,FALSE,NA
Walsh,Gossman,David,WI,Marinette,54143,4,FALSE,"ABO, NPI, ENT Health",all_three_agree,TRUE,(715) 735-3187,General,2026-06-03,TRUE,Yes,Yes,Yes,2026-06-04,Complete,834,1508083692,TRUE,TRUE,715,WI,NA,valid,Suburban,Accepting,With sampled physician,1,TRUE,TRUE
Walsh,Chomchai,Joe,MI,Mount Pleasant,48858,4,FALSE,"ABO, NPI but not ENT Health",aboto_nppes_disagree_enthealth_missing,TRUE,(989) 772-6848,General,2026-06-05,TRUE,Yes,Yes,NA,2027-01-28,Complete,835,1568423986,TRUE,TRUE,989,MI,NA,valid,Suburban,Accepting,NA,160,TRUE,NA
Walsh,Korver,Kurtis,IA,Orange City,51041,7,FALSE,"ABO, NPI but not ENT Health",aboto_nppes_agree_enthealth_missing,TRUE,(712) 707-9585,General,2026-06-05,FALSE,No-not specified why,Not applicable,"Not applicable, no appointment offered with anyone in practice",NA,Complete,836,1356451421,TRUE,TRUE,712,IA,NA,valid,Rural,Not accepting: unspecified,No appointment offered,NA,FALSE,FALSE
Walsh,Riley,David,MN,Bemidji,56601,5,FALSE,"ABO, NPI but not ENT Health",aboto_nppes_agree_enthealth_missing,TRUE,(218) 751-5430,General,2026-06-05,TRUE,No-not specified why,Not applicable,"Not applicable, no appointment offered with anyone in practice",NA,Complete,837,1649245838,TRUE,TRUE,218,MN,NA,valid,Suburban,Not accepting: unspecified,No appointment offered,NA,FALSE,FALSE
Walsh,Ellsperman,Susan,IN,Evansville,47710,1,FALSE,"ABO, NPI, ENT Health",aboto_enthealth_agree_nppes_disagree,TRUE,(812) 425-2646,Otology/neurotology,2026-06-05,TRUE,Yes,Yes,"Not applicable, no appointment offered with anyone in practice",NA,Complete,838,1760918080,TRUE,TRUE,812,IN,NA,valid,Urban,Accepting,No appointment offered,NA,FALSE,FALSE
Walsh,Thomason,Thomas,FL,Ocala,34471,1,FALSE,"ABO, NPI, ENT Health",all_three_agree,TRUE,(352) 732-5042,General,NA,NA,No-retired or no longer practicing medicine,Not applicable,"Not applicable, no appointment offered with anyone in practice",NA,Complete,839,1396895835,TRUE,TRUE,352,FL,NA,valid,Urban,Not accepting: retired/left,No appointment offered,NA,FALSE,FALSE
Walsh,Sandberg,Ronald,TN,Powell,37849,1,FALSE,"ABO, NPI but not ENT Health",aboto_nppes_agree_enthealth_missing,TRUE,(865) 521-8050,General,2026-06-05,TRUE,No-not specified why,Not applicable,No-but appointment offered with different physician,2026-06-08,Complete,840,1184708455,TRUE,TRUE,865,TN,NA,valid,Urban,Not accepting: unspecified,With different physician,1,TRUE,FALSE
na,Chen,Jenny,MA,Boston,02114,1,FALSE,"ABO, NPI but no ENTHealth",aboto_nppes_disagree_enthealth_missing,TRUE,(617) 573-3793,General,2026-07-02,TRUE,No-changed practices,Not applicable,"Not applicable, no appointment offered with anyone in practice",NA,Complete,841,1265896534,TRUE,TRUE,617,MA,NA,valid,Urban,Not accepting: changed practice,No appointment offered,NA,FALSE,FALSE
na,Gorman,Mary,IL,Mattoon,61938,4,FALSE,"ABO, NPI but no ENTHealth",aboto_nppes_agree_enthealth_missing,TRUE,(217) 258-2409,General,2026-07-02,TRUE,Yes,Yes,Yes,NA,Complete,842,1063636041,TRUE,TRUE,217,IL,NA,valid,Suburban,Accepting,With sampled physician,NA,FALSE,TRUE
na,Cavallo,Dennis,CA,Auburn,95602,4,FALSE,"ABO, NPI but no ENTHealth",aboto_nppes_agree_enthealth_missing,TRUE,(530) 878-1804,General,2026-07-02,FALSE,NA,NA,NA,NA,Complete,843,1730522376,TRUE,TRUE,530,CA,NA,valid,Suburban,NA,NA,NA,FALSE,NA
na,Pransky,Seth,CA,San Diego,92123,1,FALSE,"ABO, NPI but no ENTHealth",aboto_nppes_agree_enthealth_missing,TRUE,(858) 625-0809,Pediatrics,2026-07-02,TRUE,Yes,Yes,Yes,2026-07-08,Complete,844,1669543427,TRUE,TRUE,858,CA,NA,valid,Urban,Accepting,With sampled physician,3,TRUE,TRUE
na,Marvel,Jeffrey,TN,Tullahoma,37388,4,FALSE,"ABO, NPI but no ENTHealth",aboto_nppes_agree_enthealth_missing,TRUE,(931) 563-1081,Facial Plastics,2026-07-02,TRUE,No-retired or no longer practicing medicine,Not applicable,No-but appointment offered with different physician,2026-07-22,Complete,845,1740285063,TRUE,TRUE,931,TN,NA,valid,Suburban,Not accepting: retired/left,With different physician,13,TRUE,FALSE
na,MacDonald,Henry,NC,New Bern,28562,4,FALSE,"ABO, NPI but no ENTHealth",aboto_nppes_agree_enthealth_missing,TRUE,(252) 638-2515,General,2026-07-02,TRUE,Yes,Yes,Yes,NA,Complete,846,1992744791,TRUE,TRUE,252,NC,NA,valid,Suburban,Accepting,With sampled physician,NA,FALSE,TRUE
na,Boyer,Edward,PA,Hooversville,15936,10,FALSE,"ABO, NPI but no ENTHealth",aboto_nppes_disagree_enthealth_missing,TRUE,(281) 482-6330,General,2026-07-02,FALSE,NA,NA,NA,NA,Complete,847,1720388648,TRUE,TRUE,281,TX,NA,valid,Rural,NA,NA,NA,FALSE,NA
na,Berman,Joel,TX,Webster,77598,1,FALSE,"ABO, NPI but no ENTHealth",aboto_nppes_agree_enthealth_missing,TRUE,(281) 332-4575,Head and Neck Cancer,2026-07-02,TRUE,No-retired or no longer practicing medicine,Not applicable,No-but appointment offered with different physician,2026-08-03,Complete,848,1164593307,TRUE,TRUE,281,TX,NA,valid,Urban,Not accepting: retired/left,With different physician,21,TRUE,FALSE
na,Rice,Reginald,CA,Placerville,95667,4,FALSE,"ABO, NPI but no ENTHealth",aboto_nppes_disagree_enthealth_missing,TRUE,(916) 269-9791,Facial Plastics,2026-07-02,TRUE,Yes,Yes,Yes,NA,Complete,849,1710936976,TRUE,TRUE,916,CA,NA,valid,Suburban,Accepting,With sampled physician,NA,FALSE,TRUE
na,Borovik,Harry,IL,Mattoon,61938,4,FALSE,"ABO, NPI but no ENTHealth",aboto_nppes_agree_enthealth_missing,TRUE,(217) 258-2409,General,NA,NA,NA,NA,NA,NA,Incomplete,850,1780767681,TRUE,TRUE,217,IL,NA,valid,Suburban,NA,NA,NA,FALSE,NA
na,Pettit,Charles,CA,Sonoma,95476,4,FALSE,"ABO, NPI but no ENTHealth",aboto_nppes_disagree_enthealth_missing,NA,NA,NA,NA,NA,NA,NA,NA,NA,Incomplete,851,1326183583,TRUE,FALSE,NA,NA,NA,missing,Suburban,NA,NA,NA,FALSE,NA
na,Goel,Naresh,IL,Danville,61832,4,FALSE,"ABO, NPI but no ENTHealth",aboto_nppes_agree_enthealth_missing,NA,NA,NA,NA,NA,NA,NA,NA,NA,Incomplete,852,1780624320,TRUE,FALSE,NA,NA,NA,missing,Suburban,NA,NA,NA,FALSE,NA
na,Saman,Masoud,TX,Fort Worth,76104,1,FALSE,"ABO, NPI but no ENTHealth",aboto_nppes_agree_enthealth_missing,NA,NA,NA,NA,NA,NA,NA,NA,NA,Incomplete,853,1831416932,TRUE,FALSE,NA,NA,NA,missing,Urban,NA,NA,NA,FALSE,NA
na,Ritter,Beth,NY,Rochester,14618,1,FALSE,"ABO, NPI but no ENTHealth",aboto_nppes_agree_enthealth_missing,NA,NA,NA,NA,NA,NA,NA,NA,NA,Incomplete,854,1669185120,TRUE,FALSE,NA,NA,NA,missing,Urban,NA,NA,NA,FALSE,NA
na,Sweet,John,NY,Oneonta,13820,4,FALSE,"ABO, NPI but no ENTHealth",aboto_nppes_agree_enthealth_missing,NA,NA,NA,NA,NA,NA,NA,NA,NA,Incomplete,855,1780751156,TRUE,FALSE,NA,NA,NA,missing,Suburban,NA,NA,NA,FALSE,NA
na,Boone,Brian,SC,Lugoff,29078,4,FALSE,"ABO, NPI but no ENTHealth",aboto_nppes_agree_enthealth_missing,NA,NA,NA,NA,NA,NA,NA,NA,NA,Incomplete,856,1821309683,TRUE,FALSE,NA,NA,NA,missing,Suburban,NA,NA,NA,FALSE,NA
na,Bizon,John,MI,Battle Creek,49015,1,FALSE,"ABO, NPI but no ENTHealth",aboto_nppes_agree_enthealth_missing,NA,NA,NA,NA,NA,NA,NA,NA,NA,Incomplete,857,1467401745,TRUE,FALSE,NA,NA,NA,missing,Urban,NA,NA,NA,FALSE,NA
na,Stark,James,NH,Laconia,03246,4,FALSE,"ABO, NPI but no ENTHealth",aboto_nppes_agree_enthealth_missing,NA,NA,NA,NA,NA,NA,NA,NA,NA,Incomplete,858,1356309561,TRUE,FALSE,NA,NA,NA,missing,Suburban,NA,NA,NA,FALSE,NA
na,Dwyer,Christopher,CA,San Francisco,94115,1,FALSE,"ABO, NPI but no ENTHealth",aboto_nppes_agree_enthealth_missing,NA,NA,NA,NA,NA,NA,NA,NA,NA,Incomplete,859,1356993539,TRUE,FALSE,NA,NA,NA,missing,Urban,NA,NA,NA,FALSE,NA
na,Lorenz,Robert,OH,Cleveland,44195,1,FALSE,"ABO, NPI but no ENTHealth",aboto_nppes_agree_enthealth_missing,NA,NA,NA,NA,NA,NA,NA,NA,NA,Incomplete,860,1124083639,TRUE,FALSE,NA,NA,NA,missing,Urban,NA,NA,NA,FALSE,NA
na,Erwin,Stanton,WA,Tacoma,98405,1,FALSE,"ABO, NPI but no ENTHealth",aboto_nppes_agree_enthealth_missing,NA,NA,NA,NA,NA,NA,NA,NA,NA,Incomplete,861,1134217102,TRUE,FALSE,NA,NA,NA,missing,Urban,NA,NA,NA,FALSE,NA
na,Salata,James,VA,Winchester,22601,1,FALSE,"ABO, NPI but no ENTHealth",aboto_nppes_agree_enthealth_missing,NA,NA,NA,NA,NA,NA,NA,NA,NA,Incomplete,862,1871553446,TRUE,FALSE,NA,NA,NA,missing,Urban,NA,NA,NA,FALSE,NA
na,Oliver,Eric,VA,Roanoke,24016,1,FALSE,"ABO, NPI but no ENTHealth",aboto_nppes_disagree_enthealth_missing,NA,NA,NA,NA,NA,NA,NA,NA,NA,Incomplete,863,1700955127,TRUE,FALSE,NA,NA,NA,missing,Urban,NA,NA,NA,FALSE,NA
na,Park,Sunny,NJ,Camden,08103,1,FALSE,"ABO, NPI but no ENTHealth",aboto_nppes_agree_enthealth_missing,NA,NA,NA,NA,NA,NA,NA,NA,NA,Incomplete,864,1730306085,TRUE,FALSE,NA,NA,NA,missing,Urban,NA,NA,NA,FALSE,NA
na,Tieu,Coral,WA,Prosser,99350,7,FALSE,"ABO, NPI but no ENTHealth",aboto_nppes_agree_enthealth_missing,NA,NA,NA,NA,NA,NA,NA,NA,NA,Incomplete,865,1649525585,TRUE,FALSE,NA,NA,NA,missing,Rural,NA,NA,NA,FALSE,NA
na,Zender,Chad,OH,Cincinnati,45219,1,FALSE,"ABO, NPI but no ENTHealth",aboto_nppes_agree_enthealth_missing,NA,NA,NA,NA,NA,NA,NA,NA,NA,Incomplete,866,1619904117,TRUE,FALSE,NA,NA,NA,missing,Urban,NA,NA,NA,FALSE,NA
na,Sule,Sandeep,TX,Dallas,75251,1,FALSE,"ABO, NPI but no ENTHealth",aboto_nppes_agree_enthealth_missing,NA,NA,NA,NA,NA,NA,NA,NA,NA,Incomplete,867,1972512325,TRUE,FALSE,NA,NA,NA,missing,Urban,NA,NA,NA,FALSE,NA
na,Duncavage,James,TN,Nashville,37232,1,FALSE,"ABO, NPI but no ENTHealth",aboto_nppes_agree_enthealth_missing,NA,NA,NA,NA,NA,NA,NA,NA,NA,Incomplete,868,1366534794,TRUE,FALSE,NA,NA,NA,missing,Urban,NA,NA,NA,FALSE,NA
na,Mehta,Vikas,LA,Shreveport,71103,1,FALSE,"ABO, NPI but no ENTHealth",aboto_nppes_agree_enthealth_missing,NA,NA,NA,NA,NA,NA,NA,NA,NA,Incomplete,869,1902097108,TRUE,FALSE,NA,NA,NA,missing,Urban,NA,NA,NA,FALSE,NA
na,Agbayani,Romeo,CA,Greenbrae,94904,1,FALSE,"ABO, NPI but no ENTHealth",aboto_nppes_agree_enthealth_missing,NA,NA,NA,NA,NA,NA,NA,NA,NA,Incomplete,870,1205909603,TRUE,FALSE,NA,NA,NA,missing,Urban,NA,NA,NA,FALSE,NA
na,Boyce,Richard,LA,Covington,70433,1,FALSE,"ABO, NPI but no ENTHealth",aboto_nppes_agree_enthealth_missing,NA,NA,NA,NA,NA,NA,NA,NA,NA,Incomplete,871,1386604494,TRUE,FALSE,NA,NA,NA,missing,Urban,NA,NA,NA,FALSE,NA
na,Novelly,Norman,NM,Shiprock,87420,7,FALSE,"ABO, NPI but no ENTHealth",aboto_nppes_disagree_enthealth_missing,NA,NA,NA,NA,NA,NA,NA,NA,NA,Incomplete,872,1457332272,TRUE,FALSE,NA,NA,NA,missing,Rural,NA,NA,NA,FALSE,NA
na,Healy,David,MT,Kalispell,59901,4,FALSE,"ABO, NPI but no ENTHealth",aboto_nppes_agree_enthealth_missing,NA,NA,NA,NA,NA,NA,NA,NA,NA,Incomplete,873,1043282700,TRUE,FALSE,NA,NA,NA,missing,Suburban,NA,NA,NA,FALSE,NA
na,Streeter,Michele,CO,Salida,81201,7,TRUE,"ABO, NPI but no ENTHealth",aboto_nppes_agree_enthealth_missing,NA,NA,NA,NA,NA,NA,NA,NA,NA,Incomplete,874,1902069545,TRUE,FALSE,NA,NA,NA,missing,Rural,NA,NA,NA,FALSE,NA
na,Summers,Craig,OK,Shawnee,74804,4,FALSE,"ABO, NPI but no ENTHealth",aboto_nppes_agree_enthealth_missing,NA,NA,NA,NA,NA,NA,NA,NA,NA,Incomplete,875,1780623959,TRUE,FALSE,NA,NA,NA,missing,Suburban,NA,NA,NA,FALSE,NA
na,Frantz,Timothy,CA,Red Bluff,96080,4,FALSE,"ABO, NPI but no ENTHealth",aboto_nppes_agree_enthealth_missing,NA,NA,NA,NA,NA,NA,NA,NA,NA,Incomplete,876,1467626945,TRUE,FALSE,NA,NA,NA,missing,Suburban,NA,NA,NA,FALSE,NA
na,Cater,Robert,MS,Meridian,39301,5,FALSE,"ABO, NPI but no ENTHealth",aboto_nppes_agree_enthealth_missing,NA,NA,NA,NA,NA,NA,NA,NA,NA,Incomplete,877,1922031616,TRUE,FALSE,NA,NA,NA,missing,Suburban,NA,NA,NA,FALSE,NA
na,Spier,James,TX,El Paso,79902,1,FALSE,"ABO, NPI but no ENTHealth",aboto_nppes_agree_enthealth_missing,NA,NA,NA,NA,NA,NA,NA,NA,NA,Incomplete,878,1871797316,TRUE,FALSE,NA,NA,NA,missing,Urban,NA,NA,NA,FALSE,NA
na,Vitale,Valerie,NY,Brooklyn,11221,1,FALSE,"ABO, NPI but no ENTHealth",aboto_nppes_agree_enthealth_missing,NA,NA,NA,NA,NA,NA,NA,NA,NA,Incomplete,879,1629039896,TRUE,FALSE,NA,NA,NA,missing,Urban,NA,NA,NA,FALSE,NA
na,Patel,Vivek-Sagar,CA,Beverly Hills,90210,1,FALSE,"ABO, NPI but no ENTHealth",aboto_nppes_agree_enthealth_missing,NA,NA,NA,NA,NA,NA,NA,NA,NA,Incomplete,880,1316236565,TRUE,FALSE,NA,NA,NA,missing,Urban,NA,NA,NA,FALSE,NA
na,Snyder,Eric,MI,Traverse City,49684,1,FALSE,"ABO, NPI but no ENTHealth",aboto_nppes_agree_enthealth_missing,NA,NA,NA,NA,NA,NA,NA,NA,NA,Incomplete,881,1598943292,TRUE,FALSE,NA,NA,NA,missing,Urban,NA,NA,NA,FALSE,NA
na,Grady,Richard,NC,New Bern,28562,4,FALSE,"ABO, NPI but no ENTHealth",aboto_nppes_agree_enthealth_missing,NA,NA,NA,NA,NA,NA,NA,NA,NA,Incomplete,882,1912945908,TRUE,FALSE,NA,NA,NA,missing,Suburban,NA,NA,NA,FALSE,NA
na,Garber,Stephen,AZ,Phoenix,85028,1,FALSE,"ABO, NPI but no ENTHealth",aboto_nppes_agree_enthealth_missing,NA,NA,NA,NA,NA,NA,NA,NA,NA,Incomplete,883,1932534476,TRUE,FALSE,NA,NA,NA,missing,Urban,NA,NA,NA,FALSE,NA
na,Stelle,Jacob,IL,Urbana,61801,1,FALSE,"ABO, NPI but no ENTHealth",aboto_nppes_agree_enthealth_missing,NA,NA,NA,NA,NA,NA,NA,NA,NA,Incomplete,884,1154632040,TRUE,FALSE,NA,NA,NA,missing,Urban,NA,NA,NA,FALSE,NA
na,Hudson,Harold,MS,Tupelo,38801,4,FALSE,"ABO, NPI but no ENTHealth",aboto_nppes_agree_enthealth_missing,NA,NA,NA,NA,NA,NA,NA,NA,NA,Incomplete,885,1467709212,TRUE,FALSE,NA,NA,NA,missing,Suburban,NA,NA,NA,FALSE,NA
na,Moore,Jerry,CA,Fresno,93720,1,FALSE,"ABO, NPI but no ENTHealth",aboto_nppes_agree_enthealth_missing,NA,NA,NA,NA,NA,NA,NA,NA,NA,Incomplete,886,1396705547,TRUE,FALSE,NA,NA,NA,missing,Urban,NA,NA,NA,FALSE,NA
na,Dempewolf,Scott,OK,Ardmore,73401,4,FALSE,"ABO, NPI but no ENTHealth",aboto_nppes_agree_enthealth_missing,NA,NA,NA,NA,NA,NA,NA,NA,NA,Incomplete,887,1437130762,TRUE,FALSE,NA,NA,NA,missing,Suburban,NA,NA,NA,FALSE,NA
na,Craven,Robert,WA,Port Angeles,98362,4,FALSE,"ABO, NPI but no ENTHealth",aboto_nppes_agree_enthealth_missing,NA,NA,NA,NA,NA,NA,NA,NA,NA,Incomplete,888,1083616072,TRUE,FALSE,NA,NA,NA,missing,Suburban,NA,NA,NA,FALSE,NA
na,Harris,David,VA,Bluefield,24605,4,FALSE,"ABO, NPI but no ENTHealth",aboto_nppes_agree_enthealth_missing,NA,NA,NA,NA,NA,NA,NA,NA,NA,Incomplete,889,1629266549,TRUE,FALSE,NA,NA,NA,missing,Suburban,NA,NA,NA,FALSE,NA
na,Casanova,Thomas,LA,Crowley,70526,4,FALSE,"ABO, NPI but no ENTHealth",aboto_nppes_agree_enthealth_missing,NA,NA,NA,NA,NA,NA,NA,NA,NA,Incomplete,890,1740394121,TRUE,FALSE,NA,NA,NA,missing,Suburban,NA,NA,NA,FALSE,NA
na,Loughlin,Terrence,IL,Rockford,61107,1,FALSE,"ABO, NPI but no ENTHealth",aboto_nppes_agree_enthealth_missing,NA,NA,NA,NA,NA,NA,NA,NA,NA,Incomplete,891,1124141825,TRUE,FALSE,NA,NA,NA,missing,Urban,NA,NA,NA,FALSE,NA
na,Merritt,Walter,WY,Lander,82520,7,FALSE,"ABO, NPI but no ENTHealth",aboto_nppes_agree_enthealth_missing,NA,NA,NA,NA,NA,NA,NA,NA,NA,Incomplete,892,1053394643,TRUE,FALSE,NA,NA,NA,missing,Rural,NA,NA,NA,FALSE,NA
na,Haberman,Rex,FL,Gainesville,32610,1,FALSE,"ABO, NPI but no ENTHealth",aboto_nppes_agree_enthealth_missing,NA,NA,NA,NA,NA,NA,NA,NA,NA,Incomplete,893,1194751859,TRUE,FALSE,NA,NA,NA,missing,Urban,NA,NA,NA,FALSE,NA
na,Monte,Eric,AR,Hot Springs National Park,71901,1,FALSE,"ABO, NPI but no ENTHealth",aboto_nppes_agree_enthealth_missing,NA,NA,NA,NA,NA,NA,NA,NA,NA,Incomplete,894,1649387622,TRUE,FALSE,NA,NA,NA,missing,Urban,NA,NA,NA,FALSE,NA
na,Mitchell,Michael,NM,Roswell,88201,4,FALSE,"ABO, NPI but no ENTHealth",aboto_nppes_agree_enthealth_missing,NA,NA,NA,NA,NA,NA,NA,NA,NA,Incomplete,895,1417042730,TRUE,FALSE,NA,NA,NA,missing,Suburban,NA,NA,NA,FALSE,NA
na,Zimmer,Wayne,PA,New Castle,16105,4,FALSE,"ABO, NPI but no ENTHealth",aboto_nppes_agree_enthealth_missing,NA,NA,NA,NA,NA,NA,NA,NA,NA,Incomplete,896,1174634836,TRUE,FALSE,NA,NA,NA,missing,Suburban,NA,NA,NA,FALSE,NA
na,Sethi,Rosh,MI,Ann Arbor,48109,1,FALSE,"ABO, NPI but no ENTHealth",aboto_nppes_agree_enthealth_missing,NA,NA,NA,NA,NA,NA,NA,NA,NA,Incomplete,897,1518370469,TRUE,FALSE,NA,NA,NA,missing,Urban,NA,NA,NA,FALSE,NA
na,Bogdasarian,Ronald,MI,Ypsilanti,48197,1,FALSE,"ABO, NPI but no ENTHealth",aboto_nppes_agree_enthealth_missing,NA,NA,NA,NA,NA,NA,NA,NA,NA,Incomplete,898,1326179904,TRUE,FALSE,NA,NA,NA,missing,Urban,NA,NA,NA,FALSE,NA
na,Jacobsen,Hart,WY,Lander,82520,7,FALSE,"ABO, NPI but no ENTHealth",aboto_nppes_agree_enthealth_missing,NA,NA,NA,NA,NA,NA,NA,NA,NA,Incomplete,899,1487980017,TRUE,FALSE,NA,NA,NA,missing,Rural,NA,NA,NA,FALSE,NA
na,Potsic,William,PA,Philadelphia,19104,1,FALSE,"ABO, NPI but no ENTHealth",aboto_nppes_agree_enthealth_missing,NA,NA,NA,NA,NA,NA,NA,NA,NA,Incomplete,900,1144310160,TRUE,FALSE,NA,NA,NA,missing,Urban,NA,NA,NA,FALSE,NA
na,Westerkamm,John,TN,Springfield,37172,4,FALSE,"ABO, NPI but no ENTHealth",aboto_nppes_agree_enthealth_missing,NA,NA,NA,NA,NA,NA,NA,NA,NA,Incomplete,901,1104812478,TRUE,FALSE,NA,NA,NA,missing,Suburban,NA,NA,NA,FALSE,NA
na,Deddens,Alan,NC,Statesville,28677,4,FALSE,"ABO, NPI but no ENTHealth",aboto_nppes_agree_enthealth_missing,NA,NA,NA,NA,NA,NA,NA,NA,NA,Incomplete,902,1366434870,TRUE,FALSE,NA,NA,NA,missing,Suburban,NA,NA,NA,FALSE,NA
na,Magnussen,James,OH,Gallipolis,45631,4,FALSE,"ABO, NPI but no ENTHealth",aboto_nppes_agree_enthealth_missing,NA,NA,NA,NA,NA,NA,NA,NA,NA,Incomplete,903,1497709018,TRUE,FALSE,NA,NA,NA,missing,Suburban,NA,NA,NA,FALSE,NA
na,Shepard,Peter,NM,Los Alamos,87544,4,FALSE,"ABO, NPI but no ENTHealth",aboto_nppes_disagree_enthealth_missing,NA,NA,NA,NA,NA,NA,NA,NA,NA,Incomplete,904,1023051232,TRUE,FALSE,NA,NA,NA,missing,Suburban,NA,NA,NA,FALSE,NA
na,Ostby,Erin,VT,Burlington,05401,1,FALSE,"ABO, NPI but no ENTHealth",aboto_nppes_agree_enthealth_missing,NA,NA,NA,NA,NA,NA,NA,NA,NA,Incomplete,905,1174935381,TRUE,FALSE,NA,NA,NA,missing,Urban,NA,NA,NA,FALSE,NA
na,Tolhurst,Kirk,PA,Sayre,18840,4,FALSE,"ABO, NPI but no ENTHealth",aboto_nppes_agree_enthealth_missing,NA,NA,NA,NA,NA,NA,NA,NA,NA,Incomplete,906,1669447447,TRUE,FALSE,NA,NA,NA,missing,Suburban,NA,NA,NA,FALSE,NA
na,Tian,Qing,CA,La Quinta,92253,1,FALSE,"ABO, NPI but no ENTHealth",aboto_nppes_agree_enthealth_missing,NA,NA,NA,NA,NA,NA,NA,NA,NA,Incomplete,907,1700814886,TRUE,FALSE,NA,NA,NA,missing,Urban,NA,NA,NA,FALSE,NA
na,McRae,Wilton,AL,Troy,36081,4,FALSE,"ABO, NPI but no ENTHealth",aboto_nppes_agree_enthealth_missing,NA,NA,NA,NA,NA,NA,NA,NA,NA,Incomplete,908,1093706905,TRUE,FALSE,NA,NA,NA,missing,Suburban,NA,NA,NA,FALSE,NA
na,Metrailer,Aaron,AR,Little Rock,72205,1,FALSE,"ABO, NPI but no ENTHealth",aboto_nppes_disagree_enthealth_missing,NA,NA,NA,NA,NA,NA,NA,NA,NA,Incomplete,909,1437383361,TRUE,FALSE,NA,NA,NA,missing,Urban,NA,NA,NA,FALSE,NA
na,Bolinger,Matthew,GA,Columbus,31901,1,TRUE,"ABO, NPI but no ENTHealth",aboto_nppes_agree_enthealth_missing,NA,NA,NA,NA,NA,NA,NA,NA,NA,Incomplete,910,1144405747,TRUE,FALSE,NA,NA,NA,missing,Urban,NA,NA,NA,FALSE,NA
na,Proctor,Todd,MI,Auburn Hills,48326,1,FALSE,"ABO, NPI but no ENTHealth",aboto_nppes_agree_enthealth_missing,NA,NA,NA,NA,NA,NA,NA,NA,NA,Incomplete,911,1316929250,TRUE,FALSE,NA,NA,NA,missing,Urban,NA,NA,NA,FALSE,NA
na,Waters,Steven,IN,Richmond,47374,4,FALSE,"ABO, NPI but no ENTHealth",aboto_nppes_agree_enthealth_missing,NA,NA,NA,NA,NA,NA,NA,NA,NA,Incomplete,912,1376553099,TRUE,FALSE,NA,NA,NA,missing,Suburban,NA,NA,NA,FALSE,NA
na,Perry,Byron,NC,Salisbury,28144,1,FALSE,"ABO, NPI but no ENTHealth",aboto_nppes_agree_enthealth_missing,NA,NA,NA,NA,NA,NA,NA,NA,NA,Incomplete,913,1104880574,TRUE,FALSE,NA,NA,NA,missing,Urban,NA,NA,NA,FALSE,NA
na,Filiberto,Frank,FL,Palm Bay,32905,1,FALSE,"ABO, NPI but no ENTHealth",aboto_nppes_disagree_enthealth_missing,NA,NA,NA,NA,NA,NA,NA,NA,NA,Incomplete,914,1144215237,TRUE,FALSE,NA,NA,NA,missing,Urban,NA,NA,NA,FALSE,NA
na,Barker,Monty,AR,Mountain Home,72653,4,FALSE,"ABO, NPI but no ENTHealth",aboto_nppes_agree_enthealth_missing,NA,NA,NA,NA,NA,NA,NA,NA,NA,Incomplete,915,1114926482,TRUE,FALSE,NA,NA,NA,missing,Suburban,NA,NA,NA,FALSE,NA
na,Fisher,Cynthia,NY,Cooperstown,13326,10,FALSE,"ABO, NPI but no ENTHealth",aboto_nppes_agree_enthealth_missing,NA,NA,NA,NA,NA,NA,NA,NA,NA,Incomplete,916,1467416867,TRUE,FALSE,NA,NA,NA,missing,Rural,NA,NA,NA,FALSE,NA
na,Leavitt,Kathryn,OR,Clackamas,97015,1,FALSE,"ABO, NPI but no ENTHealth",aboto_nppes_agree_enthealth_missing,NA,NA,NA,NA,NA,NA,NA,NA,NA,Incomplete,917,1467871277,TRUE,FALSE,NA,NA,NA,missing,Urban,NA,NA,NA,FALSE,NA
na,Roberson,David,DE,Milford,19963,4,FALSE,"ABO, NPI but no ENTHealth",aboto_nppes_agree_enthealth_missing,NA,NA,NA,NA,NA,NA,NA,NA,NA,Incomplete,918,1447221015,TRUE,FALSE,NA,NA,NA,missing,Suburban,NA,NA,NA,FALSE,NA
na,Davis,John,FL,Sanibel,33957,1,FALSE,"ABO, NPI but no ENTHealth",aboto_nppes_disagree_enthealth_missing,NA,NA,NA,NA,NA,NA,NA,NA,NA,Incomplete,919,1346425410,TRUE,FALSE,NA,NA,NA,missing,Urban,NA,NA,NA,FALSE,NA
na,Ruth,Harry,IL,Quincy,62301,4,FALSE,"ABO, NPI but no ENTHealth",aboto_nppes_agree_enthealth_missing,NA,NA,NA,NA,NA,NA,NA,NA,NA,Incomplete,920,1124093943,TRUE,FALSE,NA,NA,NA,missing,Suburban,NA,NA,NA,FALSE,NA
na,Buckman,Christy,OR,Gresham,97030,1,FALSE,"ABO, NPI but no ENTHealth",aboto_nppes_agree_enthealth_missing,NA,NA,NA,NA,NA,NA,NA,NA,NA,Incomplete,921,1720028335,TRUE,FALSE,NA,NA,NA,missing,Urban,NA,NA,NA,FALSE,NA
na,Hauslein,Peter,IL,Galesburg,61401,4,FALSE,"ABO, NPI but no ENTHealth",aboto_nppes_agree_enthealth_missing,NA,NA,NA,NA,NA,NA,NA,NA,NA,Incomplete,922,1689675118,TRUE,FALSE,NA,NA,NA,missing,Suburban,NA,NA,NA,FALSE,NA
na,Seshul,Merritt,NC,Hickory,28601,1,FALSE,"ABO, NPI but no ENTHealth",aboto_nppes_agree_enthealth_missing,NA,NA,NA,NA,NA,NA,NA,NA,NA,Incomplete,923,1003800020,TRUE,FALSE,NA,NA,NA,missing,Urban,NA,NA,NA,FALSE,NA
na,Tretta,Joseph,TX,Palestine,75801,4,FALSE,"ABO, NPI but no ENTHealth",aboto_nppes_disagree_enthealth_missing,NA,NA,NA,NA,NA,NA,NA,NA,NA,Incomplete,924,1508822602,TRUE,FALSE,NA,NA,NA,missing,Suburban,NA,NA,NA,FALSE,NA
na,Wickemeyer,Johanna,VT,Montpelier,05602,4,FALSE,"ABO, NPI but no ENTHealth",aboto_nppes_disagree_enthealth_missing,NA,NA,NA,NA,NA,NA,NA,NA,NA,Incomplete,925,1902337033,TRUE,FALSE,NA,NA,NA,missing,Suburban,NA,NA,NA,FALSE,NA
na,Padia,Reema,NC,Cary,27511,1,FALSE,"ABO, NPI but no ENTHealth",aboto_nppes_disagree_enthealth_missing,NA,NA,NA,NA,NA,NA,NA,NA,NA,Incomplete,926,1558628537,TRUE,FALSE,NA,NA,NA,missing,Urban,NA,NA,NA,FALSE,NA
na,Pham,Joanne,TX,Decatur,76234,8,FALSE,"ABO, NPI but no ENTHealth",aboto_nppes_disagree_enthealth_missing,NA,NA,NA,NA,NA,NA,NA,NA,NA,Incomplete,927,1174589634,TRUE,FALSE,NA,NA,NA,missing,Rural,NA,NA,NA,FALSE,NA
na,Gambrell,William,GA,Carrollton,30117,4,FALSE,"ABO, NPI but no ENTHealth",aboto_nppes_agree_enthealth_missing,NA,NA,NA,NA,NA,NA,NA,NA,NA,Incomplete,928,1013056985,TRUE,FALSE,NA,NA,NA,missing,Suburban,NA,NA,NA,FALSE,NA
na,Patel,Nalin,FL,Tampa,33613,1,FALSE,"ABO, NPI but no ENTHealth",aboto_nppes_disagree_enthealth_missing,NA,NA,NA,NA,NA,NA,NA,NA,NA,Incomplete,929,1235135914,TRUE,FALSE,NA,NA,NA,missing,Urban,NA,NA,NA,FALSE,NA
na,Chu,Alan,FL,Miami,33157,1,FALSE,"ABO, NPI but no ENTHealth",aboto_nppes_agree_enthealth_missing,NA,NA,NA,NA,NA,NA,NA,NA,NA,Incomplete,930,1679725048,TRUE,FALSE,NA,NA,NA,missing,Urban,NA,NA,NA,FALSE,NA
na,O'Connell,Kevin,NY,Warsaw,14569,10,FALSE,"ABO, NPI but no ENTHealth",aboto_nppes_agree_enthealth_missing,NA,NA,NA,NA,NA,NA,NA,NA,NA,Incomplete,931,1720262686,TRUE,FALSE,NA,NA,NA,missing,Rural,NA,NA,NA,FALSE,NA
na,Berkower,Alan,NY,Bronx,10461,1,FALSE,"ABO, NPI but no ENTHealth",aboto_nppes_agree_enthealth_missing,NA,NA,NA,NA,NA,NA,NA,NA,NA,Incomplete,932,1871601153,TRUE,FALSE,NA,NA,NA,missing,Urban,NA,NA,NA,FALSE,NA
na,Trahan,Jason,LA,Opelousas,70570,4,FALSE,"ABO, NPI but no ENTHealth",aboto_nppes_agree_enthealth_missing,NA,NA,NA,NA,NA,NA,NA,NA,NA,Incomplete,933,1568704328,TRUE,FALSE,NA,NA,NA,missing,Suburban,NA,NA,NA,FALSE,NA
na,Paffrath,Jeffrey,FL,Lakeland,33805,1,FALSE,"ABO, NPI but no ENTHealth",aboto_nppes_disagree_enthealth_missing,NA,NA,NA,NA,NA,NA,NA,NA,NA,Incomplete,934,1821039397,TRUE,FALSE,NA,NA,NA,missing,Urban,NA,NA,NA,FALSE,NA
na,Saraceno,Carmelo,IL,Carbondale,62901,4,FALSE,"ABO, NPI but no ENTHealth",aboto_nppes_disagree_enthealth_missing,NA,NA,NA,NA,NA,NA,NA,NA,NA,Incomplete,935,1154563708,TRUE,FALSE,NA,NA,NA,missing,Suburban,NA,NA,NA,FALSE,NA
na,Brodie,Kristin,VT,Bridgewater Corners,05035,10,FALSE,"ABO, NPI but no ENTHealth",aboto_nppes_agree_enthealth_missing,NA,NA,NA,NA,NA,NA,NA,NA,NA,Incomplete,936,1356563258,TRUE,FALSE,NA,NA,NA,missing,Rural,NA,NA,NA,FALSE,NA
na,Seabaugh,Janice,MO,Columbia,65201,1,FALSE,"ABO, NPI but no ENTHealth",aboto_nppes_agree_enthealth_missing,NA,NA,NA,NA,NA,NA,NA,NA,NA,Incomplete,937,1134187487,TRUE,FALSE,NA,NA,NA,missing,Urban,NA,NA,NA,FALSE,NA
na,Oehrtman,Karl,MT,Kalispell,59901,4,FALSE,"ABO, NPI but no ENTHealth",aboto_nppes_agree_enthealth_missing,NA,NA,NA,NA,NA,NA,NA,NA,NA,Incomplete,938,1619928439,TRUE,FALSE,NA,NA,NA,missing,Suburban,NA,NA,NA,FALSE,NA
na,Brickman,Todd,OH,Dublin,43017,1,FALSE,"ABO, NPI but no ENTHealth",aboto_nppes_agree_enthealth_missing,NA,NA,NA,NA,NA,NA,NA,NA,NA,Incomplete,939,1225051279,TRUE,FALSE,NA,NA,NA,missing,Urban,NA,NA,NA,FALSE,NA
na,Kaye,Mitchell,KY,Hopkinsville,42240,4,FALSE,"ABO, NPI but no ENTHealth",aboto_nppes_disagree_enthealth_missing,NA,NA,NA,NA,NA,NA,NA,NA,NA,Incomplete,940,1972578177,TRUE,FALSE,NA,NA,NA,missing,Suburban,NA,NA,NA,FALSE,NA
na,Kraft,Ethan,MN,Baxter,56425,4,FALSE,"ABO, NPI but no ENTHealth",aboto_nppes_agree_enthealth_missing,NA,NA,NA,NA,NA,NA,NA,NA,NA,Incomplete,941,1316471386,TRUE,FALSE,NA,NA,NA,missing,Suburban,NA,NA,NA,FALSE,NA
na,Silkes,Ellen,FL,Sarasota,34233,1,FALSE,"ABO, NPI but no ENTHealth",aboto_nppes_agree_enthealth_missing,NA,NA,NA,NA,NA,NA,NA,NA,NA,Incomplete,942,1750385431,TRUE,FALSE,NA,NA,NA,missing,Urban,NA,NA,NA,FALSE,NA
na,Shotts,Steven,KY,Louisville,40220,1,FALSE,"ABO, NPI but no ENTHealth",aboto_nppes_agree_enthealth_missing,NA,NA,NA,NA,NA,NA,NA,NA,NA,Incomplete,943,1174529796,TRUE,FALSE,NA,NA,NA,missing,Urban,NA,NA,NA,FALSE,NA
na,Reddan,Julie,MN,Cambridge,55008,4,FALSE,"ABO, NPI but no ENTHealth",aboto_nppes_agree_enthealth_missing,NA,NA,NA,NA,NA,NA,NA,NA,NA,Incomplete,944,1366444366,TRUE,FALSE,NA,NA,NA,missing,Suburban,NA,NA,NA,FALSE,NA
na,Dankle,Jon,WI,Burlington,53105,4,FALSE,"ABO, NPI but no ENTHealth",aboto_nppes_agree_enthealth_missing,NA,NA,NA,NA,NA,NA,NA,NA,NA,Incomplete,945,1023123262,TRUE,FALSE,NA,NA,NA,missing,Suburban,NA,NA,NA,FALSE,NA
na,Hajek,Michael,CA,Santa Cruz,95060,1,FALSE,"ABO, NPI but no ENTHealth",aboto_nppes_agree_enthealth_missing,NA,NA,NA,NA,NA,NA,NA,NA,NA,Incomplete,946,1114456639,TRUE,FALSE,NA,NA,NA,missing,Urban,NA,NA,NA,FALSE,NA
na,Wagle,Priya,NJ,Linwood,08221,1,FALSE,"ABO, NPI but no ENTHealth",aboto_nppes_agree_enthealth_missing,NA,NA,NA,NA,NA,NA,NA,NA,NA,Incomplete,947,1770585762,TRUE,FALSE,NA,NA,NA,missing,Urban,NA,NA,NA,FALSE,NA
na,Dichtel,William,PA,Sayre,18840,4,FALSE,"ABO, NPI but no ENTHealth",aboto_nppes_agree_enthealth_missing,NA,NA,NA,NA,NA,NA,NA,NA,NA,Incomplete,948,1982609061,TRUE,FALSE,NA,NA,NA,missing,Suburban,NA,NA,NA,FALSE,NA
na,Chonkich,George,CA,Loma Linda,92357,1,FALSE,"ABO, NPI but no ENTHealth",aboto_nppes_agree_enthealth_missing,NA,NA,NA,NA,NA,NA,NA,NA,NA,Incomplete,949,1760588750,TRUE,FALSE,NA,NA,NA,missing,Urban,NA,NA,NA,FALSE,NA
na,Tawfik,Kareem,TN,Nashville,37232,1,FALSE,"ABO, NPI but no ENTHealth",aboto_nppes_disagree_enthealth_missing,NA,NA,NA,NA,NA,NA,NA,NA,NA,Incomplete,950,1265799274,TRUE,FALSE,NA,NA,NA,missing,Urban,NA,NA,NA,FALSE,NA
na,Cipro,Robert,MA,North Andover,01845,1,FALSE,"ABO, NPI but no ENTHealth",aboto_nppes_agree_enthealth_missing,NA,NA,NA,NA,NA,NA,NA,NA,NA,Incomplete,951,1033111646,TRUE,FALSE,NA,NA,NA,missing,Urban,NA,NA,NA,FALSE,NA
na,Vinnakota,Radha,NJ,South Plainfield,07080,1,FALSE,"ABO, NPI but no ENTHealth",aboto_nppes_agree_enthealth_missing,NA,NA,NA,NA,NA,NA,NA,NA,NA,Incomplete,952,1184718306,TRUE,FALSE,NA,NA,NA,missing,Urban,NA,NA,NA,FALSE,NA
na,Marshall,Darby,AL,Scottsboro,35768,4,FALSE,"ABO, NPI but no ENTHealth",aboto_nppes_agree_enthealth_missing,NA,NA,NA,NA,NA,NA,NA,NA,NA,Incomplete,953,1265432371,TRUE,FALSE,NA,NA,NA,missing,Suburban,NA,NA,NA,FALSE,NA
na,Lin,David,OR,Portland,97227,1,FALSE,"ABO, NPI but no ENTHealth",aboto_nppes_agree_enthealth_missing,NA,NA,NA,NA,NA,NA,NA,NA,NA,Incomplete,954,1023124088,TRUE,FALSE,NA,NA,NA,missing,Urban,NA,NA,NA,FALSE,NA
na,Cain,Rachel,CO,Durango,81301,4,FALSE,"ABO, NPI but no ENTHealth",aboto_nppes_agree_enthealth_missing,NA,NA,NA,NA,NA,NA,NA,NA,NA,Incomplete,955,1710277975,TRUE,FALSE,NA,NA,NA,missing,Suburban,NA,NA,NA,FALSE,NA
na,Nicholas,Robert,SD,Yankton,57078,4,FALSE,"ABO, NPI but no ENTHealth",aboto_nppes_agree_enthealth_missing,NA,NA,NA,NA,NA,NA,NA,NA,NA,Incomplete,956,1609221563,TRUE,FALSE,NA,NA,NA,missing,Suburban,NA,NA,NA,FALSE,NA
na,Munier,Michael,FL,Ormond Beach,32174,1,FALSE,"ABO, NPI but no ENTHealth",aboto_nppes_agree_enthealth_missing,NA,NA,NA,NA,NA,NA,NA,NA,NA,Incomplete,957,1427033984,TRUE,FALSE,NA,NA,NA,missing,Urban,NA,NA,NA,FALSE,NA
na,Shagets,Frank,KS,Pittsburg,66762,4,FALSE,"ABO, NPI but no ENTHealth",aboto_nppes_disagree_enthealth_missing,NA,NA,NA,NA,NA,NA,NA,NA,NA,Incomplete,958,1457351033,TRUE,FALSE,NA,NA,NA,missing,Suburban,NA,NA,NA,FALSE,NA
na,Diehl,William,ME,Augusta,04330,4,FALSE,"ABO, NPI but no ENTHealth",aboto_nppes_agree_enthealth_missing,NA,NA,NA,NA,NA,NA,NA,NA,NA,Incomplete,959,1588687164,TRUE,FALSE,NA,NA,NA,missing,Suburban,NA,NA,NA,FALSE,NA
na,Abrams,Stephen,NJ,Wayne,07470,1,FALSE,"ABO, NPI but no ENTHealth",aboto_nppes_agree_enthealth_missing,NA,NA,NA,NA,NA,NA,NA,NA,NA,Incomplete,960,1831103324,TRUE,FALSE,NA,NA,NA,missing,Urban,NA,NA,NA,FALSE,NA
