"county_fips","caller","last_name","first_name","state","city","zip","ruca_code","rural_satellite_office","datasets","subspecialty_agreement","website_found","phone","ent_type","call_date","office_answered","taking_new_patients","sees_chief_complaint","appointment_with_physician","appointment_date","complete","record_id","npi","npi_is_valid","phone_e164_valid","phone_npa","phone_state_from_npa","phone_area_code_matches_state","phone_validity_flag","ruca_category","new_patient_status","appointment_outcome","wait_days_business","appointment_offered","appointment_with_md","medicaid_fee_index","aao_hns_district","aao_hns_region","svi_overall","svi_socioeconomic","svi_household","svi_minority_language","svi_housing_transport","cbsa_code","cbsa_title","cbsa_type","n_ent","ent_per_100k","medicare_benes","dual_medicaid_benes","dual_pct","hhi_2024"
"53035","Roesch","Nelson","Ralph","WA","Port Orchard","98366","1","FALSE","ABO, NPI but not ENT Health","aboto_nppes_agree_enthealth_missing","TRUE","3606218179","Otology/neurotology","2026-05-29","TRUE","No-retired or no longer practicing medicine","Not applicable","Not applicable, no appointment offered with anyone in practice","","Complete","1","1750653143","TRUE","TRUE","360","WA","","valid","Urban","Not accepting: retired/left","No appointment offered","","FALSE","FALSE","0.64","District 8","Pacific","0.5454","0.4319","0.5921","0.4128","0.6442","14740","Bremerton-Silverdale-Port Orchard, WA","Metropolitan Statistical Area","10","3.63","65689","7003","0.1066","10000"
"25001","Roesch","Crepeau","Jerome","MA","Provincetown","02657","7","FALSE","ABO, NPI but not ENT Health","aboto_nppes_agree_enthealth_missing","TRUE","508-487-2382","General","2026-06-02","FALSE","No-not specified why","Not applicable","Not applicable, no appointment offered with anyone in practice","","Complete","2","1770772931","TRUE","TRUE","508","MA","","valid","Rural","Not accepting: unspecified","No appointment offered","","FALSE","FALSE","0.74","District 1","New England","0.5076","0.4894","0.5976","0.3347","0.4959","12700","Barnstable Town, MA","Metropolitan Statistical Area","9","3.92","86943","10889","0.1252","10000"
"37099","Roesch","Staats","Ethan","NC","Cashiers","28717","10","FALSE","ABO, NPI but not ENT Health","aboto_nppes_agree_enthealth_missing","","828-743-2558","General","2026-06-02","FALSE","No-not specified why","Not applicable","Not applicable, no appointment offered with anyone in practice","","Complete","3","1194244012","TRUE","TRUE","828","NC","","valid","Rural","Not accepting: unspecified","No appointment offered","","FALSE","FALSE","0.82","District 3","Mid-Atlantic/Southeast","0.1621","0.1962","0.2","0.1867","0.2902","19000","Cullowhee, NC","Micropolitan Statistical Area","3","7.08","9362","1356","0.1448",""
"18077","Roesch","Hanson","Jonathan","IN","Madison","47250","4","FALSE","ABO, NPI, ENT Health","all_three_agree","TRUE","812-801-0820","General","2026-06-02","TRUE","Yes","Yes","Yes","2026-07-01","Complete","4","1992735583","TRUE","TRUE","812","IN","","valid","Rural","Accepting","With sampled physician","20","TRUE","TRUE","0.96","District 5","Midwest","0.5392","0.5114","0.6242","0.132","0.6198","31500","Madison, IN","Micropolitan Statistical Area","1","3.03","7901","1383","0.175",""
"26125","Roesch","Stachler","Robert","MI","West Bloomfield","48322","1","FALSE","ABO, NPI, ENT Health","all_three_agree","TRUE","(248) 325-9653","General","2026-06-02","FALSE","No-not specified why","Not applicable","Not applicable, no appointment offered with anyone in practice","","Complete","5","1134169014","TRUE","TRUE","248","MI","","valid","Urban","Not accepting: unspecified","No appointment offered","","FALSE","FALSE","0.76","District 5","Midwest","0.3277","0.332","0.5487","0.523","0.2591","19820","Detroit-Warren-Dearborn, MI","Metropolitan Statistical Area","59","4.64","274505","31414","0.1144","2868.32054462795"
"40147","Roesch","Holland","Charles","OK","Bartlesville","74006","4","FALSE","ABO, NPI but not ENT Health","aboto_nppes_agree_enthealth_missing","TRUE","918-333-0474","General","2026-06-02","TRUE","Yes","Yes","Yes","2026-07-20","Complete","6","1144241704","TRUE","TRUE","918","OK","","valid","Rural","Accepting","With sampled physician","32","TRUE","TRUE","0.94","District 6","Central","0.4838","0.4017","0.7294","0.4053","0.4354","12780","Bartlesville, OK","Micropolitan Statistical Area","2","3.8","12892","1610","0.1249",""
"48201","Roesch","Goepfert","Helmuth","TX","Bellaire","77401","1","FALSE","ABO, NPI but not ENT Health","aboto_nppes_agree_enthealth_missing","TRUE","713-792-2121","Head and Neck Cancer","2026-06-03","TRUE","Yes","Yes","Not applicable, no appointment offered with anyone in practice","","Complete","7","1043695315","TRUE","TRUE","713","TX","","valid","Urban","Accepting","No appointment offered","","FALSE","FALSE","0.63","District 6","Central","0.0682","0.0381","0.3399","0.5355","0.0724","26420","Houston-The Woodlands-Sugar Land, TX","Metropolitan Statistical Area","229","4.85","649936","101124","0.1556","2267.03553574242"
"31079","Roesch","Foote","Donovan","NE","Grand Island","68803","1","FALSE","ABO, NPI but not ENT Health","aboto_nppes_agree_enthealth_missing","TRUE","308-398-5312","General","2026-06-02","FALSE","No-not specified why","Not applicable","Not applicable, no appointment offered with anyone in practice","","Complete","8","1922333954","TRUE","TRUE","308","NE","","valid","Urban","Not accepting: unspecified","No appointment offered","","FALSE","FALSE","1.01","District 6","Central","0.6282","0.4852","0.8166","0.3851","0.6209","24260","Grand Island, NE","Metropolitan Statistical Area","4","6.39","11550","1566","0.1356","5793.21509756985"
"37097","Roesch","Landau","Steven","NC","Statesville","28677","4","FALSE","ABO, NPI, ENT Health","all_three_agree","TRUE","704-873-5224","General","2026-06-02","TRUE","Yes","Yes","Yes","2026-06-05","Complete","9","1609868132","TRUE","TRUE","704","NC","","valid","Rural","Accepting","With sampled physician","3","TRUE","TRUE","0.82","District 3","Mid-Atlantic/Southeast","0.6778","0.6784","0.6793","0.5021","0.5916","16740","Charlotte-Concord-Gastonia, NC-SC","Metropolitan Statistical Area","10","5.32","40978","5098","0.1244","3805.74492088521"
"08001","Roesch","Abaza","Mona","CO","Aurora","80045","1","FALSE","ABO, NPI, ENT Health","all_three_agree","TRUE","720-848-2820","Laryngology","2026-06-02","TRUE","Yes","Yes","Yes","2026-09-01","Complete","10","1043313844","TRUE","TRUE","720","CO","","valid","Urban","Accepting","With sampled physician","63","TRUE","TRUE","0.83","District 7","Mountain/Southwest","0.6907","0.5891","0.0644","0.6097","0.9912","19740","Denver-Aurora-Lakewood, CO","Metropolitan Statistical Area","40","7.69","70376","11207","0.1592","2231.73710758552"
"55133","Roesch","Linn","David","WI","Waukesha","53188","1","FALSE","ABO, NPI, ENT Health","all_three_agree","TRUE","262-696-0808","General","2026-06-02","TRUE","Yes","Yes","Yes","2026-06-22","Complete","11","1427391283","TRUE","TRUE","262","WI","","valid","Urban","Accepting","With sampled physician","13","TRUE","TRUE","0.66","District 5","Midwest","0.338","0.2787","0.3061","0.2832","0.5467","33340","Milwaukee-Waukesha, WI","Metropolitan Statistical Area","16","3.93","103659","8318","0.0802","2942.33595720597"
"26103","Roesch","Heichel","David","MI","Marquette","49855","4","FALSE","ABO, NPI but not ENT Health","aboto_nppes_agree_enthealth_missing","TRUE","(906) 225-7660","General","2026-06-02","FALSE","No-not specified why","Not applicable","Not applicable, no appointment offered with anyone in practice","","Complete","12","1629010343","TRUE","TRUE","906","MI","","valid","Rural","Not accepting: unspecified","No appointment offered","","FALSE","FALSE","0.76","District 5","Midwest","0.3627","0.4774","0.1566","0.1478","0.6045","32100","Marquette, MI","Micropolitan Statistical Area","2","3.01","16783","2000","0.1192",""
"20169","Roesch","Bell","Mark","KS","Salina","67401","4","FALSE","ABO, NPI, ENT Health","all_three_agree","TRUE","785-823-7225","General","2026-06-02","TRUE","Yes","Yes","Yes","2026-06-23","Complete","13","1629043807","TRUE","TRUE","785","KS","","valid","Rural","Accepting","With sampled physician","14","TRUE","TRUE","0.69","District 6","Central","0.4623","0.4332","0.6069","0.3308","0.4801","41460","Salina, KS","Micropolitan Statistical Area","2","3.69","12513","1699","0.1358",""
"27145","Roesch","Truitt","Theodore","MN","Saint Cloud","56303","1","FALSE","ABO, NPI, ENT Health","all_three_agree","TRUE","(320) 252-0233","General","2026-06-02","FALSE","No-not specified why","Not applicable","Not applicable, no appointment offered with anyone in practice","","Complete","14","1740240258","TRUE","TRUE","320","MN","","valid","Urban","Not accepting: unspecified","No appointment offered","","FALSE","FALSE","0.74","District 5","Midwest","0.5356","0.402","0.596","0.322","0.685","41060","St. Cloud, MN","Metropolitan Statistical Area","8","5.04","32178","3116","0.0968","10000"
"36055","Roesch","Ingle","John","NY","Rochester","14618","1","FALSE","ABO, NPI but not ENT Health","aboto_nppes_agree_enthealth_missing","TRUE","585-504-4915","Laryngology","2026-06-02","FALSE","No-not specified why","Not applicable","Not applicable, no appointment offered with anyone in practice","","Complete","15","1508905548","TRUE","TRUE","585","NY","","valid","Urban","Not accepting: unspecified","No appointment offered","","FALSE","FALSE","0.76","District 2","Middle Atlantic","0.2577","0.2008","0.2928","0.3711","0.4629","40380","Rochester, NY","Metropolitan Statistical Area","44","5.82","173591","38043","0.2192","4802.72667414952"
"37191","Roesch","Davis","Samuel","NC","Goldsboro","27534","1","FALSE","ABO, NPI but not ENT Health","aboto_nppes_agree_enthealth_missing","TRUE","919-735-9146","Facial Plastics","2026-06-02","TRUE","No-changed practices","Not applicable","Not applicable, no appointment offered with anyone in practice","","Complete","16","1982631768","TRUE","TRUE","919","NC","","valid","Urban","Not accepting: changed practice","No appointment offered","","FALSE","FALSE","0.82","District 3","Mid-Atlantic/Southeast","0.6421","0.5851","0.7138","0.6314","0.5359","24140","Goldsboro, NC","Metropolitan Statistical Area","3","2.55","25950","5400","0.2081","10000"
"18097","Roesch","Cumpston","Evan","IN","Indianapolis","46202","1","FALSE","ABO, NPI, ENT Health","aboto_enthealth_agree_nppes_disagree","TRUE","317-944-6467","Otology/neurotology","2026-06-02","TRUE","Yes","Yes","Not applicable, no appointment offered with anyone in practice","","Complete","17","1376905877","TRUE","TRUE","317","IN","","valid","Urban","Accepting","No appointment offered","","FALSE","FALSE","0.96","District 5","Midwest","0.453","0.5827","0.1175","0.5377","0.7015","26900","Indianapolis-Carmel-Anderson, IN","Metropolitan Statistical Area","50","5.15","157409","37524","0.2384","1963.74743223321"
"21067","Roesch","Archer","Sanford","KY","Lexington","40536","1","FALSE","ABO, NPI, ENT Health","all_three_agree","TRUE","859-257-5405","General","2026-06-02","TRUE","Yes","Yes","Not applicable, no appointment offered with anyone in practice","","Complete","18","1396783411","TRUE","TRUE","859","KY","","valid","Urban","Accepting","No appointment offered","","FALSE","FALSE","0.69","District 4","Southeast","0.2182","0.6595","0.0049","0.3778","0.3608","30460","Lexington-Fayette, KY","Metropolitan Statistical Area","35","10.89","55227","7274","0.1317","3358.29569854849"
"12001","Roesch","Ahn","Andrew","FL","Gainesville","32608","1","FALSE","ABO, NPI, ENT Health","all_three_agree","TRUE","352-548-6000","General","2026-06-02","FALSE","No-not specified why","Not applicable","Not applicable, no appointment offered with anyone in practice","","Complete","19","1265752406","TRUE","TRUE","352","FL","","valid","Urban","Not accepting: unspecified","No appointment offered","","FALSE","FALSE","0.64","District 4","Southeast","0.4281","0.5412","0.1171","0.5854","0.5727","23540","Gainesville, FL","Metropolitan Statistical Area","33","11.8","53801","8329","0.1548","5233.02361815472"
"36047","Roesch","Davison","Wesley","NY","Brooklyn","11209","1","FALSE","ABO, NPI, ENT Health","all_three_agree","TRUE","718-833-0515","General","2026-06-02","TRUE","Yes","Yes","Yes","2026-06-11","Complete","20","1801259924","TRUE","TRUE","718","NY","","valid","Urban","Accepting","With sampled physician","7","TRUE","TRUE","0.76","District 2","Middle Atlantic","0.6709","0.5627","0.5391","0.5594","0.8059","35620","New York-Newark-Jersey City, NY-NJ-PA","Metropolitan Statistical Area","48","1.79","407755","210752","0.5169","675.82644634067"
"49005","Roesch","Keyser","Jeffrey","UT","Logan","84341","1","FALSE","ABO, NPI but not ENT Health","aboto_nppes_agree_enthealth_missing","TRUE","435-714-7437","General","2026-06-02","TRUE","No-changed practices","Not applicable","No-but appointment offered with different physician","","Complete","21","1588674055","TRUE","TRUE","435","UT","","valid","Urban","Not accepting: changed practice","With different physician","","FALSE","FALSE","0.8","District 7","Mountain/Southwest","0.5137","0.4928","0.3185","0.3682","0.6475","30860","Logan, UT-ID","Metropolitan Statistical Area","7","5.21","17244","1105","0.0641","7345.33276163871"
"12001","Roesch","Collins","William","FL","Gainesville","32610","1","FALSE","ABO, NPI, ENT Health","aboto_nppes_agree_enthealth_disagree","TRUE","352-273-5199","Pediatrics","2026-06-02","TRUE","Yes","Yes","Yes","2026-09-01","Complete","22","1013938653","TRUE","TRUE","352","FL","","valid","Urban","Accepting","With sampled physician","63","TRUE","TRUE","0.64","District 4","Southeast","0.3355","0.6335","0.0019","0.5565","0.765","23540","Gainesville, FL","Metropolitan Statistical Area","33","11.8","53801","8329","0.1548","5233.02361815472"
"24510","Roesch","Creighton","Francis","MD","Baltimore","21287","1","FALSE","ABO, NPI, ENT Health","aboto_enthealth_agree_nppes_disagree","TRUE","443-997-6467","Otology/neurotology","2026-06-02","TRUE","Yes","Yes","Yes","2026-06-04","Complete","23","1871859959","TRUE","TRUE","443","MD","","valid","Urban","Accepting","With sampled physician","2","TRUE","TRUE","0.95","District 3","Mid-Atlantic/Southeast","0.8294","0.8546","0.3241","0.9312","0.8436","12580","Baltimore-Columbia-Towson, MD","Metropolitan Statistical Area","64","10.95","103022","31310","0.3039","1829.69208221703"
"06085","Roesch","Cheng","Elbert","CA","Saratoga","95070","1","FALSE","ABO, NPI, ENT Health","aboto_enthealth_agree_nppes_disagree","TRUE","408-741-9982","Facial Plastics","2026-06-02","TRUE","Yes","No","No-but appointment offered with different physician","2026-07-01","Complete","24","1396823357","TRUE","TRUE","408","CA","","valid","Urban","Accepting","With different physician","20","TRUE","FALSE","0.67","District 8","Pacific","0.1797","0.0443","0.4033","0.7462","0.2958","41940","San Jose-Sunnyvale-Santa Clara, CA","Metropolitan Statistical Area","133","6.94","306874","70635","0.2302","2149.93630005899"
"37171","Roesch","Ellis","Milton","NC","Mount Airy","27030","4","FALSE","ABO, NPI but not ENT Health","aboto_nppes_agree_enthealth_missing","TRUE","336-838-7758","Facial Plastics","2026-06-02","FALSE","No-not specified why","Not applicable","Not applicable, no appointment offered with anyone in practice","","Complete","25","1306804869","TRUE","TRUE","336","NC","","valid","Rural","Not accepting: unspecified","No appointment offered","","FALSE","FALSE","0.82","District 3","Mid-Atlantic/Southeast","0.6042","0.6893","0.6489","0.2913","0.4781","34340","Mount Airy, NC","Micropolitan Statistical Area","2","2.8","19497","4016","0.206",""
"48251","Roesch","Benke","Theodore","TX","Cleburne","76033","4","FALSE","ABO, NPI, ENT Health","all_three_agree","TRUE","817-641-3750","General","2026-06-02","TRUE","Yes","No","No-but appointment offered with different physician","2026-07-06","Complete","26","1295786135","TRUE","TRUE","817","TX","","valid","Rural","Accepting","With different physician","22","TRUE","FALSE","0.63","District 6","Central","0.5231","0.5179","0.5798","0.4572","0.5001","19100","Dallas-Fort Worth-Arlington, TX","Metropolitan Statistical Area","3","1.64","37360","3850","0.1031","1622.88265198409"
"26099","Roesch","Scapini","David","MI","Sterling Heights","48314","1","FALSE","ABO, NPI, ENT Health","all_three_agree","TRUE","586-254-7200","General","2026-06-02","TRUE","Yes","Yes","Yes","2026-07-22","Complete","27","1255322129","TRUE","TRUE","586","MI","","valid","Urban","Accepting","With sampled physician","34","TRUE","TRUE","0.76","District 5","Midwest","0.4452","0.4175","0.5325","0.3625","0.4671","19820","Detroit-Warren-Dearborn, MI","Metropolitan Statistical Area","16","1.82","196230","31028","0.1581","2868.32054462795"
"33009","Roesch","Smith","Mark","NH","Lebanon","03756","4","FALSE","ABO, NPI, ENT Health","aboto_nppes_agree_enthealth_disagree","TRUE","603-650-8123","Pediatrics","2026-06-02","TRUE","Yes","Yes","Yes","2026-11-01","Complete","28","1386668135","TRUE","TRUE","603","NH","","valid","Rural","Accepting","With sampled physician","104","TRUE","TRUE","0.73","District 1","New England","","","","","","30100","Lebanon, NH-VT","Micropolitan Statistical Area","16","17.61","25085","1968","0.0785",""
"39153","Roesch","Garren","Kurt","OH","Akron","44320","4","FALSE","ABO, NPI but not ENT Health","aboto_nppes_agree_enthealth_missing","TRUE","234-368-8493","General","2026-06-03","TRUE","Yes","Yes","Yes","2026-06-04","Complete","29","1487644100","TRUE","TRUE","234","OH","","valid","Rural","Accepting","With sampled physician","1","TRUE","TRUE","0.63","District 5","Midwest","0.683","0.6688","0.6896","0.7659","0.5254","10420","Akron, OH","Metropolitan Statistical Area","20","3.71","124086","20895","0.1684","3718.32732670969"
"53063","Roesch","Connelly","Jan","WA","Spokane","99201","1","FALSE","ABO, NPI but not ENT Health","aboto_nppes_agree_enthealth_missing","TRUE","509-489-3514","General","2026-06-03","FALSE","No-not specified why","Not applicable","Not applicable, no appointment offered with anyone in practice","","Complete","30","1972554046","TRUE","TRUE","509","WA","","valid","Urban","Not accepting: unspecified","No appointment offered","","FALSE","FALSE","0.64","District 8","Pacific","0.7526","0.7759","0.3744","0.3942","0.8499","44060","Spokane-Spokane Valley, WA","Metropolitan Statistical Area","24","4.46","121061","20957","0.1731","5583.9908870929"
"41019","Roesch","Schreiner","Carl","OR","Roseburg","97471","4","FALSE","ABO, NPI but not ENT Health","aboto_nppes_agree_enthealth_missing","TRUE","541-677-3349","General","2026-06-03","FALSE","No-not specified why","Not applicable","Not applicable, no appointment offered with anyone in practice","","Complete","31","1710969175","TRUE","TRUE","541","OR","","valid","Rural","Not accepting: unspecified","No appointment offered","","FALSE","FALSE","0.88","District 8","Pacific","0.6047","0.4682","0.7176","0.2687","0.715","40700","Roseburg, OR","Micropolitan Statistical Area","4","3.59","36282","7235","0.1994",""
"29175","Roesch","Wanless","Kirk","MO","Moberly","65270","4","FALSE","ABO, NPI, ENT Health","all_three_agree","TRUE","660-263-4600","General","2026-06-03","FALSE","No-not specified why","Not applicable","Not applicable, no appointment offered with anyone in practice","","Complete","32","1497749485","TRUE","TRUE","660","MO","","valid","Rural","Not accepting: unspecified","No appointment offered","","FALSE","FALSE","0.86","District 6","Central","0.647","0.6693","0.6247","0.2417","0.663","33620","Moberly, MO","Micropolitan Statistical Area","1","4.06","5651","1034","0.183",""
"27053","Roesch","Lander","Timothy","MN","Minneapolis","55404","1","FALSE","ABO, NPI but not ENT Health","aboto_nppes_disagree_enthealth_missing","TRUE","612-874-1292","Pediatrics","2026-06-03","TRUE","No-changed practices","Yes","No-but appointment offered with different physician","2026-06-04","Complete","33","1548264435","TRUE","TRUE","612","MN","","valid","Urban","Not accepting: changed practice","With different physician","1","TRUE","FALSE","0.74","District 5","Midwest","0.8805","0.8685","0.616","0.7085","0.9312","33460","Minneapolis-St. Paul-Bloomington, MN-WI","Metropolitan Statistical Area","78","6.14","225642","29801","0.1321","2446.00113133122"
"39053","Roesch","Viall","John","OH","Gallipolis","45631","4","FALSE","ABO, NPI but not ENT Health","aboto_nppes_agree_enthealth_missing","TRUE","740-446-5135","General","2026-06-03","TRUE","No-changed practices","Not applicable","Not applicable, no appointment offered with anyone in practice","","Complete","34","1023052107","TRUE","TRUE","740","OH","","valid","Rural","Not accepting: changed practice","No appointment offered","","FALSE","FALSE","0.63","District 5","Midwest","0.5815","0.5739","0.6239","0.1361","0.6531","38580","Point Pleasant, WV-OH","Micropolitan Statistical Area","4","13.66","7364","1646","0.2235",""
"26065","Roesch","Kashat","Lawrence","MI","East Lansing","48823","1","FALSE","ABO, NPI, ENT Health","all_three_agree","TRUE","517-332-0100","Laryngology","2026-06-03","TRUE","Yes","Yes","Yes","2026-06-23","Complete","35","1205290137","TRUE","TRUE","517","MI","","valid","Urban","Accepting","With sampled physician","13","TRUE","TRUE","0.76","District 5","Midwest","0.4167","0.5093","0.2049","0.3886","0.595","29620","Lansing-East Lansing, MI","Metropolitan Statistical Area","8","2.83","53048","9019","0.17","5835.49166069808"
"36061","Roesch","Okun","Monica","NY","New York","10028","1","FALSE","ABO, NPI but not ENT Health","aboto_nppes_agree_enthealth_missing","TRUE","914-831-4100","General","2026-06-03","TRUE","Yes","Yes","Yes","2026-06-24","Complete","36","1740497791","TRUE","TRUE","914","NY","","valid","Urban","Accepting","With sampled physician","14","TRUE","TRUE","0.76","District 2","Middle Atlantic","0.2692","0.1381","0.1639","0.3312","0.7461","35620","New York-Newark-Jersey City, NY-NJ-PA","Metropolitan Statistical Area","235","14.28","297725","118473","0.3979","675.82644634067"
"24005","Roesch","Kaplan","Brian","MD","Towson","21204","1","FALSE","ABO, NPI, ENT Health","all_three_agree","TRUE","410-821-5151","General","2026-06-03","FALSE","No-not specified why","Not applicable","Not applicable, no appointment offered with anyone in practice","","Complete","37","1215941240","TRUE","TRUE","410","MD","","valid","Urban","Not accepting: unspecified","No appointment offered","","FALSE","FALSE","0.95","District 3","Mid-Atlantic/Southeast","0.3282","0.3132","0.2581","0.4573","0.5261","12580","Baltimore-Columbia-Towson, MD","Metropolitan Statistical Area","31","3.64","172778","22921","0.1327","1829.69208221703"
"06037","Roesch","Miller","Chipp","CA","Santa Monica","90404","1","FALSE","ABO, NPI but not ENT Health","aboto_nppes_agree_enthealth_missing","TRUE","310-829-8701","Pediatrics","2026-06-03","FALSE","No-not specified why","Not applicable","Not applicable, no appointment offered with anyone in practice","","Complete","38","1285661363","TRUE","TRUE","310","CA","","valid","Urban","Not accepting: unspecified","No appointment offered","","FALSE","FALSE","0.67","District 8","Pacific","0.7134","0.6288","0.4577","0.6792","0.8212","31080","Los Angeles-Long Beach-Anaheim, CA","Metropolitan Statistical Area","391","3.93","1680860","546396","0.3251","645.954567429514"
"08067","Roesch","Schackel","Gregory","CO","Durango","81301","4","FALSE","ABO, NPI but not ENT Health","aboto_nppes_agree_enthealth_missing","TRUE","970-385-7272","General","2026-06-03","TRUE","Yes","Yes","Yes","2026-08-24","Complete","39","1831148352","TRUE","TRUE","970","CO","","valid","Rural","Accepting","With sampled physician","56","TRUE","TRUE","0.83","District 7","Mountain/Southwest","0.4036","0.39","0.1968","0.3377","0.6817","20420","Durango, CO","Micropolitan Statistical Area","4","7.15","13298","1082","0.0814",""
"17089","Roesch","Bolduan","Alyssa","IL","Geneva","60134","1","FALSE","ABO, NPI but not ENT Health","aboto_nppes_agree_enthealth_missing","TRUE","630-938-3900","General","2026-06-03","TRUE","Yes","Yes","Yes","2026-09-21","Complete","40","1336535657","TRUE","TRUE","630","IL","","valid","Urban","Accepting","With sampled physician","75","TRUE","TRUE","0.63","District 5","Midwest","0.1346","0.1341","0.2297","0.2421","0.2959","16980","Chicago-Naperville-Elgin, IL-IN-WI","Metropolitan Statistical Area","17","3.29","92155","11283","0.1224","984.990361026572"
"36047","Roesch","Song","Christopher","NY","Brooklyn","11209","1","FALSE","ABO, NPI, ENT Health","all_three_agree","TRUE","718-833-0515","General","2026-06-04","TRUE","Yes","Yes","Not applicable, no appointment offered with anyone in practice","","Complete","41","1770568818","TRUE","TRUE","718","NY","","valid","Urban","Accepting","No appointment offered","","FALSE","FALSE","0.76","District 2","Middle Atlantic","0.6709","0.5627","0.5391","0.5594","0.8059","35620","New York-Newark-Jersey City, NY-NJ-PA","Metropolitan Statistical Area","48","1.79","407755","210752","0.5169","675.82644634067"
"39061","Roesch","Jain","Sonu","OH","Cincinnati","45219","1","FALSE","ABO, NPI but not ENT Health","aboto_nppes_agree_enthealth_missing","TRUE","513-584-1000","Facial Plastics","2026-06-04","TRUE","No-changed practices","No","Not applicable, no appointment offered with anyone in practice","","Complete","42","1194997015","TRUE","TRUE","513","OH","","valid","Urban","Not accepting: changed practice","No appointment offered","","FALSE","FALSE","0.63","District 5","Midwest","0.5303","0.7759","0.1227","0.4794","0.7151","17140","Cincinnati, OH-KY-IN","Metropolitan Statistical Area","79","9.54","161716","28515","0.1763","1652.48674989113"
"01123","Roesch","McLeod","Fred","AL","Alexander City","35010","7","FALSE","ABO, NPI, ENT Health","aboto_nppes_agree_enthealth_disagree","TRUE","256-329-1114","Sleep","2026-06-04","TRUE","Yes","Yes","Yes","2026-06-08","Complete","43","1356305940","TRUE","TRUE","256","AL","","valid","Rural","Accepting","With sampled physician","2","TRUE","TRUE","0.92","District 4","Southeast","0.7892","0.6848","0.8654","0.516","0.7307","10760","Alexander City, AL","Micropolitan Statistical Area","1","2.42","11701","2567","0.2194",""
"49045","Roesch","Ventura","Peter","UT","Tooele","84074","4","FALSE","ABO, NPI but not ENT Health","aboto_nppes_agree_enthealth_missing","TRUE","435-833-9600","General","2026-06-04","TRUE","No-changed practices","Not applicable","Not applicable, no appointment offered with anyone in practice","","Complete","44","1144201690","TRUE","TRUE","435","UT","","valid","Rural","Not accepting: changed practice","No appointment offered","","FALSE","FALSE","0.8","District 7","Mountain/Southwest","0.294","0.3094","0.358","0.3282","0.3516","41620","Salt Lake City, UT","Metropolitan Statistical Area","2","2.7","9972","865","0.0867","3136.16587182606"
"37097","Roesch","Natili","Angelia","NC","Statesville","28677","4","FALSE","ABO, NPI, ENT Health","all_three_agree","TRUE","704-873-5224","General","2026-06-04","TRUE","Yes","Yes","Yes","2026-06-15","Complete","45","1831406933","TRUE","TRUE","704","NC","","valid","Rural","Accepting","With sampled physician","7","TRUE","TRUE","0.82","District 3","Mid-Atlantic/Southeast","0.6778","0.6784","0.6793","0.5021","0.5916","16740","Charlotte-Concord-Gastonia, NC-SC","Metropolitan Statistical Area","10","5.32","40978","5098","0.1244","3805.74492088521"
"30093","Roesch","Kaufman","Raymond","MT","Butte","59701","4","FALSE","ABO, NPI, ENT Health","all_three_agree","TRUE","406-494-0188","Facial Plastics","2026-06-04","TRUE","No-retired or no longer practicing medicine","Not applicable","Not applicable, no appointment offered with anyone in practice","","Complete","46","1427142231","TRUE","TRUE","406","MT","","valid","Rural","Not accepting: retired/left","No appointment offered","","FALSE","FALSE","1.32","District 7","Mountain/Southwest","0.5002","0.4811","0.5288","0.1712","0.6004","15580","Butte-Silver Bow, MT","Micropolitan Statistical Area","2","5.66","8730","1168","0.1338",""
"42003","Roesch","Hillman","Todd","PA","Pittsburgh","15212","1","FALSE","ABO, NPI, ENT Health","aboto_enthealth_agree_nppes_disagree","TRUE","412-321-2480","General","2026-06-04","FALSE","No-not specified why","Not applicable","Not applicable, no appointment offered with anyone in practice","","Complete","47","1063592673","TRUE","TRUE","412","PA","","valid","Urban","Not accepting: unspecified","No appointment offered","","FALSE","FALSE","0.68","District 2","Middle Atlantic","0.4987","0.529","0.3019","0.515","0.5815","38300","Pittsburgh, PA","Metropolitan Statistical Area","75","6.02","281577","41193","0.1463","2891.96306455552"
"09003","Roesch","Roberts","Daniel","CT","Wethersfield","06109","1","FALSE","ABO, NPI but not ENT Health","aboto_nppes_disagree_enthealth_missing","TRUE","860-493-1950","Otology/neurotology","2026-06-04","TRUE","Yes","Yes","Yes","2026-07-20","Complete","48","1104072354","TRUE","TRUE","860","CT","","valid","Urban","Accepting","With sampled physician","30","TRUE","TRUE","0.79","District 1","New England","","","","","","25540","Hartford-East Hartford-Middletown, CT","Metropolitan Statistical Area","","","","","","3297.15015496476"
"53063","Roesch","Cruz","Michael","WA","Spokane","99201","1","FALSE","ABO, NPI, ENT Health","all_three_agree","TRUE","509-624-2326","General","2026-06-04","TRUE","Yes","Yes","Yes","2026-06-22","Complete","49","1083665145","TRUE","TRUE","509","WA","","valid","Urban","Accepting","With sampled physician","11","TRUE","TRUE","0.64","District 8","Pacific","0.7526","0.7759","0.3744","0.3942","0.8499","44060","Spokane-Spokane Valley, WA","Metropolitan Statistical Area","24","4.46","121061","20957","0.1731","5583.9908870929"
"25021","Roesch","Ambrus","Peter","MA","Quincy","02169","1","FALSE","ABO, NPI but not ENT Health","aboto_nppes_agree_enthealth_missing","TRUE","617-376-8840","General","2026-06-04","FALSE","No-retired or no longer practicing medicine","Not applicable","Not applicable, no appointment offered with anyone in practice","","Complete","50","1326087412","TRUE","TRUE","617","MA","","valid","Urban","Not accepting: retired/left","No appointment offered","","FALSE","FALSE","0.74","District 1","New England","0.6054","0.5101","0.4433","0.5862","0.7653","14460","Boston-Cambridge-Newton, MA-NH","Metropolitan Statistical Area","31","4.29","149148","30240","0.2028","2023.04610416402"
"13255","Roesch","Plotnick","Eric","GA","Griffin","30224","4","FALSE","ABO, NPI, ENT Health","aboto_nppes_agree_enthealth_disagree","TRUE","470-956-4372","Sleep","2026-06-04","TRUE","Yes","Yes","Yes","2026-07-09","Complete","51","1689657892","TRUE","TRUE","470","GA","","valid","Rural","Accepting","With sampled physician","23","TRUE","TRUE","0.83","District 4","Southeast","0.5549","0.625","0.4752","0.5164","0.4804","12060","Atlanta-Sandy Springs-Alpharetta, GA","Metropolitan Statistical Area","2","2.97","16514","3774","0.2285","2026.24940839798"
"53033","Roesch","Inglis","Andrew","WA","Seattle","98105","1","FALSE","ABO, NPI but not ENT Health","aboto_nppes_agree_enthealth_missing","TRUE","206-987-2105","Pediatrics","2026-06-04","FALSE","No-not specified why","Not applicable","Not applicable, no appointment offered with anyone in practice","","Complete","52","1255421145","TRUE","TRUE","206","WA","","valid","Urban","Not accepting: unspecified","No appointment offered","","FALSE","FALSE","0.64","District 8","Pacific","0.4179","0.4563","0.0677","0.5675","0.7641","42660","Seattle-Tacoma-Bellevue, WA","Metropolitan Statistical Area","153","6.79","360943","57362","0.1589","2219.59967329526"
"13139","Roesch","Angel","Michael","GA","Gainesville","30501","1","FALSE","ABO, NPI, ENT Health","all_three_agree","TRUE","678-206-2700","Facial Plastics","2026-06-04","FALSE","No-not specified why","Not applicable","Not applicable, no appointment offered with anyone in practice","","Complete","53","1366534851","TRUE","TRUE","678","GA","","valid","Urban","Not accepting: unspecified","No appointment offered","","FALSE","FALSE","0.83","District 4","Southeast","0.848","0.796","0.7236","0.717","0.8486","23580","Gainesville, GA","Metropolitan Statistical Area","11","5.37","40774","5705","0.1399","10000"
"23031","Roesch","Rankin","Brett","ME","Kittery","03904","1","FALSE","ABO, NPI, ENT Health","all_three_agree","TRUE","207-475-0100","General","2026-06-04","TRUE","No-retired or no longer practicing medicine","Not applicable","Not applicable, no appointment offered with anyone in practice","","Complete","54","1831296748","TRUE","TRUE","207","ME","","valid","Urban","Not accepting: retired/left","No appointment offered","","FALSE","FALSE","0.78","District 1","New England","0.3536","0.2993","0.3103","0.1504","0.5818","38860","Portland-South Portland, ME","Metropolitan Statistical Area","2","0.94","59909","11829","0.1974","7528.24634428868"
"08045","Roesch","Goodstein","Matthew","CO","Glenwood Springs","81601","4","FALSE","ABO, NPI, ENT Health","all_three_agree","TRUE","970-945-1112","General","2026-06-03","FALSE","No-not specified why","Not applicable","Not applicable, no appointment offered with anyone in practice","","Complete","55","1376692533","TRUE","TRUE","970","CO","","valid","Rural","Not accepting: unspecified","No appointment offered","","FALSE","FALSE","0.83","District 7","Mountain/Southwest","0.5245","0.4828","0.5272","0.476","0.5424","24060","Glenwood Springs, CO","Micropolitan Statistical Area","1","1.62","10756","1249","0.1161",""
"36105","Roesch","Newland-Pagan","Yvonne","NY","Ferndale","12734","10","FALSE","ABO, NPI but not ENT Health","aboto_nppes_agree_enthealth_missing","TRUE","845-292-2283","General","2026-06-04","TRUE","Yes","Yes","Yes","2026-06-29","Complete","56","1215029491","TRUE","TRUE","845","NY","","valid","Rural","Accepting","With sampled physician","16","TRUE","TRUE","0.76","District 2","Middle Atlantic","0.8346","0.6998","0.8072","0.377","0.9543","","","","1","1.27","18174","4871","0.268",""
"36059","Roesch","Isseroff","Tova","NY","Garden City","11530","1","FALSE","ABO, NPI, ENT Health","all_three_agree","TRUE","516-294-9363","Laryngology","2026-06-04","TRUE","Yes","Yes","Yes","2026-06-23","Complete","57","1962729103","TRUE","TRUE","516","NY","","valid","Urban","Accepting","With sampled physician","12","TRUE","TRUE","0.76","District 2","Middle Atlantic","0.1751","0.1355","0.2581","0.3213","0.3248","35620","New York-Newark-Jersey City, NY-NJ-PA","Metropolitan Statistical Area","73","5.25","298744","54539","0.1826","675.82644634067"
"10003","Roesch","Witt","Robert","DE","Newark","19713","1","FALSE","ABO, NPI but not ENT Health","aboto_nppes_agree_enthealth_missing","TRUE","302-738-6014","General","2026-06-12","FALSE","No-not specified why","Not applicable","Not applicable, no appointment offered with anyone in practice","","Complete","58","1659342582","TRUE","TRUE","302","DE","","valid","Urban","Not accepting: unspecified","No appointment offered","","FALSE","FALSE","0.96","District 3","Mid-Atlantic/Southeast","0.5695","0.5425","0.5241","0.6025","0.6031","37980","Philadelphia-Camden-Wilmington, PA-NJ-DE-MD","Metropolitan Statistical Area","25","4.38","115190","17058","0.1481","1307.1063181523"
"34021","Roesch","Rossos","Apostolos","NJ","Trenton","08619","1","FALSE","ABO, NPI but not ENT Health","aboto_nppes_agree_enthealth_missing","TRUE","609-581-0500","General","2026-06-05","TRUE","Yes","Yes","No-but appointment offered with different physician","2026-06-09","Complete","59","1710074562","TRUE","TRUE","609","NJ","","valid","Urban","Accepting","With different physician","2","TRUE","FALSE","0.61","District 2","Middle Atlantic","0.4009","0.3554","0.4942","0.5137","0.4008","45940","Trenton-Princeton, NJ","Metropolitan Statistical Area","12","3.13","71808","11076","0.1542","6031.23470436044"
"29183","Roesch","Conoyer","John","MO","Saint Peters","63376","1","FALSE","ABO, NPI, ENT Health","all_three_agree","TRUE","636-441-3100","General","2026-06-04","FALSE","No-not specified why","Not applicable","Not applicable, no appointment offered with anyone in practice","","Complete","60","1295750586","TRUE","TRUE","636","MO","","valid","Urban","Not accepting: unspecified","No appointment offered","","FALSE","FALSE","0.86","District 6","Central","0.1496","0.1708","0.316","0.2262","0.2117","41180","St. Louis, MO-IL","Metropolitan Statistical Area","8","1.97","85348","5636","0.066","2705.99244132492"
"41011","Roesch","Shimotakahara","Steven","OR","Coos Bay","97420","4","FALSE","ABO, NPI, ENT Health","all_three_agree","TRUE","541-267-5151","Head and Neck Cancer","2026-06-04","TRUE","Yes","Yes","Yes","2026-08-24","Complete","61","1326024738","TRUE","TRUE","541","OR","","valid","Rural","Accepting","With sampled physician","55","TRUE","TRUE","0.88","District 8","Pacific","0.5965","0.5931","0.5317","0.3205","0.6514","18300","Coos Bay, OR","Micropolitan Statistical Area","3","4.62","21910","4788","0.2185",""
"45083","Roesch","Worley","Mitchell","SC","Spartanburg","29303","1","FALSE","ABO, NPI, ENT Health","all_three_agree","TRUE","864-582-2900","General","2026-06-04","TRUE","Yes","Yes","Yes","2026-06-10","Complete","62","1528447281","TRUE","TRUE","864","SC","","valid","Urban","Accepting","With sampled physician","4","TRUE","TRUE","0.89","District 4","Southeast","0.7938","0.7792","0.639","0.6605","0.779","43900","Spartanburg, SC","Metropolitan Statistical Area","7","2.12","74781","12353","0.1652","7253.05023151958"
"04019","Roesch","Soderberg","Keith","AZ","Tucson","85712","1","FALSE","ABO, NPI, ENT Health","all_three_agree","TRUE","520-296-8500","General","2026-06-04","TRUE","No-retired or no longer practicing medicine","Not applicable","Not applicable, no appointment offered with anyone in practice","","Complete","63","1770531527","TRUE","TRUE","520","AZ","","valid","Urban","Not accepting: retired/left","No appointment offered","","FALSE","FALSE","0.98","District 7","Mountain/Southwest","0.7785","0.6882","0.6025","0.5957","0.8327","46060","Tucson, AZ","Metropolitan Statistical Area","37","3.55","261020","44863","0.1719","2707.86375469015"
"06037","Roesch","Suh","Jeffrey","CA","Los Angeles","90095","1","FALSE","ABO, NPI, ENT Health","all_three_agree","TRUE","310-206-6688","Rhinology","2026-06-04","TRUE","Yes","Yes","Yes","2026-08-03","Complete","64","1114172442","TRUE","TRUE","310","CA","","valid","Urban","Accepting","With sampled physician","40","TRUE","TRUE","0.67","District 8","Pacific","0.8019","0.7947","0.0183","0.8003","1","31080","Los Angeles-Long Beach-Anaheim, CA","Metropolitan Statistical Area","391","3.93","1680860","546396","0.3251","645.954567429514"
"31111","Roesch","Fitzpatrick","Philip","NE","North Platte","69101","4","TRUE","ABO, NPI, ENT Health","all_three_agree","TRUE","308-532-3330","General","2026-06-04","FALSE","No-not specified why","Not applicable","Not applicable, no appointment offered with anyone in practice","","Complete","65","1588742001","TRUE","TRUE","308","NE","","valid","Rural","Not accepting: unspecified","No appointment offered","","FALSE","FALSE","1.01","District 6","Central","0.5638","0.5244","0.6664","0.2531","0.5775","35820","North Platte, NE","Micropolitan Statistical Area","3","8.69","8274","1056","0.1276",""
"01073","Roesch","McHugh","Richard","AL","Birmingham","35233","1","FALSE","ABO, NPI, ENT Health","all_three_agree","TRUE","205-801-8000","General","2026-06-04","TRUE","No-changed practices","Not applicable","Not applicable, no appointment offered with anyone in practice","","Complete","66","1063690311","TRUE","TRUE","205","AL","","valid","Urban","Not accepting: changed practice","No appointment offered","","FALSE","FALSE","0.92","District 4","Southeast","0.6241","0.6799","0.057","0.6986","0.8894","13820","Birmingham-Hoover, AL","Metropolitan Statistical Area","60","8.93","138955","27828","0.2003","4257.37015192482"
"50007","Roesch","Herrington","Heather","VT","Burlington","05401","1","FALSE","ABO, NPI, ENT Health","aboto_enthealth_agree_nppes_disagree","TRUE","802-847-4535","Pediatrics","2026-06-04","TRUE","Yes","Yes","Yes","2026-09-15","Complete","67","1679607170","TRUE","TRUE","802","VT","","valid","Urban","Accepting","With sampled physician","70","TRUE","TRUE","0.87","District 1","New England","0.4193","0.5266","0.118","0.2229","0.7653","15540","Burlington-South Burlington, VT","Metropolitan Statistical Area","13","7.72","35663","5216","0.1463","8263.71577206744"
"41007","Roesch","Holt","Justin","OR","Astoria","97103","4","FALSE","ABO, NPI, ENT Health","all_three_agree","TRUE","503-338-4517","General","2026-06-04","FALSE","No-not specified why","Not applicable","Not applicable, no appointment offered with anyone in practice","","Complete","68","1902225709","TRUE","TRUE","503","OR","","valid","Rural","Not accepting: unspecified","No appointment offered","","FALSE","FALSE","0.88","District 8","Pacific","0.5606","0.5068","0.4382","0.347","0.7172","11820","Astoria, OR","Micropolitan Statistical Area","2","4.86","11721","2079","0.1774",""
"47059","Roesch","Abernathy","Susan","TN","Greeneville","37745","4","FALSE","ABO, NPI, ENT Health","all_three_agree","TRUE","423-638-1291","General","2026-06-04","TRUE","No-practice is full but physician does still see established patients","Not applicable","Not applicable, no appointment offered with anyone in practice","","Complete","69","1780632141","TRUE","TRUE","423","TN","","valid","Rural","Not accepting: practice full","No appointment offered","","FALSE","FALSE","","District 4","Southeast","0.6318","0.5864","0.7374","0.181","0.6512","24620","Greeneville, TN","Micropolitan Statistical Area","1","1.42","20701","3779","0.1826",""
"37049","Roesch","Wilson","James","NC","New Bern","28562","4","FALSE","ABO, NPI but not ENT Health","aboto_nppes_agree_enthealth_missing","TRUE","252-638-2515","General","2026-06-04","TRUE","Yes","Yes","Yes","2026-06-18","Complete","70","1043770522","TRUE","TRUE","252","NC","","valid","Rural","Accepting","With sampled physician","10","TRUE","TRUE","0.82","District 3","Mid-Atlantic/Southeast","0.4743","0.3847","0.5078","0.4421","0.562","35100","New Bern, NC","Metropolitan Statistical Area","10","9.89","28064","3603","0.1284",""
"48099","Roesch","Holland","Bradford","TX","Gatesville","76528","4","FALSE","ABO, NPI, ENT Health","all_three_agree","TRUE","254-248-6401","General","2026-06-12","TRUE","Yes","Yes","Yes","2026-07-28","Complete","71","1790724839","TRUE","TRUE","254","TX","","valid","Rural","Accepting","With sampled physician","30","TRUE","TRUE","0.63","District 6","Central","0.6803","0.6434","0.7732","0.4378","0.5509","28660","Killeen-Temple, TX","Metropolitan Statistical Area","4","4.82","12261","1424","0.1161","5463.55416797181"
"06059","Roesch","Barretto","Roberto","CA","Orange","92868","1","FALSE","ABO, NPI but not ENT Health","aboto_nppes_disagree_enthealth_missing","TRUE","714-633-4020","Pediatrics","2026-06-04","TRUE","No-retired or no longer practicing medicine","Not applicable","No-but appointment offered with different physician","2026-06-29","Complete","72","1477552941","TRUE","TRUE","714","CA","","valid","Urban","Not accepting: retired/left","With different physician","16","TRUE","FALSE","0.67","District 8","Pacific","0.7791","0.6071","0.4853","0.7996","0.9001","31080","Los Angeles-Long Beach-Anaheim, CA","Metropolitan Statistical Area","101","3.18","591778","128882","0.2178","645.954567429514"
"48339","Roesch","Strigenz","Daniel","TX","Conroe","77385","1","FALSE","ABO, NPI but not ENT Health","aboto_nppes_agree_enthealth_missing","TRUE","936-270-4010","General","2026-06-04","TRUE","Yes","Yes","Yes","2026-07-14","Complete","73","1588919633","TRUE","TRUE","936","TX","","valid","Urban","Accepting","With sampled physician","26","TRUE","TRUE","0.63","District 6","Central","0.2296","0.285","0.1831","0.5908","0.2531","26420","Houston-The Woodlands-Sugar Land, TX","Metropolitan Statistical Area","23","3.65","118401","9262","0.0782","2267.03553574242"
"28071","Roesch","Windham","Byron","MS","Oxford","38655","4","FALSE","ABO, NPI, ENT Health","all_three_agree","TRUE","662-234-1337","General","2026-06-04","TRUE","Yes","Yes","Yes","2026-06-10","Complete","74","1497975106","TRUE","TRUE","662","MS","","valid","Rural","Accepting","With sampled physician","4","TRUE","TRUE","0.93","District 4","Southeast","0.3745","0.5149","0.2001","0.4511","0.457","37060","Oxford, MS","Micropolitan Statistical Area","3","5.34","9396","1550","0.165",""
"42075","Roesch","Boucher","Robert","PA","Lebanon","17042","1","FALSE","ABO, NPI but not ENT Health","aboto_nppes_agree_enthealth_missing","TRUE","717-272-6621","General","2026-06-04","FALSE","No-not specified why","Not applicable","Not applicable, no appointment offered with anyone in practice","","Complete","75","1508150624","TRUE","TRUE","717","PA","","valid","Urban","Not accepting: unspecified","No appointment offered","","FALSE","FALSE","0.68","District 2","Middle Atlantic","0.4892","0.4407","0.5386","0.3477","0.5763","30140","Lebanon, PA","Metropolitan Statistical Area","4","2.79","35344","4448","0.1258","10000"
"36061","Roesch","Tabaee","Abtin","NY","New York","10021","1","FALSE","ABO, NPI, ENT Health","all_three_agree","TRUE","646-962-2221","Rhinology","2026-06-04","TRUE","Yes","Yes","Yes","2026-06-24","Complete","76","1255448106","TRUE","TRUE","646","NY","","valid","Urban","Accepting","With sampled physician","13","TRUE","TRUE","0.76","District 2","Middle Atlantic","0.2917","0.1271","0.1549","0.3194","0.7766","35620","New York-Newark-Jersey City, NY-NJ-PA","Metropolitan Statistical Area","235","14.28","297725","118473","0.3979","675.82644634067"
"08107","Roesch","Sigmon","Jason","CO","Steamboat Springs","80487","4","FALSE","ABO, NPI, ENT Health","all_three_agree","TRUE","970-871-2549","General","2026-06-05","FALSE","No-changed practices","Not applicable","Not applicable, no appointment offered with anyone in practice","","Complete","77","1700841145","TRUE","TRUE","970","CO","","valid","Rural","Not accepting: changed practice","No appointment offered","","FALSE","FALSE","0.83","District 7","Mountain/Southwest","0.2765","0.3134","0.2064","0.2933","0.4876","44460","Steamboat Springs, CO","Micropolitan Statistical Area","3","12.03","5060","241","0.0476",""
"06085","Roesch","Arnstein","David","CA","Los Gatos","95030","1","FALSE","ABO, NPI but not ENT Health","aboto_nppes_disagree_enthealth_missing","TRUE","408-395-6121","General","2026-06-05","FALSE","No-not specified why","Not applicable","Not applicable, no appointment offered with anyone in practice","","Complete","78","1801898796","TRUE","TRUE","408","CA","","valid","Urban","Not accepting: unspecified","No appointment offered","","FALSE","FALSE","0.67","District 8","Pacific","0.103","0.0731","0.2193","0.4341","0.2183","41940","San Jose-Sunnyvale-Santa Clara, CA","Metropolitan Statistical Area","133","6.94","306874","70635","0.2302","2149.93630005899"
"45047","Roesch","Rust","Kevin","SC","Greenwood","29646","4","FALSE","ABO, NPI, ENT Health","all_three_agree","TRUE","864-227-6741","General","2026-06-05","TRUE","Yes","Yes","Yes","2026-07-15","Complete","79","1821172560","TRUE","TRUE","864","SC","","valid","Rural","Accepting","With sampled physician","26","TRUE","TRUE","0.89","District 4","Southeast","0.751","0.7227","0.6992","0.6556","0.7128","24940","Greenwood, SC","Micropolitan Statistical Area","4","5.77","17633","3055","0.1733",""
"48029","Roesch","Barrera","Jose","TX","San Antonio","78230","1","FALSE","ABO, NPI, ENT Health","aboto_enthealth_agree_nppes_disagree","TRUE","210-468-5426","Facial Plastics","2026-06-05","TRUE","Yes","Yes","Yes","2026-06-19","Complete","80","1619966686","TRUE","TRUE","210","TX","","valid","Urban","Accepting","With sampled physician","9","TRUE","TRUE","0.63","District 6","Central","0.5322","0.5646","0.5372","0.7621","0.3768","41700","San Antonio-New Braunfels, TX","Metropolitan Statistical Area","92","4.57","335213","56215","0.1677","3211.30893739928"
"28087","Roesch","Borden","Robert","MS","Columbus","39705","4","TRUE","ABO, NPI, ENT Health","all_three_agree","TRUE","662-327-4432","General","2026-06-05","TRUE","Yes","Yes","Yes","2026-06-30","Complete","81","1710026034","TRUE","TRUE","662","MS","","valid","Rural","Accepting","With sampled physician","16","TRUE","TRUE","0.93","District 4","Southeast","0.3219","0.3957","0.268","0.5778","0.3347","18060","Columbus, MS","Micropolitan Statistical Area","5","8.54","12652","3207","0.2535",""
"48347","Roesch","Gunter","Anne","TX","Nacogdoches","75965","4","FALSE","ABO, NPI, ENT Health","all_three_agree","TRUE","936-510-8640","General","2026-06-05","TRUE","Yes","Yes","Yes","2026-07-30","Complete","82","1982099040","TRUE","TRUE","936","TX","","valid","Rural","Accepting","With sampled physician","37","TRUE","TRUE","0.63","District 6","Central","0.637","0.6432","0.3643","0.4841","0.7185","34860","Nacogdoches, TX","Micropolitan Statistical Area","3","4.63","12767","1819","0.1425",""
"53053","Roesch","Davis","Greg","WA","Puyallup","98374","1","FALSE","ABO, NPI, ENT Health","all_three_agree","TRUE","253-770-9000","Rhinology","2026-06-05","FALSE","No-not specified why","Not applicable","Not applicable, no appointment offered with anyone in practice","","Complete","83","1679689145","TRUE","TRUE","253","WA","","valid","Urban","Not accepting: unspecified","No appointment offered","","FALSE","FALSE","0.64","District 8","Pacific","0.4713","0.3606","0.5338","0.4863","0.568","42660","Seattle-Tacoma-Bellevue, WA","Metropolitan Statistical Area","36","3.92","172911","27149","0.157","2219.59967329526"
"34019","Roesch","Maniar","Anoli","NJ","Flemington","08822","4","FALSE","ABO, NPI but not ENT Health","aboto_nppes_agree_enthealth_missing","TRUE","908-788-0945","General","2026-06-05","FALSE","No-not specified why","Not applicable","Not applicable, no appointment offered with anyone in practice","","Complete","84","1831281682","TRUE","TRUE","908","NJ","","valid","Rural","Not accepting: unspecified","No appointment offered","","FALSE","FALSE","0.61","District 2","Middle Atlantic","0.2225","0.2102","0.2922","0.3742","0.3027","35620","New York-Newark-Jersey City, NY-NJ-PA","Metropolitan Statistical Area","6","4.65","31553","1917","0.0608","675.82644634067"
"42105","Roesch","Nurbhai","Murtaza","PA","Coudersport","16915","10","FALSE","ABO, NPI but not ENT Health","aboto_nppes_disagree_enthealth_missing","TRUE","814-274-7761","General","2026-06-05","FALSE","No-not specified why","Not applicable","Not applicable, no appointment offered with anyone in practice","","Complete","85","1477510238","TRUE","TRUE","814","PA","","valid","Rural","Not accepting: unspecified","No appointment offered","","FALSE","FALSE","0.68","District 2","Middle Atlantic","0.5723","0.4754","0.6286","0.0742","0.7474","","","","3","18.3","4942","741","0.1499",""
"08043","Roesch","Dodds","Brian","CO","Canon City","81212","4","FALSE","ABO, NPI, ENT Health","all_three_agree","TRUE","719-275-3288","General","2026-06-05","FALSE","No-not specified why","Not applicable","Not applicable, no appointment offered with anyone in practice","","Complete","86","1922171776","TRUE","TRUE","719","CO","","valid","Rural","Not accepting: unspecified","No appointment offered","","FALSE","FALSE","0.83","District 7","Mountain/Southwest","0.5819","0.5239","0.5828","0.3216","0.6828","15860","Cañon City, CO","Micropolitan Statistical Area","2","4.07","13534","2196","0.1623",""
"45079","Roesch","Abram","Adam","SC","Columbia","29203","1","FALSE","ABO, NPI but not ENT Health","aboto_nppes_disagree_enthealth_missing","TRUE","803-761-7592","Facial Plastics","2026-06-05","FALSE","No-not specified why","Not applicable","Not applicable, no appointment offered with anyone in practice","","Complete","87","1649230632","TRUE","TRUE","803","SC","","valid","Urban","Not accepting: unspecified","No appointment offered","","FALSE","FALSE","0.89","District 4","Southeast","0.86","0.8215","0.7507","0.8887","0.7009","17900","Columbia, SC","Metropolitan Statistical Area","16","3.84","76480","12368","0.1617","3943.47423550414"
"39101","Roesch","Collazo","Antonio","OH","Marion","43302","4","FALSE","ABO, NPI, ENT Health","all_three_agree","TRUE","740-383-8060","General","2026-06-05","FALSE","No-not specified why","Not applicable","Not applicable, no appointment offered with anyone in practice","","Complete","88","1013967371","TRUE","TRUE","740","OH","","valid","Rural","Not accepting: unspecified","No appointment offered","","FALSE","FALSE","0.63","District 5","Midwest","0.505","0.5195","0.5975","0.2182","0.5069","32020","Marion, OH","Micropolitan Statistical Area","3","4.59","14995","2843","0.1896",""
"53033","Roesch","Burkhead","Steven","WA","Covington","98042","1","FALSE","ABO, NPI but not ENT Health","aboto_nppes_agree_enthealth_missing","TRUE","253-372-7115","General","2026-06-05","TRUE","Yes","Yes","Yes","2026-06-29","Complete","89","1134310162","TRUE","TRUE","253","WA","","valid","Urban","Accepting","With sampled physician","15","TRUE","TRUE","0.64","District 8","Pacific","0.2788","0.2207","0.3975","0.5215","0.3442","42660","Seattle-Tacoma-Bellevue, WA","Metropolitan Statistical Area","153","6.79","360943","57362","0.1589","2219.59967329526"
"22001","Roesch","Petitjean","Mark","LA","Crowley","70526","4","FALSE","ABO, NPI, ENT Health","all_three_agree","TRUE","337-261-6415","General","2026-06-12","TRUE","Yes","Yes","No-but appointment offered with different physician","2026-08-31","Complete","90","1902888019","TRUE","TRUE","337","LA","","valid","Rural","Accepting","With different physician","54","TRUE","FALSE","0.64","District 4","Southeast","0.7212","0.7517","0.7274","0.3721","0.5974","29180","Lafayette, LA","Metropolitan Statistical Area","4","6.94","13075","3810","0.2914","4668.26232712188"
"21111","Roesch","Horton","Joshua","KY","Louisville","40202","4","FALSE","ABO, NPI, ENT Health","all_three_agree","TRUE","502-629-2500","Head and Neck Cancer","2026-06-05","TRUE","Yes","Yes","Not applicable, no appointment offered with anyone in practice","","Complete","91","1992153076","TRUE","TRUE","502","KY","","valid","Rural","Accepting","No appointment offered","","FALSE","FALSE","0.69","District 4","Southeast","0.8277","0.7916","0.4319","0.7083","0.9377","31140","Louisville/Jefferson County, KY-IN","Metropolitan Statistical Area","48","6.16","161143","23838","0.1479","3460.94967946345"
"42039","Roesch","White","Peter","PA","Meadville","16335","4","TRUE","ABO, NPI, ENT Health","all_three_agree","TRUE","814-373-3070","General","2026-06-12","FALSE","No-not specified why","Not applicable","Not applicable, no appointment offered with anyone in practice","","Complete","92","1225036270","TRUE","TRUE","814","PA","","valid","Rural","Not accepting: unspecified","No appointment offered","","FALSE","FALSE","0.68","District 2","Middle Atlantic","0.5013","0.4505","0.6703","0.1328","0.5712","32740","Meadville, PA","Micropolitan Statistical Area","2","2.38","22797","3860","0.1693",""
"18037","Roesch","Moss","Richard","IN","Jasper","47546","4","FALSE","ABO, NPI but not ENT Health","aboto_nppes_agree_enthealth_missing","TRUE","812-634-6666","Facial Plastics","2026-06-05","FALSE","No-not specified why","Not applicable","Not applicable, no appointment offered with anyone in practice","","Complete","93","1326097619","TRUE","TRUE","812","IN","","valid","Rural","Not accepting: unspecified","No appointment offered","","FALSE","FALSE","0.96","District 5","Midwest","0.3691","0.2601","0.4025","0.1297","0.6384","27540","Jasper, IN","Micropolitan Statistical Area","3","6.88","10335","1108","0.1072",""
"39061","Roesch","Burkart","Collin","OH","Cincinnati","45219","1","FALSE","ABO, NPI but not ENT Health","aboto_nppes_agree_enthealth_missing","TRUE","513-421-5558","General","2026-06-05","TRUE","Yes","Yes","Yes","2026-06-08","Complete","94","1851502140","TRUE","TRUE","513","OH","","valid","Urban","Accepting","With sampled physician","1","TRUE","TRUE","0.63","District 5","Midwest","0.5303","0.7759","0.1227","0.4794","0.7151","17140","Cincinnati, OH-KY-IN","Metropolitan Statistical Area","79","9.54","161716","28515","0.1763","1652.48674989113"
"54083","Roesch","Cross","Jenny","WV","Elkins","26241","4","FALSE","ABO, NPI, ENT Health","all_three_agree","TRUE","304-637-6302","General","2026-06-05","FALSE","No-not specified why","Not applicable","Not applicable, no appointment offered with anyone in practice","","Complete","95","1487858775","TRUE","TRUE","304","WV","","valid","Rural","Not accepting: unspecified","No appointment offered","","FALSE","FALSE","0.82","District 3","Mid-Atlantic/Southeast","0.5935","0.629","0.3263","0.1342","0.8097","21180","Elkins, WV","Micropolitan Statistical Area","1","3.57","7443","1535","0.2062",""
"36035","Roesch","Paddock","Bradley","NY","Gloversville","12078","4","FALSE","ABO, NPI, ENT Health","aboto_enthealth_agree_nppes_disagree","TRUE","518-725-8656","General","2026-06-05","TRUE","No-practice is full but physician does still see established patients","Not applicable","No-but appointment offered with different physician","","Complete","96","1649230012","TRUE","TRUE","518","NY","","valid","Rural","Not accepting: practice full","With different physician","","FALSE","FALSE","0.76","District 2","Middle Atlantic","0.5171","0.59","0.397","0.2234","0.5757","24100","Gloversville, NY","Micropolitan Statistical Area","1","1.88","14146","4180","0.2955",""
"51121","Roesch","Bowman","Michael","VA","Blacksburg","24060","4","FALSE","ABO, NPI but not ENT Health","aboto_nppes_agree_enthealth_missing","TRUE","540-443-7400","Facial Plastics","2026-06-05","FALSE","No-not specified why","Not applicable","Not applicable, no appointment offered with anyone in practice","","Complete","97","1376510073","TRUE","TRUE","540","VA","","valid","Rural","Not accepting: unspecified","No appointment offered","","FALSE","FALSE","0.83","District 3","Mid-Atlantic/Southeast","0.2572","0.4037","0.0994","0.306","0.4865","13980","Blacksburg-Christiansburg, VA","Metropolitan Statistical Area","4","4.03","15440","1800","0.1166","5049.19636440092"
"37135","Roesch","Thompson","Nicholas","NC","Chapel Hill","27514","1","FALSE","ABO, NPI, ENT Health","nppes_enthealth_agree_aboto_disagree","TRUE","984-974-6484","Otology/neurotology","2026-06-09","FALSE","No-not specified why","Not applicable","Not applicable, no appointment offered with anyone in practice","","Complete","98","1508210923","TRUE","TRUE","984","NC","","valid","Urban","Not accepting: unspecified","No appointment offered","","FALSE","FALSE","0.82","District 3","Mid-Atlantic/Southeast","0.3862","0.3422","0.2625","0.5422","0.6416","20500","Durham-Chapel Hill, NC","Metropolitan Statistical Area","25","17.13","28715","2408","0.0839","5322.14972483732"
"48375","Roesch","Weinheimer","Wyatt","TX","Amarillo","79124","1","FALSE","ABO, NPI, ENT Health","all_three_agree","","806-355-9999","General","2026-06-09","TRUE","Yes","Yes","Yes","2026-06-08","Complete","99","1235499534","TRUE","TRUE","806","TX","","valid","Urban","Accepting","With sampled physician","","TRUE","TRUE","0.63","District 6","Central","0.3722","0.2767","0.3522","0.3775","0.5994","11100","Amarillo, TX","Metropolitan Statistical Area","4","3.39","20247","3600","0.1778","5100.4525285034"
"48201","Roesch","Ho","Tang","TX","Houston","77030","1","FALSE","ABO, NPI but not ENT Health","aboto_nppes_disagree_enthealth_missing","TRUE","713-486-5019","Facial Plastics","2026-06-09","TRUE","Yes","Yes","Yes","2026-06-15","Complete","100","1770755308","TRUE","TRUE","713","TX","","valid","Urban","Accepting","With sampled physician","4","TRUE","TRUE","0.63","District 6","Central","0.3657","0.3063","0.0952","0.6222","0.7287","26420","Houston-The Woodlands-Sugar Land, TX","Metropolitan Statistical Area","229","4.85","649936","101124","0.1556","2267.03553574242"
"17199","Roesch","Mann","David","IL","Herrin","62948","4","FALSE","ABO, NPI, ENT Health","all_three_agree","TRUE","618-993-0307","General","2026-06-09","TRUE","Yes","Yes","Yes","2026-01-05","Complete","101","1386739670","TRUE","TRUE","618","IL","","valid","Rural","Accepting","With sampled physician","","TRUE","TRUE","0.63","District 5","Midwest","0.4402","0.4947","0.5196","0.1951","0.467","16060","Carbondale-Marion, IL","Metropolitan Statistical Area","1","1.49","16029","3004","0.1874",""
"29099","Roesch","Grimm","Mark","MO","Fenton","63026","1","FALSE","ABO, NPI but not ENT Health","aboto_nppes_agree_enthealth_missing","TRUE","417-888-5696","General","2026-06-09","FALSE","No-not specified why","Not applicable","Not applicable, no appointment offered with anyone in practice","","Complete","102","1942271689","TRUE","TRUE","417","MO","","valid","Urban","Not accepting: unspecified","No appointment offered","","FALSE","FALSE","0.86","District 6","Central","0.341","0.3478","0.4422","0.1863","0.435","41180","St. Louis, MO-IL","Metropolitan Statistical Area","2","0.88","48967","4945","0.101","2705.99244132492"
"24031","Roesch","Taylor","Joseph","MD","Silver Spring","20903","1","FALSE","ABO, NPI but not ENT Health","aboto_nppes_agree_enthealth_missing","TRUE","301-439-4427","General","2026-06-09","FALSE","No-not specified why","Not applicable","Not applicable, no appointment offered with anyone in practice","","Complete","103","1679756902","TRUE","TRUE","301","MD","","valid","Urban","Not accepting: unspecified","No appointment offered","","FALSE","FALSE","0.95","District 3","Mid-Atlantic/Southeast","0.9016","0.8921","0.6685","0.9073","0.8399","47900","Washington-Arlington-Alexandria, DC-VA-MD-WV","Metropolitan Statistical Area","57","5.39","194760","23038","0.1183","1110.8637569665"
"45055","Roesch","Ossoff","Jacob","SC","Lugoff","29078","4","FALSE","ABO, NPI but not ENT Health","aboto_nppes_agree_enthealth_missing","TRUE","803-408-3277","General","2026-06-09","FALSE","No-changed practices","Not applicable","No-but appointment offered with different physician","2026-06-12","Complete","104","1073958989","TRUE","TRUE","803","SC","","valid","Rural","Not accepting: changed practice","With different physician","3","TRUE","FALSE","0.89","District 4","Southeast","0.4223","0.4703","0.4683","0.4457","0.3752","17900","Columbia, SC","Metropolitan Statistical Area","6","9.12","17933","2683","0.1496","3943.47423550414"
"06055","Roesch","Montague","Glenda","CA","Napa","94558","1","FALSE","ABO, NPI but not ENT Health","aboto_nppes_agree_enthealth_missing","TRUE","707-251-3608","General","2026-06-12","FALSE","No-not specified why","Not applicable","Not applicable, no appointment offered with anyone in practice","","Complete","105","1043508872","TRUE","TRUE","707","CA","","valid","Urban","Not accepting: unspecified","No appointment offered","","FALSE","FALSE","0.67","District 8","Pacific","0.5677","0.4413","0.6299","0.5925","0.6154","34900","Napa, CA","Metropolitan Statistical Area","5","3.64","32039","5548","0.1732","5296.77582850727"
"19049","Roesch","Rinehart","Richard","IA","West des Moines","50266","1","FALSE","ABO, NPI but not ENT Health","aboto_nppes_agree_enthealth_missing","TRUE","515-875-9450","General","2026-06-09","TRUE","No-changed practices","Not applicable","No-but appointment offered with different physician","2026-06-18","Complete","106","1932195997","TRUE","TRUE","515","IA","","valid","Urban","Not accepting: changed practice","With different physician","7","TRUE","FALSE","0.77","District 5","Midwest","0.1445","0.1518","0.16","0.3206","0.2934","19780","Des Moines-West Des Moines, IA","Metropolitan Statistical Area","11","10.96","15321","1318","0.086","4535.89938421889"
"22017","Roesch","Yim","Michael","LA","Shreveport","71103","1","FALSE","ABO, NPI, ENT Health","all_three_agree","TRUE","318-626-2690","Rhinology","2026-06-09","TRUE","Yes","Yes","Not applicable, no appointment offered with anyone in practice","","Complete","107","1073959508","TRUE","TRUE","318","LA","","valid","Urban","Accepting","No appointment offered","","FALSE","FALSE","0.64","District 4","Southeast","0.8407","0.8897","0.6268","0.8772","0.6119","43340","Shreveport-Bossier City, LA","Metropolitan Statistical Area","26","11","52706","14340","0.2721","3790.22867355045"
"48423","Roesch","Hardee","Monica","TX","Tyler","75703","1","FALSE","ABO, NPI but not ENT Health","aboto_nppes_agree_enthealth_missing","TRUE","903-592-5601","General","2026-06-12","FALSE","No-not specified why","Not applicable","Not applicable, no appointment offered with anyone in practice","","Complete","108","1285609883","TRUE","TRUE","903","TX","","valid","Urban","Not accepting: unspecified","No appointment offered","","FALSE","FALSE","0.63","District 6","Central","0.3917","0.4133","0.4199","0.4605","0.4119","46340","Tyler, TX","Metropolitan Statistical Area","15","6.39","52119","5742","0.1102","4588.84955498088"
"06073","Roesch","Weissbrod","Philip","CA","San Diego","92103","1","FALSE","ABO, NPI, ENT Health","all_three_agree","TRUE","858-249-4070","Laryngology","2026-06-12","FALSE","No-not specified why","Not applicable","Not applicable, no appointment offered with anyone in practice","","Complete","109","1366590853","TRUE","TRUE","858","CA","","valid","Urban","Not accepting: unspecified","No appointment offered","","FALSE","FALSE","0.67","District 8","Pacific","0.3416","0.2796","0.2702","0.504","0.5957","41740","San Diego-Chula Vista-Carlsbad, CA","Metropolitan Statistical Area","162","4.92","611811","126952","0.2075","2224.8729430868"
"19103","Roesch","Andrews","Brian","IA","Iowa City","52242","1","FALSE","ABO, NPI, ENT Health","nppes_enthealth_agree_aboto_disagree","TRUE","319-356-3574","Facial Plastics","2026-06-12","TRUE","Yes","No","No-but appointment offered with different physician","2026-08-10","Complete","110","1245449701","TRUE","TRUE","319","IA","","valid","Urban","Accepting","With different physician","39","TRUE","FALSE","0.77","District 5","Midwest","0.4822","0.6553","0.0081","0.3729","0.8991","26980","Iowa City, IA","Metropolitan Statistical Area","31","20.21","25281","2863","0.1132","9839.39951654192"
"36029","Roesch","Buck","Steven","NY","Buffalo","14221","1","FALSE","ABO, NPI but not ENT Health","aboto_nppes_agree_enthealth_missing","TRUE","716-883-6800","General","2026-06-12","TRUE","No-retired or no longer practicing medicine","Not applicable","Not applicable, no appointment offered with anyone in practice","","Complete","111","1932197449","TRUE","TRUE","716","NY","","valid","Urban","Not accepting: retired/left","No appointment offered","","FALSE","FALSE","0.76","District 2","Middle Atlantic","0.2264","0.1494","0.4186","0.2554","0.398","15380","Buffalo-Cheektowaga, NY","Metropolitan Statistical Area","32","3.36","215696","46383","0.215","3580.10213201939"
"33001","Roesch","Stevens","Patrick","NH","Laconia","03246","4","TRUE","ABO, NPI but not ENT Health","aboto_nppes_agree_enthealth_missing","TRUE","603-238-2209","Rhinology","2026-06-12","FALSE","No-not specified why","Not applicable","Not applicable, no appointment offered with anyone in practice","","Complete","112","1992024533","TRUE","TRUE","603","NH","","valid","Rural","Not accepting: unspecified","No appointment offered","","FALSE","FALSE","0.73","District 1","New England","0.6125","0.5057","0.6621","0.1071","0.8016","29060","Laconia, NH","Micropolitan Statistical Area","6","9.39","21114","1869","0.0885",""
"51191","Roesch","Neal","Jeffrey","VA","Abingdon","24210","1","FALSE","ABO, NPI but not ENT Health","aboto_nppes_agree_enthealth_missing","TRUE","276-628-9547","General","2026-06-12","TRUE","No-on leave of absence (like parental leave)","Not applicable","No-but appointment offered with different physician","2026-08-26","Complete","113","1942384433","TRUE","TRUE","276","VA","","valid","Urban","Not accepting: on leave","With different physician","51","TRUE","FALSE","0.83","District 3","Mid-Atlantic/Southeast","0.4975","0.521","0.4159","0.1147","0.623","28700","Kingsport-Bristol, TN-VA","Metropolitan Statistical Area","5","9.26","15950","2103","0.1318","10000"
"42129","Roesch","Ali","Abu","PA","Jeannette","15644","1","FALSE","ABO, NPI but not ENT Health","aboto_nppes_agree_enthealth_missing","TRUE","724-836-2839","General","2026-06-12","FALSE","No-not specified why","Not applicable","Not applicable, no appointment offered with anyone in practice","","Complete","114","1376801688","TRUE","TRUE","724","PA","","valid","Urban","Not accepting: unspecified","No appointment offered","","FALSE","FALSE","0.68","District 2","Middle Atlantic","0.3399","0.3788","0.3809","0.1839","0.4182","38300","Pittsburgh, PA","Metropolitan Statistical Area","6","1.69","101533","12354","0.1217","2891.96306455552"
"06075","Roesch","Dewyer","Nicholas","CA","San Francisco","94115","1","FALSE","ABO, NPI, ENT Health","aboto_enthealth_agree_nppes_disagree","TRUE","415-600-0151","Otology/neurotology","2026-06-12","FALSE","No-not specified why","Not applicable","Not applicable, no appointment offered with anyone in practice","","Complete","115","1154671089","TRUE","TRUE","415","CA","","valid","Urban","Not accepting: unspecified","No appointment offered","","FALSE","FALSE","0.67","District 8","Pacific","0.468","0.2883","0.3186","0.6387","0.8335","41860","San Francisco-Oakland-Berkeley, CA","Metropolitan Statistical Area","68","7.99","158399","56242","0.3551","1665.90502828119"
"36047","Roesch","Ruffy","Mauro","NY","Brooklyn","11201","1","FALSE","ABO, NPI but not ENT Health","aboto_nppes_agree_enthealth_missing","TRUE","718-287-0007","General","2026-06-12","TRUE","No-on leave of absence (like parental leave)","Not applicable","No-but appointment offered with different physician","2026-07-22","Complete","116","1528047800","TRUE","TRUE","718","NY","","valid","Urban","Not accepting: on leave","With different physician","26","TRUE","FALSE","0.76","District 2","Middle Atlantic","0.3995","0.229","0.2089","0.5648","0.8782","35620","New York-Newark-Jersey City, NY-NJ-PA","Metropolitan Statistical Area","48","1.79","407755","210752","0.5169","675.82644634067"
"36089","Roesch","Frey","Mark","NY","Canton","13617","7","FALSE","ABO, NPI but not ENT Health","aboto_nppes_agree_enthealth_missing","TRUE","315-261-5810","General","2026-06-12","TRUE","Yes","Yes","Yes","2026-09-21","Complete","117","1336116797","TRUE","TRUE","315","NY","","valid","Rural","Accepting","With sampled physician","68","TRUE","TRUE","0.76","District 2","Middle Atlantic","0.4944","0.4248","0.3458","0.1796","0.7809","36300","Ogdensburg-Massena, NY","Micropolitan Statistical Area","3","2.76","25120","6747","0.2686",""
"27171","Roesch","Schularick","Nathan","MN","Buffalo","55313","2","FALSE","ABO, NPI, ENT Health","all_three_agree","TRUE","612-871-1144","General","2026-06-12","FALSE","No-not specified why","Not applicable","Not applicable, no appointment offered with anyone in practice","","Complete","118","1649590076","TRUE","TRUE","612","MN","","valid","Urban","Not accepting: unspecified","No appointment offered","","FALSE","FALSE","0.74","District 5","Midwest","0.3664","0.274","0.4784","0.1204","0.6003","33460","Minneapolis-St. Paul-Bloomington, MN-WI","Metropolitan Statistical Area","1","0.7","25657","2226","0.0868","2446.00113133122"
"01033","Roesch","McGarrah","Pamela","AL","Sheffield","35660","1","FALSE","ABO, NPI, ENT Health","all_three_agree","TRUE","256-381-6673","General","2026-06-12","TRUE","Yes","Yes","Yes","2026-09-30","Complete","119","1407957129","TRUE","TRUE","256","AL","","valid","Urban","Accepting","With sampled physician","75","TRUE","TRUE","0.92","District 4","Southeast","0.6323","0.656","0.745","0.4345","0.4375","22520","Florence-Muscle Shoals, AL","Metropolitan Statistical Area","2","3.49","14588","2916","0.1999","5720.66949492209"
"36001","Roesch","Hughes","Robert","NY","Albany","12206","1","FALSE","ABO, NPI, ENT Health","all_three_agree","TRUE","518-701-2000","General","2026-06-12","FALSE","No-not specified why","Not applicable","Not applicable, no appointment offered with anyone in practice","","Complete","120","1407842248","TRUE","TRUE","518","NY","","valid","Urban","Not accepting: unspecified","No appointment offered","","FALSE","FALSE","0.76","District 2","Middle Atlantic","0.8733","0.8711","0.7841","0.8047","0.7535","10580","Albany-Schenectady-Troy, NY","Metropolitan Statistical Area","20","6.35","66109","12715","0.1923","3966.21943351813"
"29071","Roesch","McIlwaine","James","MO","Washington","63090","4","FALSE","ABO, NPI, ENT Health","all_three_agree","TRUE","636-390-1570","General","2026-06-15","FALSE","No-not specified why","Not applicable","Not applicable, no appointment offered with anyone in practice","","Complete","121","1558352443","TRUE","TRUE","636","MO","","valid","Rural","Not accepting: unspecified","No appointment offered","","FALSE","FALSE","0.86","District 6","Central","0.2622","0.2946","0.2948","0.1151","0.4256","41180","St. Louis, MO-IL","Metropolitan Statistical Area","1","0.95","27150","2941","0.1083","2705.99244132492"
"16027","Roesch","Affleck","Brian","ID","Nampa","83686","1","FALSE","ABO, NPI, ENT Health","all_three_agree","TRUE","208-884-2980","General","2026-06-15","FALSE","No-retired or no longer practicing medicine","Not applicable","Not applicable, no appointment offered with anyone in practice","","Complete","122","1386633824","TRUE","TRUE","208","ID","","valid","Urban","Not accepting: retired/left","No appointment offered","","FALSE","FALSE","0.94","District 8","Pacific","0.3711","0.3728","0.4147","0.4159","0.3951","14260","Boise City, ID","Metropolitan Statistical Area","2","0.85","48132","7725","0.1605","4574.29153521168"
"39109","Roesch","Adam","Jeffery","OH","Troy","45373","4","FALSE","ABO, NPI but not ENT Health","aboto_nppes_agree_enthealth_missing","TRUE","937-440-7872","General","2026-06-15","FALSE","No-not specified why","Not applicable","Not applicable, no appointment offered with anyone in practice","","Complete","123","1326019613","TRUE","TRUE","937","OH","","valid","Rural","Not accepting: unspecified","No appointment offered","","FALSE","FALSE","0.63","District 5","Midwest","0.2724","0.2933","0.4358","0.2018","0.3065","19430","Dayton-Kettering, OH","Metropolitan Statistical Area","2","1.84","25990","3237","0.1245","5030.27401955208"
"54053","Roesch","Wade","John","WV","Point Pleasant","25550","5","FALSE","ABO, NPI but not ENT Health","aboto_nppes_agree_enthealth_missing","TRUE","304-675-1244","General","2026-06-15","FALSE","No-not specified why","Not applicable","Not applicable, no appointment offered with anyone in practice","","Complete","124","1215066873","TRUE","TRUE","304","WV","","valid","Rural","Not accepting: unspecified","No appointment offered","","FALSE","FALSE","0.82","District 3","Mid-Atlantic/Southeast","0.4724","0.4155","0.5175","0.0681","0.6762","38580","Point Pleasant, WV-OH","Micropolitan Statistical Area","1","3.92","6695","1337","0.1997",""
"36047","Roesch","Goldsmith","Ari","NY","Brooklyn","11209","1","FALSE","ABO, NPI, ENT Health","aboto_nppes_agree_enthealth_disagree","TRUE","718-833-0515","Pediatrics","2026-06-15","TRUE","No-changed practices","Not applicable","No-but appointment offered with different physician","2026-06-16","Complete","125","1295754539","TRUE","TRUE","718","NY","","valid","Urban","Not accepting: changed practice","With different physician","1","TRUE","FALSE","0.76","District 2","Middle Atlantic","0.6709","0.5627","0.5391","0.5594","0.8059","35620","New York-Newark-Jersey City, NY-NJ-PA","Metropolitan Statistical Area","48","1.79","407755","210752","0.5169","675.82644634067"
"46013","Roesch","Cihak","Robert","SD","Aberdeen","57401","4","FALSE","ABO, NPI, ENT Health","aboto_nppes_agree_enthealth_disagree","TRUE","605-622-5506","General","2026-06-15","TRUE","Yes","Yes","Yes","2026-07-09","Complete","126","1528039765","TRUE","TRUE","605","SD","","valid","Rural","Accepting","With sampled physician","16","TRUE","TRUE","0.91","District 6","Central","0.4841","0.386","0.4543","0.2727","0.7138","10100","Aberdeen, SD","Micropolitan Statistical Area","1","2.61","8470","925","0.1092",""
"48361","Roesch","Hah","Wilbur","TX","Orange","77630","4","FALSE","ABO, NPI but not ENT Health","aboto_nppes_agree_enthealth_missing","TRUE","409-883-5600","Facial Plastics","2026-06-15","FALSE","No-retired or no longer practicing medicine","Not applicable","Not applicable, no appointment offered with anyone in practice","","Complete","127","1043327943","TRUE","TRUE","409","TX","","valid","Rural","Not accepting: retired/left","No appointment offered","","FALSE","FALSE","0.63","District 6","Central","0.6074","0.5837","0.7395","0.4257","0.5449","13140","Beaumont-Port Arthur, TX","Metropolitan Statistical Area","1","1.18","17150","2071","0.1208","4097.91396858848"
"12063","Roesch","Consiglio","Angelo","FL","Marianna","32446","8","FALSE","ABO, NPI but not ENT Health","aboto_nppes_agree_enthealth_missing","TRUE","850-372-4070","General","2026-06-15","TRUE","Yes","Yes","Yes","2026-06-22","Complete","128","1396791638","TRUE","TRUE","850","FL","","valid","Rural","Accepting","With sampled physician","4","TRUE","TRUE","0.64","District 4","Southeast","0.5851","0.5192","0.6404","0.473","0.583","","","","1","2.1","12161","2575","0.2117",""
"48201","Roesch","Shen","Jing","TX","Houston","77070","1","FALSE","ABO, NPI, ENT Health","all_three_agree","TRUE","281-649-7200","General","2026-06-15","TRUE","Yes","Yes","Yes","2026-06-16","Complete","129","1508908971","TRUE","TRUE","281","TX","","valid","Urban","Accepting","With sampled physician","1","TRUE","TRUE","0.63","District 6","Central","0.6646","0.6809","0.6889","0.7418","0.4699","26420","Houston-The Woodlands-Sugar Land, TX","Metropolitan Statistical Area","229","4.85","649936","101124","0.1556","2267.03553574242"
"31055","Roesch","Moore","Gary","NE","Omaha","68114","1","FALSE","ABO, NPI, ENT Health","aboto_nppes_agree_enthealth_disagree","TRUE","402-502-6970","Otology/neurotology","2026-06-15","FALSE","No-not specified why","Not applicable","Not applicable, no appointment offered with anyone in practice","","Complete","130","1730160854","TRUE","TRUE","402","NE","","valid","Urban","Not accepting: unspecified","No appointment offered","","FALSE","FALSE","1.01","District 6","Central","0.3685","0.3137","0.4323","0.3323","0.5068","36540","Omaha-Council Bluffs, NE-IA","Metropolitan Statistical Area","46","7.9","100441","13919","0.1386","3302.47646003749"
"47065","Roesch","Lord","Christopher","TN","Hixson","37343","1","FALSE","ABO, NPI, ENT Health","all_three_agree","TRUE","423-267-6738","General","2026-06-19","TRUE","Yes","Yes","Yes","2026-07-08","Complete","131","1497165070","TRUE","TRUE","423","TN","","valid","Urban","Accepting","With sampled physician","11","TRUE","TRUE","","District 4","Southeast","0.3706","0.3065","0.6127","0.2825","0.4114","16860","Chattanooga, TN-GA","Metropolitan Statistical Area","17","4.63","82012","11278","0.1375","3507.81528667396"
"37049","Roesch","Phillips","Michael","NC","New Bern","28562","4","FALSE","ABO, NPI but not ENT Health","aboto_nppes_agree_enthealth_missing","TRUE","252-638-2515","General","2026-06-19","TRUE","No-not specified why","Not applicable","No-but appointment offered with different physician","2026-07-02","Complete","132","1417919044","TRUE","TRUE","252","NC","","valid","Rural","Not accepting: unspecified","With different physician","8","TRUE","FALSE","0.82","District 3","Mid-Atlantic/Southeast","0.4743","0.3847","0.5078","0.4421","0.562","35100","New Bern, NC","Metropolitan Statistical Area","10","9.89","28064","3603","0.1284",""
"18011","Roesch","Warrick","Paul","IN","Lebanon","46052","4","FALSE","ABO, NPI, ENT Health","all_three_agree","TRUE","765-485-8340","General","2026-06-19","TRUE","Yes","Yes","Yes","2026-07-15","Complete","133","1790770097","TRUE","TRUE","765","IN","","valid","Rural","Accepting","With sampled physician","16","TRUE","TRUE","0.96","District 5","Midwest","0.3942","0.416","0.4492","0.1446","0.5001","26900","Indianapolis-Carmel-Anderson, IN","Metropolitan Statistical Area","3","4.21","14007","1381","0.0986","1963.74743223321"
"36053","Roesch","Dubin","Stephen","NY","Oneida","13421","4","FALSE","ABO, NPI but not ENT Health","aboto_nppes_agree_enthealth_missing","TRUE","315-363-5421","General","2026-06-19","TRUE","No-changed practices","Not applicable","Not applicable, no appointment offered with anyone in practice","","Complete","134","1205839370","TRUE","TRUE","315","NY","","valid","Rural","Not accepting: changed practice","No appointment offered","","FALSE","FALSE","0.76","District 2","Middle Atlantic","0.4302","0.3718","0.5168","0.1273","0.6044","45060","Syracuse, NY","Metropolitan Statistical Area","2","2.94","16479","3243","0.1968","3031.64828081992"
"48231","Roesch","Graham","Camille","TX","Greenville","75401","4","FALSE","ABO, NPI, ENT Health","all_three_agree","TRUE","903-454-6481","General","2026-06-19","TRUE","Yes","Yes","Yes","2026-07-16","Complete","135","1720003569","TRUE","TRUE","903","TX","","valid","Rural","Accepting","With sampled physician","17","TRUE","TRUE","0.63","District 6","Central","0.8277","0.811","0.8249","0.6118","0.6868","19100","Dallas-Fort Worth-Arlington, TX","Metropolitan Statistical Area","3","2.95","20689","2729","0.1319","1622.88265198409"
"08005","Roesch","Kelsall","David","CO","Englewood","80113","1","FALSE","ABO, NPI, ENT Health","aboto_nppes_agree_enthealth_disagree","TRUE","303-783-9220","Otology/neurotology","2026-06-19","FALSE","No-not specified why","Not applicable","Not applicable, no appointment offered with anyone in practice","","Complete","136","1538219969","TRUE","TRUE","303","CO","","valid","Urban","Not accepting: unspecified","No appointment offered","","FALSE","FALSE","0.83","District 7","Mountain/Southwest","0.3162","0.3121","0.1911","0.3545","0.4719","19740","Denver-Aurora-Lakewood, CO","Metropolitan Statistical Area","22","3.36","106795","13536","0.1267","2231.73710758552"
"27145","Roesch","Hanson","Ronald","MN","Saint Cloud","56303","1","FALSE","ABO, NPI, ENT Health","all_three_agree","TRUE","320-252-0233","Facial Plastics","2026-06-19","FALSE","No-not specified why","Not applicable","Not applicable, no appointment offered with anyone in practice","","Complete","137","1972564987","TRUE","TRUE","320","MN","","valid","Urban","Not accepting: unspecified","No appointment offered","","FALSE","FALSE","0.74","District 5","Midwest","0.5356","0.402","0.596","0.322","0.685","41060","St. Cloud, MN","Metropolitan Statistical Area","8","5.04","32178","3116","0.0968","10000"
"13135","Roesch","Raja","Mukund","GA","Lawrenceville","30046","1","FALSE","ABO, NPI but not ENT Health","aboto_nppes_agree_enthealth_missing","TRUE","770-962-0220","General","2026-06-19","FALSE","No-not specified why","Not applicable","Not applicable, no appointment offered with anyone in practice","","Complete","138","1871601229","TRUE","TRUE","770","GA","","valid","Urban","Not accepting: unspecified","No appointment offered","","FALSE","FALSE","0.83","District 4","Southeast","0.739","0.7888","0.644","0.817","0.5716","12060","Atlanta-Sandy Springs-Alpharetta, GA","Metropolitan Statistical Area","21","2.19","127798","22612","0.1769","2026.24940839798"
"06083","Roesch","Seltzer","David","CA","Solvang","93463","4","FALSE","ABO, NPI but not ENT Health","aboto_nppes_agree_enthealth_missing","TRUE","805-618-1242","General","2026-06-19","FALSE","No-not specified why","Not applicable","Not applicable, no appointment offered with anyone in practice","","Complete","139","1154345494","TRUE","TRUE","805","CA","","valid","Rural","Not accepting: unspecified","No appointment offered","","FALSE","FALSE","0.67","District 8","Pacific","0.5765","0.3626","0.4942","0.4985","0.8201","42200","Santa Maria-Santa Barbara, CA","Metropolitan Statistical Area","19","4.27","85399","16010","0.1875","4519.49368365775"
"33009","Roesch","Seo","Sarah","NH","Lebanon","03756","4","FALSE","ABO, NPI, ENT Health","all_three_agree","TRUE","603-650-8123","General","2026-06-19","TRUE","Yes","Yes","Yes","2026-08-26","Complete","140","1003081597","TRUE","TRUE","603","NH","","valid","Rural","Accepting","With sampled physician","46","TRUE","TRUE","0.73","District 1","New England","","","","","","30100","Lebanon, NH-VT","Micropolitan Statistical Area","16","17.61","25085","1968","0.0785",""
"13279","Roesch","Johnson","Robert","GA","Vidalia","30474","4","TRUE","ABO, NPI but not ENT Health","aboto_nppes_agree_enthealth_missing","TRUE","912-537-3384","General","2026-06-19","FALSE","No-not specified why","Not applicable","Not applicable, no appointment offered with anyone in practice","","Complete","141","1093887820","TRUE","TRUE","912","GA","","valid","Rural","Not accepting: unspecified","No appointment offered","","FALSE","FALSE","0.83","District 4","Southeast","0.6883","0.7357","0.5994","0.5571","0.5896","47080","Vidalia, GA","Micropolitan Statistical Area","2","7.42","5993","1874","0.3127",""
"24003","Roesch","King","Peter","MD","Annapolis","21401","1","FALSE","ABO, NPI, ENT Health","all_three_agree","TRUE","410-266-3900","General","2026-06-22","FALSE","No-not specified why","Not applicable","Not applicable, no appointment offered with anyone in practice","","Complete","142","1760656540","TRUE","TRUE","410","MD","","valid","Urban","Not accepting: unspecified","No appointment offered","","FALSE","FALSE","0.95","District 3","Mid-Atlantic/Southeast","0.3838","0.2554","0.4112","0.4156","0.6334","12580","Baltimore-Columbia-Towson, MD","Metropolitan Statistical Area","29","4.93","107924","9188","0.0851","1829.69208221703"
"27137","Roesch","Johnson","James","MN","Virginia","55792","4","FALSE","ABO, NPI but not ENT Health","aboto_nppes_agree_enthealth_missing","TRUE","218-741-0150","General","2026-06-22","TRUE","No-retired or no longer practicing medicine","Not applicable","Not applicable, no appointment offered with anyone in practice","","Complete","143","1568495422","TRUE","TRUE","218","MN","","valid","Rural","Not accepting: retired/left","No appointment offered","","FALSE","FALSE","0.74","District 5","Midwest","0.5952","0.4429","0.6992","0.1331","0.7971","20260","Duluth, MN-WI","Metropolitan Statistical Area","11","5.5","51147","6640","0.1298","4702.045719586"
"39063","Roesch","McBeath","Evan","OH","Findlay","45840","4","FALSE","ABO, NPI, ENT Health","all_three_agree","TRUE","419-423-5492","General","2026-06-22","FALSE","No-not specified why","Not applicable","Not applicable, no appointment offered with anyone in practice","","Complete","144","1538301163","TRUE","TRUE","419","OH","","valid","Rural","Not accepting: unspecified","No appointment offered","","FALSE","FALSE","0.63","District 5","Midwest","0.4027","0.374","0.4702","0.229","0.5277","22300","Findlay, OH","Micropolitan Statistical Area","4","5.33","16469","2042","0.124",""
"12086","Roesch","Civantos","Francisco","FL","Miami","33136","1","FALSE","ABO, NPI, ENT Health","all_three_agree","TRUE","305-243-0940","Head and Neck Cancer","2026-06-22","TRUE","Yes","Yes","Not applicable, no appointment offered with anyone in practice","","Complete","145","1174549224","TRUE","TRUE","305","FL","","valid","Urban","Accepting","No appointment offered","","FALSE","FALSE","0.64","District 4","Southeast","0.8956","0.9251","0.7157","0.928","0.8489","33100","Miami-Fort Lauderdale-Pompano Beach, FL","Metropolitan Statistical Area","95","3.53","514389","224760","0.4369","1246.01736914087"
"41019","Roesch","Owens","David","OR","Roseburg","97471","4","FALSE","ABO, NPI but not ENT Health","aboto_nppes_agree_enthealth_missing","TRUE","541-672-5377","General","2026-06-22","FALSE","No-not specified why","Not applicable","Not applicable, no appointment offered with anyone in practice","","Complete","146","1982688099","TRUE","TRUE","541","OR","","valid","Rural","Not accepting: unspecified","No appointment offered","","FALSE","FALSE","0.88","District 8","Pacific","0.6047","0.4682","0.7176","0.2687","0.715","40700","Roseburg, OR","Micropolitan Statistical Area","4","3.59","36282","7235","0.1994",""
"18083","Roesch","Jacob","Sarah","IN","Vincennes","47591","4","FALSE","ABO, NPI, ENT Health","all_three_agree","TRUE","812-473-2060","General","2026-06-22","TRUE","Yes","Yes","Yes","2026-09-16","Complete","147","1336463272","TRUE","TRUE","812","IN","","valid","Rural","Accepting","With sampled physician","60","TRUE","TRUE","0.96","District 5","Midwest","0.5308","0.4765","0.596","0.1768","0.6376","47180","Vincennes, IN","Micropolitan Statistical Area","1","2.77","8421","1738","0.2064",""
"34027","Roesch","Byrd","Serena","NJ","Florham Park","07932","1","FALSE","ABO, NPI but not ENT Health","aboto_nppes_agree_enthealth_missing","TRUE","973-404-9958","Head and Neck Cancer","2026-06-22","TRUE","No-on leave of absence (like parental leave)","Not applicable","No-but appointment offered with different physician","2026-07-08","Complete","148","1831450071","TRUE","TRUE","973","NJ","","valid","Urban","Not accepting: on leave","With different physician","11","TRUE","FALSE","0.61","District 2","Middle Atlantic","0.2014","0.0941","0.2264","0.4457","0.43","35620","New York-Newark-Jersey City, NY-NJ-PA","Metropolitan Statistical Area","24","4.72","104528","8484","0.0812","675.82644634067"
"48265","Roesch","Killian","Thomas","TX","Kerrville","78028","4","FALSE","ABO, NPI but not ENT Health","aboto_nppes_agree_enthealth_missing","FALSE","","General","","","No-retired or no longer practicing medicine","Not applicable","Not applicable, no appointment offered with anyone in practice","","Complete","149","1790948156","TRUE","FALSE","","","","missing","Rural","Not accepting: retired/left","No appointment offered","","FALSE","FALSE","0.63","District 6","Central","0.6403","0.6133","0.597","0.4955","0.6454","28500","Kerrville, TX","Micropolitan Statistical Area","3","5.68","17893","1212","0.0677",""
"27111","Roesch","Porter","William","MN","Fergus Falls","56537","4","FALSE","ABO, NPI but not ENT Health","aboto_nppes_agree_enthealth_missing","TRUE","218-736-8000","General","2026-06-22","TRUE","No-changed practices","Not applicable","No-but appointment offered with different physician","2026-07-29","Complete","150","1801886445","TRUE","TRUE","218","MN","","valid","Rural","Not accepting: changed practice","With different physician","26","TRUE","FALSE","0.74","District 5","Midwest","0.5148","0.4175","0.5425","0.1213","0.7244","22260","Fergus Falls, MN","Micropolitan Statistical Area","2","3.33","17870","1800","0.1007",""
"48187","Roesch","Goodwin","Jason","TX","Seguin","78155","4","FALSE","ABO, NPI, ENT Health","all_three_agree","TRUE","803-379-0299","General","2026-06-25","TRUE","Yes","Yes","Yes","2026-07-22","Complete","151","1972737237","TRUE","TRUE","803","SC","","valid","Rural","Accepting","With sampled physician","18","TRUE","TRUE","0.63","District 6","Central","0.7189","0.6269","0.7056","0.6927","0.694","41700","San Antonio-New Braunfels, TX","Metropolitan Statistical Area","4","2.3","33173","3056","0.0921","3211.30893739928"
"12099","Roesch","Loney","Deborah","FL","West Palm Beach","33411","1","FALSE","ABO, NPI but not ENT Health","aboto_nppes_disagree_enthealth_missing","TRUE","561-793-5077","General","2026-06-25","FALSE","No-not specified why","Not applicable","Not applicable, no appointment offered with anyone in practice","","Complete","152","1356658595","TRUE","TRUE","561","FL","","valid","Urban","Not accepting: unspecified","No appointment offered","","FALSE","FALSE","0.64","District 4","Southeast","0.5388","0.5057","0.624","0.6744","0.4419","33100","Miami-Fort Lauderdale-Pompano Beach, FL","Metropolitan Statistical Area","65","4.35","365815","47098","0.1287","1246.01736914087"
"36027","Roesch","Cohen","Jason","NY","Poughkeepsie","12601","1","FALSE","ABO, NPI, ENT Health","all_three_agree","TRUE","845-471-4086","General","2026-06-25","TRUE","No-retired or no longer practicing medicine","Not applicable","No-but appointment offered with different physician","2026-06-29","Complete","153","1851401152","TRUE","TRUE","845","NY","","valid","Urban","Not accepting: retired/left","With different physician","2","TRUE","FALSE","0.76","District 2","Middle Atlantic","0.6672","0.6463","0.5601","0.634","0.6875","39100","Poughkeepsie-Newburgh-Middletown, NY","Metropolitan Statistical Area","10","3.37","67711","11332","0.1674",""
"33015","Roesch","Ihm","Peter","NH","Exeter","03833","4","FALSE","ABO, NPI, ENT Health","all_three_agree","TRUE","1-800-439-3837","General","2026-06-25","TRUE","Yes","Yes","Yes","2026-08-25","Complete","154","1285691030","TRUE","TRUE","800","toll-free","","valid","Rural","Accepting","With sampled physician","42","TRUE","TRUE","0.73","District 1","New England","0.2674","0.1548","0.2555","0.1579","0.6434","14460","Boston-Cambridge-Newton, MA-NH","Metropolitan Statistical Area","9","2.86","81562","4989","0.0612","2023.04610416402"
"17031","Roesch","Kern","Robert","IL","Chicago","60611","1","FALSE","ABO, NPI, ENT Health","all_three_agree","TRUE","312-695-8182","General","2026-06-25","TRUE","Yes","Yes","Yes","2026-07-20","Complete","155","1033149992","TRUE","TRUE","312","IL","","valid","Urban","Accepting","With sampled physician","16","TRUE","TRUE","0.63","District 5","Midwest","0.1694","0.1063","0.0499","0.5244","0.6993","16980","Chicago-Naperville-Elgin, IL-IN-WI","Metropolitan Statistical Area","215","4.11","878119","194550","0.2216","984.990361026572"
"39119","Roesch","Rojewski","Thomas","OH","Zanesville","43701","4","FALSE","ABO, NPI, ENT Health","aboto_nppes_agree_enthealth_disagree","TRUE","740-454-0158","Sleep","2026-06-30","TRUE","Yes","No","Yes","2026-07-02","Complete","156","1215096854","TRUE","TRUE","740","OH","","valid","Rural","Accepting","With sampled physician","2","TRUE","TRUE","0.63","District 5","Midwest","0.5439","0.5541","0.5982","0.1943","0.5589","49780","Zanesville, OH","Micropolitan Statistical Area","3","3.47","21946","4779","0.2178",""
"55097","Roesch","Thielman","Michael","WI","Stevens Point","54481","4","FALSE","ABO, NPI, ENT Health","all_three_agree","TRUE","715-346-5000","General","2026-06-25","TRUE","Yes","Yes","Yes","2026-07-27","Complete","157","1881722239","TRUE","TRUE","715","WI","","valid","Rural","Accepting","With sampled physician","21","TRUE","TRUE","0.66","District 5","Midwest","0.4055","0.442","0.2583","0.2006","0.6276","44620","Stevens Point, WI","Micropolitan Statistical Area","3","4.27","16089","1606","0.0998",""
"48139","Roesch","Jassin","Basem","TX","Ennis","75119","4","FALSE","ABO, NPI but not ENT Health","aboto_nppes_agree_enthealth_missing","TRUE","972-875-9700","General","2026-06-30","FALSE","No-not specified why","Not applicable","Not applicable, no appointment offered with anyone in practice","","Complete","158","1336124130","TRUE","TRUE","972","TX","","valid","Rural","Not accepting: unspecified","No appointment offered","","FALSE","FALSE","0.63","District 6","Central","0.6678","0.6307","0.7344","0.6554","0.5267","19100","Dallas-Fort Worth-Arlington, TX","Metropolitan Statistical Area","3","1.53","37036","3416","0.0922","1622.88265198409"
"17031","Roesch","Han","Sehjin","IL","Chicago","60611","1","FALSE","ABO, NPI but not ENT Health","aboto_nppes_disagree_enthealth_missing","TRUE","312-877-5522","Facial Plastics","2026-06-30","TRUE","Yes","Yes","Yes","2026-07-06","Complete","159","1114005600","TRUE","TRUE","312","IL","","valid","Urban","Accepting","With sampled physician","3","TRUE","TRUE","0.63","District 5","Midwest","0.1694","0.1063","0.0499","0.5244","0.6993","16980","Chicago-Naperville-Elgin, IL-IN-WI","Metropolitan Statistical Area","215","4.11","878119","194550","0.2216","984.990361026572"
"29189","Roesch","Kletzker","George","MO","Chesterfield","63017","1","FALSE","ABO, NPI but not ENT Health","aboto_nppes_agree_enthealth_missing","TRUE","636-449-5377","General","2026-06-30","FALSE","No-not specified why","Not applicable","Not applicable, no appointment offered with anyone in practice","","Complete","160","1417959479","TRUE","TRUE","636","MO","","valid","Urban","Not accepting: unspecified","No appointment offered","","FALSE","FALSE","0.86","District 6","Central","0.1587","0.0809","0.3275","0.3831","0.3666","41180","St. Louis, MO-IL","Metropolitan Statistical Area","49","4.9","225734","24654","0.1092","2705.99244132492"
"17031","Roesch","Johnston","Douglas","IL","Chicago","60611","1","FALSE","ABO, NPI, ENT Health","all_three_agree","TRUE","800-543-7362","Pediatrics","2026-06-30","TRUE","Yes","Yes","Yes","2026-09-08","Complete","161","1659581262","TRUE","TRUE","800","toll-free","","valid","Urban","Accepting","With sampled physician","48","TRUE","TRUE","0.63","District 5","Midwest","0.1694","0.1063","0.0499","0.5244","0.6993","16980","Chicago-Naperville-Elgin, IL-IN-WI","Metropolitan Statistical Area","215","4.11","878119","194550","0.2216","984.990361026572"
"48215","Roesch","Lynn-Macrae","Alastair","TX","McAllen","78503","1","FALSE","ABO, NPI but not ENT Health","aboto_nppes_disagree_enthealth_missing","TRUE","956-362-7020","Sleep","2026-07-01","TRUE","No-retired or no longer practicing medicine","Not applicable","No-but appointment offered with different physician","2026-12-16","Complete","162","1437133055","TRUE","TRUE","956","TX","","valid","Urban","Not accepting: retired/left","With different physician","115","TRUE","FALSE","0.63","District 6","Central","0.7551","0.8116","0.8046","0.9629","0.3432","32580","McAllen-Edinburg-Mission, TX","Metropolitan Statistical Area","12","1.37","122876","46611","0.3793","2834.7803931312"
"42105","Roesch","Prince","Beverly","PA","Coudersport","16915","10","FALSE","ABO, NPI but not ENT Health","aboto_nppes_agree_enthealth_missing","TRUE","814-274-9300","Facial Plastics","2026-06-30","TRUE","No-changed practices","Not applicable","Not applicable, no appointment offered with anyone in practice","","Complete","163","1912973314","TRUE","TRUE","814","PA","","valid","Rural","Not accepting: changed practice","No appointment offered","","FALSE","FALSE","0.68","District 2","Middle Atlantic","0.5723","0.4754","0.6286","0.0742","0.7474","","","","3","18.3","4942","741","0.1499",""
"06059","Roesch","Haddad","Nazih","CA","Newport Beach","92660","1","FALSE","ABO, NPI but not ENT Health","aboto_nppes_agree_enthealth_missing","TRUE","714-919-5883","Facial Plastics","2026-07-01","FALSE","No-not specified why","Not applicable","Not applicable, no appointment offered with anyone in practice","","Complete","164","1649275637","TRUE","TRUE","714","CA","","valid","Urban","Not accepting: unspecified","No appointment offered","","FALSE","FALSE","0.67","District 8","Pacific","0.2714","0.229","0.3031","0.4183","0.46","31080","Los Angeles-Long Beach-Anaheim, CA","Metropolitan Statistical Area","101","3.18","591778","128882","0.2178","645.954567429514"
"36061","Roesch","Slavit","David","NY","New York","10021","1","FALSE","ABO, NPI, ENT Health","all_three_agree","TRUE","212-517-9177","General","2026-06-30","FALSE","No-retired or no longer practicing medicine","Not applicable","Not applicable, no appointment offered with anyone in practice","","Complete","165","1134212400","TRUE","TRUE","212","NY","","valid","Urban","Not accepting: retired/left","No appointment offered","","FALSE","FALSE","0.76","District 2","Middle Atlantic","0.2917","0.1271","0.1549","0.3194","0.7766","35620","New York-Newark-Jersey City, NY-NJ-PA","Metropolitan Statistical Area","235","14.28","297725","118473","0.3979","675.82644634067"
"42093","Roesch","Stavrides","Kevin","PA","Danville","17822","7","FALSE","ABO, NPI, ENT Health","all_three_agree","TRUE","800-275-6401","General","2026-06-30","TRUE","Yes","Yes","Yes","2026-08-01","Complete","166","1467806570","TRUE","TRUE","800","toll-free","","valid","Rural","Accepting","With sampled physician","22","TRUE","TRUE","0.68","District 2","Middle Atlantic","0.613","0.2973","0.7904","0.3227","0.8777","14100","Bloomsburg-Berwick, PA","Metropolitan Statistical Area","17","93.59","4773","639","0.1339",""
"17119","Roesch","Fierstein","Jeffrey","IL","Granite City","62040","1","FALSE","ABO, NPI but not ENT Health","aboto_nppes_agree_enthealth_missing","TRUE","618-288-8500","General","2026-07-01","TRUE","No-retired or no longer practicing medicine","Not applicable","Yes","2026-08-12","Complete","167","1740259043","TRUE","TRUE","618","IL","","valid","Urban","Not accepting: retired/left","With sampled physician","29","TRUE","TRUE","0.63","District 5","Midwest","0.5323","0.5922","0.6333","0.3512","0.4154","41180","St. Louis, MO-IL","Metropolitan Statistical Area","3","1.13","59632","8673","0.1454","2705.99244132492"
"48245","Roesch","Duplan","Don","TX","Port Arthur","77640","1","FALSE","ABO, NPI but not ENT Health","aboto_nppes_agree_enthealth_missing","TRUE","409-722-5000","General","2026-07-01","FALSE","No-retired or no longer practicing medicine","Not applicable","Not applicable, no appointment offered with anyone in practice","","Complete","168","1598763062","TRUE","TRUE","409","TX","","valid","Urban","Not accepting: retired/left","No appointment offered","","FALSE","FALSE","0.63","District 6","Central","0.7826","0.8384","0.7622","0.8522","0.4131","13140","Beaumont-Port Arthur, TX","Metropolitan Statistical Area","9","3.53","45952","8038","0.1749","4097.91396858848"
"06001","Roesch","Epstein","Gordon","CA","Fremont","94538","1","FALSE","ABO, NPI but not ENT Health","aboto_nppes_agree_enthealth_missing","TRUE","510-498-2814","General","2026-07-01","FALSE","No-not specified why","Not applicable","Not applicable, no appointment offered with anyone in practice","","Complete","169","1992741268","TRUE","TRUE","510","CA","","valid","Urban","Not accepting: unspecified","No appointment offered","","FALSE","FALSE","0.67","District 8","Pacific","0.4476","0.2213","0.3239","0.8644","0.7151","41860","San Francisco-Oakland-Berkeley, CA","Metropolitan Statistical Area","59","3.55","273738","69038","0.2522","1665.90502828119"
"39095","Roesch","Toma","Vincent","OH","Toledo","43623","1","FALSE","ABO, NPI, ENT Health","all_three_agree","TRUE","419-931-6128","General","2026-07-01","TRUE","Yes","Yes","Yes","2026-08-19","Complete","170","1790786671","TRUE","TRUE","419","OH","","valid","Urban","Accepting","With sampled physician","34","TRUE","TRUE","0.63","District 5","Midwest","0.4252","0.5113","0.5846","0.3498","0.3041","45780","Toledo, OH","Metropolitan Statistical Area","11","2.56","92150","18300","0.1986","3848.36318355019"
"06083","Roesch","VandeGriend","Zachary","CA","Santa Maria","93454","1","FALSE","ABO, NPI, ENT Health","all_three_agree","TRUE","805-541-2368","General","2026-07-01","TRUE","Yes","Yes","Yes","2026-07-07","Complete","171","1477781193","TRUE","TRUE","805","CA","","valid","Urban","Accepting","With sampled physician","3","TRUE","TRUE","0.67","District 8","Pacific","0.7936","0.6935","0.8","0.8051","0.7136","42200","Santa Maria-Santa Barbara, CA","Metropolitan Statistical Area","19","4.27","85399","16010","0.1875","4519.49368365775"
"19103","Roesch","Reed","Michael","IA","Iowa City","52245","1","FALSE","ABO, NPI, ENT Health","all_three_agree","TRUE","319-351-5680","General","2026-07-01","TRUE","Yes","Yes","Yes","2026-07-16","Complete","172","1417183351","TRUE","TRUE","319","IA","","valid","Urban","Accepting","With sampled physician","10","TRUE","TRUE","0.77","District 5","Midwest","0.3055","0.3366","0.2272","0.2864","0.5373","26980","Iowa City, IA","Metropolitan Statistical Area","31","20.21","25281","2863","0.1132","9839.39951654192"
"45063","Roesch","Brackebusch","Joyce","SC","West Columbia","29169","1","FALSE","ABO, NPI but not ENT Health","aboto_nppes_agree_enthealth_missing","TRUE","803-936-7530","General","2026-07-01","TRUE","No-changed practices","Yes","No-but appointment offered with different physician","2026-07-13","Complete","173","1710065271","TRUE","TRUE","803","SC","","valid","Urban","Not accepting: changed practice","With different physician","7","TRUE","FALSE","0.89","District 4","Southeast","0.6441","0.5641","0.4719","0.5048","0.7818","17900","Columbia, SC","Metropolitan Statistical Area","14","4.73","66811","7694","0.1152","3943.47423550414"
"36111","Chow","Chaturvedi","Govind","NY","Kingston","12401","1","FALSE","ABO, NPI but not ENT Health","aboto_nppes_agree_enthealth_missing","","","","","","","","","","Incomplete","174","1710942644","TRUE","FALSE","","","","missing","Urban","","","","FALSE","","0.76","District 2","Middle Atlantic","0.6535","0.6395","0.582","0.4552","0.6679","28740","Kingston, NY","Metropolitan Statistical Area","2","1.1","44897","9243","0.2059","9720.33599529377"
"06041","Roesch","Newburger","Herbert","CA","Petaluma","94952","1","FALSE","ABO, NPI but not ENT Health","aboto_nppes_agree_enthealth_missing","TRUE","707-763-3153","General","2026-07-01","FALSE","No-not specified why","Not applicable","Not applicable, no appointment offered with anyone in practice","","Complete","175","1629314265","TRUE","TRUE","707","CA","","valid","Urban","Not accepting: unspecified","No appointment offered","","FALSE","FALSE","0.67","District 8","Pacific","0.4533","0.3474","0.4758","0.4058","0.5953","41860","San Francisco-Oakland-Berkeley, CA","Metropolitan Statistical Area","13","4.99","64128","6277","0.0979","1665.90502828119"
"01031","Roesch","McQueen","James","AL","Enterprise","36330","4","FALSE","ABO, NPI, ENT Health","all_three_agree","TRUE","334-393-6837","General","2026-07-01","TRUE","Yes","Yes","Yes","2026-07-22","Complete","176","1740268259","TRUE","TRUE","334","AL","","valid","Rural","Accepting","With sampled physician","14","TRUE","TRUE","0.92","District 4","Southeast","0.579","0.5701","0.7558","0.5381","0.4094","21460","Enterprise, AL","Micropolitan Statistical Area","3","5.6","11826","2182","0.1845",""
"25025","Roesch","Wijewickrama","Rohan","MA","Brighton","02135","1","FALSE","ABO, NPI, ENT Health","all_three_agree","TRUE","617-789-5004","Rhinology","2026-06-30","TRUE","Yes","Yes","Yes","2026-07-20","Complete","177","1720210800","TRUE","TRUE","617","MA","","valid","Urban","Accepting","With sampled physician","13","TRUE","TRUE","0.74","District 1","New England","0.4834","0.4197","0.2137","0.5524","0.7776","14460","Boston-Cambridge-Newton, MA-NH","Metropolitan Statistical Area","139","17.7","113713","50389","0.4431","2023.04610416402"
"54033","Roesch","Bryant","James","WV","Bridgeport","26330","4","FALSE","ABO, NPI but not ENT Health","aboto_nppes_agree_enthealth_missing","TRUE","304-622-2708","General","2026-06-30","TRUE","No-retired or no longer practicing medicine","Not applicable","Not applicable, no appointment offered with anyone in practice","","Complete","178","1497847651","TRUE","TRUE","304","WV","","valid","Rural","Not accepting: retired/left","No appointment offered","","FALSE","FALSE","0.82","District 3","Mid-Atlantic/Southeast","0.3504","0.2286","0.3991","0.1384","0.6565","17220","Clarksburg, WV","Micropolitan Statistical Area","3","4.55","16642","2929","0.176",""
"45055","Roesch","Vidrine","David","SC","Lugoff","29078","4","FALSE","ABO, NPI but not ENT Health","aboto_nppes_disagree_enthealth_missing","TRUE","803-736-3277","Pediatrics","2026-06-30","TRUE","Yes","Yes","Yes","2026-07-02","Complete","179","1447293121","TRUE","TRUE","803","SC","","valid","Rural","Accepting","With sampled physician","2","TRUE","TRUE","0.89","District 4","Southeast","0.4223","0.4703","0.4683","0.4457","0.3752","17900","Columbia, SC","Metropolitan Statistical Area","6","9.12","17933","2683","0.1496","3943.47423550414"
"42077","Roesch","Newby","Maxwell","PA","Allentown","18103","1","FALSE","ABO, NPI, ENT Health","all_three_agree","TRUE","610-402-7999","Pediatrics","2026-06-30","FALSE","No-not specified why","Not applicable","Not applicable, no appointment offered with anyone in practice","","Complete","180","1912448317","TRUE","TRUE","610","PA","","valid","Urban","Not accepting: unspecified","No appointment offered","","FALSE","FALSE","0.68","District 2","Middle Atlantic","0.6564","0.6354","0.6761","0.6334","0.5655","10900","Allentown-Bethlehem-Easton, PA-NJ","Metropolitan Statistical Area","11","2.94","80847","14277","0.1766","4702.01146978493"
"21021","Roesch","Wilson","Robert","KY","Danville","40422","4","FALSE","ABO, NPI but not ENT Health","aboto_nppes_agree_enthealth_missing","TRUE","859-236-0903","General","2026-07-01","FALSE","No-not specified why","Not applicable","Not applicable, no appointment offered with anyone in practice","","Complete","181","1861646374","TRUE","TRUE","859","KY","","valid","Rural","Not accepting: unspecified","No appointment offered","","FALSE","FALSE","0.69","District 4","Southeast","0.4794","0.5529","0.5406","0.2816","0.4004","19220","Danville, KY","Micropolitan Statistical Area","4","13.07","7452","1092","0.1465",""
"37183","Roesch","Overton","Lewis","NC","Raleigh","27610","1","FALSE","ABO, NPI, ENT Health","all_three_agree","TRUE","919-350-3277","Head and Neck Cancer","2026-07-01","TRUE","Yes","Yes","Yes","2026-07-08","Complete","182","1710323704","TRUE","TRUE","919","NC","","valid","Urban","Accepting","With sampled physician","4","TRUE","TRUE","0.82","District 3","Mid-Atlantic/Southeast","0.777","0.748","0.7007","0.8599","0.6673","39580","Raleigh-Cary, NC","Metropolitan Statistical Area","46","4.06","186558","18986","0.1018","4225.24118547584"
"36061","Roesch","Bennett","Garrett","NY","New York","10065","1","FALSE","ABO, NPI but not ENT Health","aboto_nppes_disagree_enthealth_missing","TRUE","212-980-2600","Facial Plastics","2026-06-30","FALSE","No-not specified why","Not applicable","Not applicable, no appointment offered with anyone in practice","","Complete","183","1689746752","TRUE","TRUE","212","NY","","valid","Urban","Not accepting: unspecified","No appointment offered","","FALSE","FALSE","0.76","District 2","Middle Atlantic","0.3111","0.1014","0.1966","0.4111","0.818","35620","New York-Newark-Jersey City, NY-NJ-PA","Metropolitan Statistical Area","235","14.28","297725","118473","0.3979","675.82644634067"
"42107","Roesch","Puzzi","Joseph","PA","Pottsville","17901","4","FALSE","ABO, NPI, ENT Health","all_three_agree","TRUE","570-621-5010","General","2026-07-01","TRUE","Yes","Yes","Not applicable, no appointment offered with anyone in practice","","Complete","184","1205829496","TRUE","TRUE","570","PA","","valid","Rural","Accepting","No appointment offered","","FALSE","FALSE","0.68","District 2","Middle Atlantic","0.4812","0.4947","0.5516","0.1453","0.5452","39060","Pottsville, PA","Micropolitan Statistical Area","3","2.09","37244","6282","0.1687",""
"39149","Roesch","Vietti","Michael","OH","Sidney","45365","4","TRUE","ABO, NPI, ENT Health","all_three_agree","TRUE","937-494-5242","General","2026-07-01","TRUE","Yes","Yes","Yes","2026-09-03","Complete","185","1811952658","TRUE","TRUE","937","OH","","valid","Rural","Accepting","With sampled physician","45","TRUE","TRUE","0.63","District 5","Midwest","0.4467","0.4607","0.5035","0.1655","0.5262","43380","Sidney, OH","Micropolitan Statistical Area","1","2.08","10282","1177","0.1145",""
"36061","Roesch","Lin","Fred","NY","New York","10029","1","FALSE","ABO, NPI, ENT Health","nppes_enthealth_agree_aboto_disagree","TRUE","212-241-9410","Sleep","2026-07-01","TRUE","Yes","Yes","Yes","2026-07-06","Complete","186","1104084904","TRUE","TRUE","212","NY","","valid","Urban","Accepting","With sampled physician","2","TRUE","TRUE","0.76","District 2","Middle Atlantic","0.9268","0.8663","0.7716","0.8685","0.9219","35620","New York-Newark-Jersey City, NY-NJ-PA","Metropolitan Statistical Area","235","14.28","297725","118473","0.3979","675.82644634067"
"40109","Roesch","Hunter","Paul","OK","Oklahoma City","73102","1","FALSE","ABO, NPI but not ENT Health","aboto_nppes_disagree_enthealth_missing","TRUE","405-272-6027","General","2026-07-01","FALSE","No-not specified why","Not applicable","Not applicable, no appointment offered with anyone in practice","","Complete","187","1528021912","TRUE","TRUE","405","OK","","valid","Urban","Not accepting: unspecified","No appointment offered","","FALSE","FALSE","0.94","District 6","Central","0.557","0.7333","0.0325","0.5945","0.7524","36420","Oklahoma City, OK","Metropolitan Statistical Area","47","5.91","145747","22826","0.1566","1903.76559233773"
"48453","Roesch","Lewis","Melba","TX","Austin","78746","1","FALSE","ABO, NPI, ENT Health","all_three_agree","TRUE","512-328-4999","General","2026-07-01","TRUE","Yes","Yes","Yes","2026-07-31","Complete","188","1831120021","TRUE","TRUE","512","TX","","valid","Urban","Accepting","With sampled physician","21","TRUE","TRUE","0.63","District 6","Central","0.1296","0.095","0.3244","0.4016","0.2315","12420","Austin-Round Rock-Georgetown, TX","Metropolitan Statistical Area","63","4.89","157523","16174","0.1027","4127.72221259079"
"50001","Roesch","Anderson","Kristofer","VT","Middlebury","05753","10","FALSE","ABO, NPI, ENT Health","all_three_agree","TRUE","802-388-7037","General","2026-07-01","TRUE","Yes","Yes","Yes","2026-10-28","Complete","189","1568479251","TRUE","TRUE","802","VT","","valid","Rural","Accepting","With sampled physician","82","TRUE","TRUE","0.87","District 1","New England","0.401","0.4085","0.3323","0.276","0.5732","","","","2","5.34","9946","1291","0.1298",""
"06037","Falk","Osborne","Ryan","CA","Los Angeles","90048","1","FALSE","ABO, NPI but not ENT Health","aboto_nppes_agree_enthealth_missing","TRUE","310-657-0123","Head and Neck Cancer","2026-06-16","TRUE","Yes","Yes","Yes","2026-06-23","Complete","190","1992880439","TRUE","TRUE","310","CA","","valid","Urban","Accepting","With sampled physician","4","TRUE","TRUE","0.67","District 8","Pacific","0.3741","0.3822","0.2168","0.4133","0.5613","31080","Los Angeles-Long Beach-Anaheim, CA","Metropolitan Statistical Area","391","3.93","1680860","546396","0.3251","645.954567429514"
"55079","Falk","Nordstrom","Michael","WI","Milwaukee","53220","1","FALSE","ABO, NPI, ENT Health","all_three_agree","FALSE","414-281-4466","General","2026-06-16","TRUE","Yes","Yes","Yes","2026-07-07","Complete","191","1376554832","TRUE","TRUE","414","WI","","valid","Urban","Accepting","With sampled physician","13","TRUE","TRUE","0.66","District 5","Midwest","0.4452","0.3518","0.5805","0.5253","0.4623","33340","Milwaukee-Waukesha, WI","Metropolitan Statistical Area","68","7.29","164559","40316","0.245","2942.33595720597"
"20173","Falk","Kryzer","Thomas","KS","Wichita","67206","1","FALSE","ABO, NPI but not ENT Health","aboto_nppes_agree_enthealth_missing","TRUE","316-686-6608","Otology/neurotology","","TRUE","No-retired or no longer practicing medicine","Not applicable","","","Complete","192","1194727453","TRUE","TRUE","316","KS","","valid","Urban","Not accepting: retired/left","","","FALSE","","0.69","District 6","Central","0.3792","0.3197","0.4802","0.4","0.4722","48620","Wichita, KS","Metropolitan Statistical Area","18","3.44","101698","13530","0.133","3951.50624971537"
"12057","Falk","Boyev","Kestutis","FL","Tampa","33612","1","FALSE","ABO, NPI, ENT Health","aboto_enthealth_agree_nppes_disagree","TRUE","813-821-8012","Otology/neurotology","2026-06-18","TRUE","Yes","Yes","Yes","2026-06-26","Complete","193","1730114380","TRUE","TRUE","813","FL","","valid","Urban","Accepting","With sampled physician","5","TRUE","TRUE","0.64","District 4","Southeast","0.8298","0.8496","0.7795","0.7957","0.7349","45300","Tampa-St. Petersburg-Clearwater, FL","Metropolitan Statistical Area","68","4.63","271268","55926","0.2062","2561.68657493039"
"48277","Falk","Erickson","Rick","TX","Paris","75460","4","FALSE","ABO, NPI, ENT Health","all_three_agree","TRUE","(903) 785-5800","General","2026-06-16","TRUE","Yes","Yes","Yes","2026-06-23","Complete","194","1457354367","TRUE","TRUE","903","TX","","valid","Rural","Accepting","With sampled physician","4","TRUE","TRUE","0.63","District 6","Central","0.8154","0.7686","0.8124","0.5645","0.7445","37580","Paris, TX","Micropolitan Statistical Area","2","3.99","11931","1887","0.1582",""
"53075","Falk","Goodrich","Timothy","WA","Pullman","99163","4","FALSE","ABO, NPI but not ENT Health","aboto_nppes_agree_enthealth_missing","TRUE","(509) 332-8843","General","2026-06-16","TRUE","Yes","Yes","Yes","2026-10-14","Complete","195","1598887861","TRUE","TRUE","509","WA","","valid","Rural","Accepting","With sampled physician","82","TRUE","TRUE","0.64","District 8","Pacific","0.5214","0.5402","0.1361","0.4423","0.8456","39420","Pullman, WA","Micropolitan Statistical Area","2","4.24","7021","985","0.1403",""
"36059","Falk","Danziger","Eliot","NY","Levittown","11756","1","FALSE","ABO, NPI but not ENT Health","aboto_nppes_disagree_enthealth_missing","FALSE","(516) 579-3050","General","2026-06-25","TRUE","No-not specified why","Not applicable","Not applicable, no appointment offered with anyone in practice","","Complete","196","1538127683","TRUE","TRUE","516","NY","","valid","Urban","Not accepting: unspecified","No appointment offered","","FALSE","FALSE","0.76","District 2","Middle Atlantic","0.1434","0.1878","0.2286","0.4791","0.1847","35620","New York-Newark-Jersey City, NY-NJ-PA","Metropolitan Statistical Area","73","5.25","298744","54539","0.1826","675.82644634067"
"17001","Falk","Doellman","Mary","IL","Quincy","62301","4","TRUE","ABO, NPI, ENT Health","all_three_agree","TRUE","(217) 222-6550","General","2026-06-16","TRUE","Yes","Yes","Yes","2026-07-17","Complete","197","1417117854","TRUE","TRUE","217","IL","","valid","Rural","Accepting","With sampled physician","21","TRUE","TRUE","0.63","District 5","Midwest","0.4621","0.4389","0.5338","0.2125","0.5528","39500","Quincy, IL-MO","Micropolitan Statistical Area","10","15.25","15736","2401","0.1526",""
"48231","Falk","Vora","Neil","TX","Greenville","75401","4","FALSE","ABO, NPI, ENT Health","all_three_agree","TRUE","903.454.6481","General","2026-06-18","TRUE","Yes","Yes","Yes","2026-07-08","Complete","198","1871525709","TRUE","TRUE","903","TX","","valid","Rural","Accepting","With sampled physician","12","TRUE","TRUE","0.63","District 6","Central","0.8277","0.811","0.8249","0.6118","0.6868","19100","Dallas-Fort Worth-Arlington, TX","Metropolitan Statistical Area","3","2.95","20689","2729","0.1319","1622.88265198409"
"27163","Falk","Wynings-Keaty","Erin","MN","Saint Paul","55125","1","FALSE","ABO, NPI but not ENT Health","aboto_nppes_agree_enthealth_missing","TRUE","(651) 702-0750","General","2026-06-18","TRUE","Yes","Yes","Yes","2026-07-02","Complete","199","1093212011","TRUE","TRUE","651","MN","","valid","Urban","Accepting","With sampled physician","9","TRUE","TRUE","0.74","District 5","Midwest","0.1955","0.1607","0.3023","0.3595","0.3015","33460","Minneapolis-St. Paul-Bloomington, MN-WI","Metropolitan Statistical Area","22","8.19","56881","4504","0.0792","2446.00113133122"
"51143","Falk","Zapanta","Philip","VA","Danville","24541","4","FALSE","ABO, NPI, ENT Health","all_three_agree","TRUE","(434) 792-0830","General","2026-06-18","TRUE","Yes","Yes","Yes","2026-09-28","Complete","200","1528008026","TRUE","TRUE","434","VA","","valid","Rural","Accepting","With sampled physician","69","TRUE","TRUE","0.83","District 3","Mid-Atlantic/Southeast","0.7046","0.7045","0.7396","0.6128","0.5386","19260","Danville, VA","Micropolitan Statistical Area","4","6.61","16164","2637","0.1631",""
"24005","Falk","Mumtaz","Anwar","MD","Halethorpe","21227","1","FALSE","ABO, NPI but not ENT Health","aboto_nppes_agree_enthealth_missing","TRUE","â€‹410-789-2800","General","2026-06-25","TRUE","Yes","Yes","Yes","2026-07-09","Complete","201","1639281736","TRUE","TRUE","410","MD","","valid","Urban","Accepting","With sampled physician","9","TRUE","TRUE","0.95","District 3","Mid-Atlantic/Southeast","0.4657","0.5539","0.527","0.5155","0.3189","12580","Baltimore-Columbia-Towson, MD","Metropolitan Statistical Area","31","3.64","172778","22921","0.1327","1829.69208221703"
"13009","Falk","Mathias","Brad","GA","Milledgeville","31061","5","FALSE","ABO, NPI but not ENT Health","aboto_nppes_agree_enthealth_missing","FALSE","(478) 240-2000","General","2026-06-25","TRUE","No-not specified why","Not applicable","Not applicable, no appointment offered with anyone in practice","","Complete","202","1649450586","TRUE","TRUE","478","GA","","valid","Rural","Not accepting: unspecified","No appointment offered","","FALSE","FALSE","0.83","District 4","Southeast","0.6622","0.6697","0.4511","0.6332","0.6629","33300","Milledgeville, GA","Micropolitan Statistical Area","2","4.57","9735","2154","0.2213",""
"23027","Falk","Miller","Karen","ME","Belfast","04915","7","FALSE","ABO, NPI but not ENT Health","aboto_nppes_agree_enthealth_missing","FALSE","(207) 338-2500","General","2026-06-18","TRUE","No-not specified why","Not applicable","Not applicable, no appointment offered with anyone in practice","2026-06-18","Complete","203","1386828960","TRUE","TRUE","207","ME","","valid","Rural","Not accepting: unspecified","No appointment offered","0","TRUE","FALSE","0.78","District 1","New England","0.6769","0.5551","0.7829","0.2176","0.7668","","","","1","2.51","12657","3614","0.2855",""
"06085","Falk","Blevins","Nikolas","CA","Stanford","94305","1","FALSE","ABO, NPI, ENT Health","aboto_enthealth_agree_nppes_disagree","TRUE","(650) 723-5281","Otology/neurotology","2026-06-23","TRUE","Yes","Yes","Not applicable, no appointment offered with anyone in practice","","Complete","204","1093863169","TRUE","TRUE","650","CA","","valid","Urban","Accepting","No appointment offered","","FALSE","FALSE","0.67","District 8","Pacific","0.4535","0.4349","0.0519","0.6669","0.8317","41940","San Jose-Sunnyvale-Santa Clara, CA","Metropolitan Statistical Area","133","6.94","306874","70635","0.2302","2149.93630005899"
"29019","Falk","Scheidt","Troy","MO","Columbia","65203","1","FALSE","ABO, NPI, ENT Health","all_three_agree","TRUE","(573) 214-2000","General","2026-06-18","TRUE","Yes","No","No-but appointment offered with different physician","2026-07-10","Complete","205","1619920097","TRUE","TRUE","573","MO","","valid","Urban","Accepting","With different physician","14","TRUE","FALSE","0.86","District 6","Central","0.2807","0.3142","0.3436","0.3502","0.3573","17860","Columbia, MO","Metropolitan Statistical Area","19","10.32","31939","4043","0.1266","5763.31178327404"
"48135","Falk","Levinger","Joshua","TX","Odessa","79761","1","FALSE","ABO, NPI, ENT Health","all_three_agree","FALSE","432-640-6360","General","2026-06-18","TRUE","No-changed practices","Not applicable","Not applicable, no appointment offered with anyone in practice","","Complete","206","1942456967","TRUE","TRUE","432","TX","","valid","Urban","Not accepting: changed practice","No appointment offered","","FALSE","FALSE","0.63","District 6","Central","0.8316","0.7923","0.6484","0.8458","0.798","36220","Odessa, TX","Metropolitan Statistical Area","5","3.08","21762","3505","0.1611","6326.33464025092"
"11001","Falk","Malekzadeh","Sonya","DC","Washington","20007","1","FALSE","ABO, NPI, ENT Health","all_three_agree","TRUE","202-444-8186","General","2026-06-18","TRUE","No-not specified why","Not applicable","Not applicable, no appointment offered with anyone in practice","","Complete","207","1861491409","TRUE","TRUE","202","DC","","valid","Urban","Not accepting: unspecified","No appointment offered","","FALSE","FALSE","0.81","District 3","Mid-Atlantic/Southeast","0.1386","0.0762","0.1142","0.4385","0.4906","47900","Washington-Arlington-Alexandria, DC-VA-MD-WV","Metropolitan Statistical Area","55","8.2","97164","23661","0.2435","1110.8637569665"
"48029","Falk","Fordham","Morgan","TX","San Antonio","78207","1","FALSE","ABO, NPI but not ENT Health","aboto_nppes_disagree_enthealth_missing","TRUE","210-704-3707","Pediatrics","2026-06-18","TRUE","Yes","Yes","Yes","2026-08-26","Complete","208","1558522615","TRUE","TRUE","210","TX","","valid","Urban","Accepting","With sampled physician","47","TRUE","TRUE","0.63","District 6","Central","0.9643","0.9773","0.8902","0.9488","0.7119","41700","San Antonio-New Braunfels, TX","Metropolitan Statistical Area","92","4.57","335213","56215","0.1677","3211.30893739928"
"13071","Falk","Daly","Scott","GA","Moultrie","31768","4","FALSE","ABO, NPI, ENT Health","all_three_agree","TRUE","229-891-3325","General","2026-06-18","TRUE","Yes","Yes","Yes","2026-07-06","Complete","209","1619917838","TRUE","TRUE","229","GA","","valid","Rural","Accepting","With sampled physician","10","TRUE","TRUE","0.83","District 4","Southeast","0.7669","0.776","0.8037","0.648","0.5295","34220","Moultrie, GA","Micropolitan Statistical Area","2","4.37","8953","2854","0.3188",""
"48339","Falk","Bailey","David","TX","Conroe","77384","1","TRUE","ABO, NPI but not ENT Health","aboto_nppes_agree_enthealth_missing","FALSE","936-266-2630","General","2026-06-25","TRUE","No-retired or no longer practicing medicine","Not applicable","Not applicable, no appointment offered with anyone in practice","","Complete","210","1548277882","TRUE","TRUE","936","TX","","valid","Urban","Not accepting: retired/left","No appointment offered","","FALSE","FALSE","0.63","District 6","Central","0.2665","0.2929","0.1432","0.4327","0.4176","26420","Houston-The Woodlands-Sugar Land, TX","Metropolitan Statistical Area","23","3.65","118401","9262","0.0782","2267.03553574242"
"32005","Falk","Bradford","Benjamin","NV","Stateline","89449","4","FALSE","ABO, NPI but not ENT Health","aboto_nppes_disagree_enthealth_missing","TRUE","(530) 721-6052","Facial Plastics","2026-06-15","TRUE","No-changed practices","","","","Complete","211","1629336128","TRUE","TRUE","530","CA","","valid","Rural","Not accepting: changed practice","","","FALSE","","0.9","District 7","Mountain/Southwest","0.1437","0.2863","0.0812","0.3582","0.1816","23820","Gardnerville Ranchos, NV","Micropolitan Statistical Area","1","2.02","18481","897","0.0485",""
"13247","Falk","Cote","Donald","GA","Conyers","30012","1","FALSE","ABO, NPI, ENT Health","all_three_agree","FALSE","(770) 922-5458","General","2026-06-18","TRUE","No-retired or no longer practicing medicine","Not applicable","No-but appointment offered with different physician","2026-07-08","Complete","212","1942302328","TRUE","TRUE","770","GA","","valid","Urban","Not accepting: retired/left","With different physician","12","TRUE","FALSE","0.83","District 4","Southeast","0.7262","0.8162","0.5406","0.7941","0.5329","12060","Atlanta-Sandy Springs-Alpharetta, GA","Metropolitan Statistical Area","4","4.27","17928","3242","0.1808","2026.24940839798"
"06073","Falk","Hirsch","Matthew","CA","Carlsbad","92009","1","FALSE","ABO, NPI but not ENT Health","aboto_nppes_agree_enthealth_missing","TRUE","760-334-5466","Facial Plastics","2026-06-15","TRUE","Yes","Yes","Yes","2026-06-17","Complete","213","1831331693","TRUE","TRUE","760","CA","","valid","Urban","Accepting","With sampled physician","2","TRUE","TRUE","0.67","District 8","Pacific","0.2769","0.2802","0.3665","0.4471","0.2816","41740","San Diego-Chula Vista-Carlsbad, CA","Metropolitan Statistical Area","162","4.92","611811","126952","0.2075","2224.8729430868"
"37183","Falk","Ferris","Robert","NC","Raleigh","27607","1","FALSE","ABO, NPI but not ENT Health","aboto_nppes_agree_enthealth_missing","TRUE","984-974-6486","Head and Neck Cancer","2026-06-25","TRUE","No-not specified why","Not applicable","Not applicable, no appointment offered with anyone in practice","","Complete","214","1851364509","TRUE","TRUE","984","NC","","valid","Urban","Not accepting: unspecified","No appointment offered","","FALSE","FALSE","0.82","District 3","Mid-Atlantic/Southeast","0.2949","0.448","0.0781","0.3667","0.5692","39580","Raleigh-Cary, NC","Metropolitan Statistical Area","46","4.06","186558","18986","0.1018","4225.24118547584"
"29095","Falk","Pavlovich","Andrew","MO","Lees Summit","64064","1","FALSE","ABO, NPI but not ENT Health","aboto_nppes_agree_enthealth_missing","FALSE","(816) 478-4200","Facial Plastics","2026-06-18","TRUE","No-not specified why","Not applicable","No-but appointment offered with different physician","2026-06-22","Complete","215","1013980614","TRUE","TRUE","816","MO","","valid","Urban","Not accepting: unspecified","With different physician","1","TRUE","FALSE","0.86","District 6","Central","0.1577","0.1272","0.4479","0.3011","0.1643","28140","Kansas City, MO-KS","Metropolitan Statistical Area","24","3.35","135024","20727","0.1535","1957.50126151696"
"08107","Falk","Wall","Maryann","CO","Steamboat Springs","80487","4","FALSE","ABO, NPI but not ENT Health","aboto_nppes_agree_enthealth_missing","FALSE","(970) 879-3200","General","2026-06-15","FALSE","","","Not applicable, no appointment offered with anyone in practice","","Complete","216","1528065695","TRUE","TRUE","970","CO","","valid","Rural","","No appointment offered","","FALSE","FALSE","0.83","District 7","Mountain/Southwest","0.2765","0.3134","0.2064","0.2933","0.4876","44460","Steamboat Springs, CO","Micropolitan Statistical Area","3","12.03","5060","241","0.0476",""
"36059","Falk","Mendelsohn","Michael","NY","Garden City","11530","1","FALSE","ABO, NPI, ENT Health","nppes_enthealth_agree_aboto_disagree","TRUE","516-222-1881","Pediatrics","2026-06-18","TRUE","Yes","Yes","Yes","2026-06-22","Complete","217","1285653535","TRUE","TRUE","516","NY","","valid","Urban","Accepting","With sampled physician","1","TRUE","TRUE","0.76","District 2","Middle Atlantic","0.1751","0.1355","0.2581","0.3213","0.3248","35620","New York-Newark-Jersey City, NY-NJ-PA","Metropolitan Statistical Area","73","5.25","298744","54539","0.1826","675.82644634067"
"45019","Falk","Noone","Michael","SC","Charleston","29414","1","FALSE","ABO, NPI, ENT Health","all_three_agree","TRUE","(843) 766-7103","General","2026-06-18","TRUE","Yes","Yes","Yes","2026-06-22","Complete","218","1376500504","TRUE","TRUE","843","SC","","valid","Urban","Accepting","With sampled physician","1","TRUE","TRUE","0.89","District 4","Southeast","0.3099","0.315","0.1758","0.4329","0.4854","16700","Charleston-North Charleston, SC","Metropolitan Statistical Area","62","15.13","84901","10003","0.1178","3197.52110387056"
"22001","Falk","Hebert","Richard","LA","Eunice","70535","4","FALSE","ABO, NPI but not ENT Health","aboto_nppes_agree_enthealth_missing","TRUE","337-550-8530","Pediatrics","2026-06-18","TRUE","Yes","Yes","Yes","2026-06-24","Complete","219","1396742235","TRUE","TRUE","337","LA","","valid","Rural","Accepting","With sampled physician","3","TRUE","TRUE","0.64","District 4","Southeast","0.7315","0.733","0.6801","0.4601","0.7033","29180","Lafayette, LA","Metropolitan Statistical Area","4","6.94","13075","3810","0.2914","4668.26232712188"
"51185","Falk","Jabourian","Zaven","VA","Richlands","24641","7","FALSE","ABO, NPI, ENT Health","all_three_agree","TRUE","2769647439","General","2026-06-18","TRUE","Yes","Yes","Yes","2026-07-08","Complete","220","1487758660","TRUE","TRUE","276","VA","","valid","Rural","Accepting","With sampled physician","12","TRUE","TRUE","0.83","District 3","Mid-Atlantic/Southeast","0.7044","0.7752","0.6573","0.008","0.7054","14140","Bluefield, WV-VA","Micropolitan Statistical Area","2","4.95","11790","2006","0.1701",""
"39145","Falk","Roa","Ricardo","OH","Portsmouth","45662","4","FALSE","ABO, NPI but not ENT Health","aboto_nppes_agree_enthealth_missing","TRUE","740-356-6836","General","2026-06-25","TRUE","Yes","Yes","Yes","2026-07-27","Complete","221","1700821907","TRUE","TRUE","740","OH","","valid","Rural","Accepting","With sampled physician","21","TRUE","TRUE","0.63","District 5","Midwest","0.6792","0.7494","0.6314","0.1786","0.636","39020","Portsmouth, OH","Micropolitan Statistical Area","1","1.36","17048","4249","0.2492",""
"37161","Falk","Scruggs","Michael","NC","Rutherfordton","28139","4","FALSE","ABO, NPI but not ENT Health","aboto_nppes_agree_enthealth_missing","FALSE","828-286-5335","General","2026-06-25","TRUE","No-retired or no longer practicing medicine","Not applicable","Not applicable, no appointment offered with anyone in practice","","Complete","222","1871573394","TRUE","TRUE","828","NC","","valid","Rural","Not accepting: retired/left","No appointment offered","","FALSE","FALSE","0.82","District 3","Mid-Atlantic/Southeast","0.5763","0.6088","0.5852","0.2657","0.5581","22580","Forest City, NC","Micropolitan Statistical Area","2","3.09","17541","3194","0.1821",""
"01073","Falk","Turner","Justin","AL","Birmingham","35233","1","FALSE","ABO, NPI, ENT Health","all_three_agree","TRUE","205-801-7801","Rhinology","2026-06-15","TRUE","Yes","Yes","Yes","2026-06-24","Complete","223","1215076807","TRUE","TRUE","205","AL","","valid","Urban","Accepting","With sampled physician","6","TRUE","TRUE","0.92","District 4","Southeast","0.6241","0.6799","0.057","0.6986","0.8894","13820","Birmingham-Hoover, AL","Metropolitan Statistical Area","60","8.93","138955","27828","0.2003","4257.37015192482"
"31111","Falk","Simpson","Roger","NE","North Platte","69101","4","FALSE","ABO, NPI but not ENT Health","aboto_nppes_agree_enthealth_missing","TRUE","(308) 532-6165","General","2026-06-15","TRUE","Yes","Yes","Yes","2026-07-07","Complete","224","1871585281","TRUE","TRUE","308","NE","","valid","Rural","Accepting","With sampled physician","14","TRUE","TRUE","1.01","District 6","Central","0.5638","0.5244","0.6664","0.2531","0.5775","35820","North Platte, NE","Micropolitan Statistical Area","3","8.69","8274","1056","0.1276",""
"37107","Falk","Cunningham","John","NC","Kinston","28501","4","FALSE","ABO, NPI but not ENT Health","aboto_nppes_disagree_enthealth_missing","FALSE","(252) 393-1220","General","2026-06-18","FALSE","","Not applicable","Not applicable, no appointment offered with anyone in practice","","Complete","225","1245215904","TRUE","TRUE","252","NC","","valid","Rural","","No appointment offered","","FALSE","FALSE","0.82","District 3","Mid-Atlantic/Southeast","0.8708","0.8424","0.8785","0.8209","0.6556","28820","Kinston, NC","Micropolitan Statistical Area","3","5.45","15284","4212","0.2756",""
"12005","Falk","Tran","Quang","FL","Panama City","32405","1","FALSE","ABO, NPI, ENT Health","all_three_agree","TRUE","(850) 769-0278","General","2026-06-25","TRUE","Yes","Yes","Yes","2026-07-06","Complete","226","1679516215","TRUE","TRUE","850","FL","","valid","Urban","Accepting","With sampled physician","6","TRUE","TRUE","0.64","District 4","Southeast","0.6673","0.526","0.8194","0.4574","0.696","37460","Panama City, FL","Metropolitan Statistical Area","6","3.31","43243","5559","0.1286","5200.69261226728"
"48265","Falk","Gnuechtel","Michael","TX","Kerrville","78028","4","FALSE","ABO, NPI, ENT Health","all_three_agree","TRUE","830-895-4443","General","2026-06-15","TRUE","Yes","Yes","Yes","2026-06-30","Complete","227","1033101902","TRUE","TRUE","830","TX","","valid","Rural","Accepting","With sampled physician","10","TRUE","TRUE","0.63","District 6","Central","0.6403","0.6133","0.597","0.4955","0.6454","28500","Kerrville, TX","Micropolitan Statistical Area","3","5.68","17893","1212","0.0677",""
"13285","Falk","Jones","James","GA","LaGrange","30240","4","FALSE","ABO, NPI but not ENT Health","aboto_nppes_agree_enthealth_missing","FALSE","706-882-9524","General","2026-06-25","TRUE","No-not specified why","Not applicable","Not applicable, no appointment offered with anyone in practice","","Complete","228","1598861692","TRUE","TRUE","706","GA","","valid","Rural","Not accepting: unspecified","No appointment offered","","FALSE","FALSE","0.83","District 4","Southeast","0.5827","0.5928","0.6351","0.4956","0.533","29300","LaGrange, GA-AL","Micropolitan Statistical Area","3","4.31","14610","3418","0.2339",""
"30083","Falk","Gutowski","Watson","MT","Sidney","59270","7","FALSE","ABO, NPI but not ENT Health","aboto_nppes_agree_enthealth_missing","FALSE","406-488-2380","Otology/neurotology","2026-06-23","TRUE","No-not specified why","Not applicable","Not applicable, no appointment offered with anyone in practice","","Complete","229","1639256688","TRUE","TRUE","406","MT","","valid","Rural","Not accepting: unspecified","No appointment offered","","FALSE","FALSE","1.32","District 7","Mountain/Southwest","0.4153","0.3685","0.3832","0.2249","0.6382","","","","2","17.6","2288","206","0.09",""
"55127","Falk","Le","Marissa","WI","Elkhorn","53121","4","FALSE","ABO, NPI, ENT Health","all_three_agree","TRUE","262-723-6811","General","2026-06-25","TRUE","Yes","Yes","Yes","2026-07-15","Complete","230","1326369901","TRUE","TRUE","262","WI","","valid","Rural","Accepting","With sampled physician","13","TRUE","TRUE","0.66","District 5","Midwest","0.2512","0.1931","0.3867","0.1966","0.419","48580","Whitewater, WI","Micropolitan Statistical Area","2","1.9","25179","2315","0.0919",""
"47093","Falk","Wheless","Stephen","TN","Knoxville","37916","1","FALSE","ABO, NPI, ENT Health","all_three_agree","TRUE","(865) 693-6065","General","2026-06-23","TRUE","Yes","Yes","Yes","2026-06-30","Complete","231","1649579996","TRUE","TRUE","865","TN","","valid","Urban","Accepting","With sampled physician","5","TRUE","TRUE","","District 4","Southeast","0.3526","0.6261","0.0056","0.3187","0.6559","28940","Knoxville, TN","Metropolitan Statistical Area","28","5.82","98526","13174","0.1337","3209.78328919957"
"11001","Falk","Bond","William","DC","Washington","20010","1","FALSE","ABO, NPI but not ENT Health","aboto_nppes_agree_enthealth_missing","TRUE","(202) 726-7770","General","2026-06-24","TRUE","Yes","Yes","Yes","2026-06-29","Complete","232","1730124041","TRUE","TRUE","202","DC","","valid","Urban","Accepting","With sampled physician","3","TRUE","TRUE","0.81","District 3","Mid-Atlantic/Southeast","0.6101","0.4759","0.3269","0.7346","0.8661","47900","Washington-Arlington-Alexandria, DC-VA-MD-WV","Metropolitan Statistical Area","55","8.2","97164","23661","0.2435","1110.8637569665"
"10003","Falk","Deutsch","Ellen","DE","Wilmington","19803","1","FALSE","ABO, NPI but not ENT Health","aboto_nppes_disagree_enthealth_missing","TRUE","(302) 651-4000","Pediatrics","2026-06-24","TRUE","No-changed practices","Not applicable","Not applicable, no appointment offered with anyone in practice","","Complete","233","1013008382","TRUE","TRUE","302","DE","","valid","Urban","Not accepting: changed practice","No appointment offered","","FALSE","FALSE","0.96","District 3","Mid-Atlantic/Southeast","0.1959","0.1707","0.4122","0.2689","0.3005","37980","Philadelphia-Camden-Wilmington, PA-NJ-DE-MD","Metropolitan Statistical Area","25","4.38","115190","17058","0.1481","1307.1063181523"
"41019","Falk","Scott","James","OR","Roseburg","97471","4","FALSE","ABO, NPI but not ENT Health","aboto_nppes_agree_enthealth_missing","FALSE","(541) 673-3259","General","2026-06-15","FALSE","","","Not applicable, no appointment offered with anyone in practice","","Complete","234","1619128246","TRUE","TRUE","541","OR","","valid","Rural","","No appointment offered","","FALSE","FALSE","0.88","District 8","Pacific","0.6047","0.4682","0.7176","0.2687","0.715","40700","Roseburg, OR","Micropolitan Statistical Area","4","3.59","36282","7235","0.1994",""
"19175","Falk","Hart","Joseph","IA","Creston","50801","7","FALSE","ABO, NPI, ENT Health","all_three_agree","FALSE","(641) 782-3887","General","2026-06-23","TRUE","No-not specified why","Not applicable","Not applicable, no appointment offered with anyone in practice","","Complete","235","1649224411","TRUE","TRUE","641","IA","","valid","Rural","Not accepting: unspecified","No appointment offered","","FALSE","FALSE","0.77","District 5","Midwest","0.5131","0.4549","0.5677","0.0748","0.6904","","","","1","8.26","3081","488","0.1584",""
"28071","Falk","Laurenzo","John","MS","Oxford","38655","4","FALSE","ABO, NPI, ENT Health","all_three_agree","TRUE","(662) 234-1337","General","2026-06-16","TRUE","Yes","Yes","Yes","2026-06-17","Complete","236","1700851615","TRUE","TRUE","662","MS","","valid","Rural","Accepting","With sampled physician","1","TRUE","TRUE","0.93","District 4","Southeast","0.3745","0.5149","0.2001","0.4511","0.457","37060","Oxford, MS","Micropolitan Statistical Area","3","5.34","9396","1550","0.165",""
"26003","Falk","Rudzinski","Walter","MI","Munising","49862","10","FALSE","ABO, NPI but not ENT Health","aboto_nppes_agree_enthealth_missing","FALSE","906-387-4338","General","2026-06-24","TRUE","No-retired or no longer practicing medicine","Not applicable","Not applicable, no appointment offered with anyone in practice","","Complete","237","1891768651","TRUE","TRUE","906","MI","","valid","Rural","Not accepting: retired/left","No appointment offered","","FALSE","FALSE","0.76","District 5","Midwest","0.4238","0.3313","0.3079","0.2895","0.729","","","","1","11.28","2841","291","0.1024",""
"39061","Falk","von Allmen","Douglas","OH","Cincinnati","45229","1","FALSE","ABO, NPI but not ENT Health","aboto_nppes_agree_enthealth_missing","TRUE","513-636-3200","Pediatrics","2026-06-16","TRUE","Yes","Yes","Yes","2026-07-17","Complete","238","1720407133","TRUE","TRUE","513","OH","","valid","Urban","Accepting","With sampled physician","21","TRUE","TRUE","0.63","District 5","Midwest","0.7403","0.7602","0.535","0.7914","0.7379","17140","Cincinnati, OH-KY-IN","Metropolitan Statistical Area","79","9.54","161716","28515","0.1763","1652.48674989113"
"17201","Falk","Ferguson","Jonathan","IL","Rockford","61107","1","FALSE","ABO, NPI but not ENT Health","aboto_nppes_agree_enthealth_missing","TRUE","(815) 398-3277","General","2026-06-15","TRUE","No-practice is full but physician does still see established patients","","No-but appointment offered with different physician","2026-10-14","Complete","239","1669452934","TRUE","TRUE","815","IL","","valid","Urban","Not accepting: practice full","With different physician","83","TRUE","FALSE","0.63","District 5","Midwest","0.5031","0.434","0.705","0.4384","0.4716","40420","Rockford, IL","Metropolitan Statistical Area","12","4.22","62931","11167","0.1774","3651.78251104085"
"28121","Falk","Cole","Jeptha","MS","Flowood","39232","1","FALSE","ABO, NPI but not ENT Health","aboto_nppes_disagree_enthealth_missing","TRUE","(601) 933-2004","Facial Plastics","2026-06-15","TRUE","Yes","Yes","Yes","2026-07-24","Complete","240","1821182080","TRUE","TRUE","601","MS","","valid","Urban","Accepting","With sampled physician","27","TRUE","TRUE","0.93","District 4","Southeast","0.2871","0.3499","0.2203","0.4724","0.3838","27140","Jackson, MS","Metropolitan Statistical Area","10","6.36","30679","4525","0.1475","2755.85081301782"
"48143","Kim","McGonagle","Martin","TX","Stephenville","76401","4","FALSE","ABO, NPI but not ENT Health","aboto_nppes_agree_enthealth_missing","","254-965-7870","General","2026-06-01","FALSE","","Not applicable","Not applicable, no appointment offered with anyone in practice","","Complete","241","1871698308","TRUE","TRUE","254","TX","","valid","Rural","","No appointment offered","","FALSE","FALSE","0.63","District 6","Central","0.616","0.6712","0.312","0.3803","0.733","44500","Stephenville, TX","Micropolitan Statistical Area","1","2.34","7688","982","0.1277",""
"27053","Kim","Hilger","Peter","MN","Minneapolis","55439","1","FALSE","ABO, NPI but not ENT Health","aboto_nppes_agree_enthealth_missing","","(952) 844-0404","Facial Plastics","2026-06-01","TRUE","Yes","Yes","Not applicable, no appointment offered with anyone in practice","","Complete","242","1790770196","TRUE","TRUE","952","MN","","valid","Urban","Accepting","No appointment offered","","FALSE","FALSE","0.74","District 5","Midwest","0.0703","0.0214","0.3122","0.3133","0.1279","33460","Minneapolis-St. Paul-Bloomington, MN-WI","Metropolitan Statistical Area","78","6.14","225642","29801","0.1321","2446.00113133122"
"36059","Kim","Shikowitz","Mark","NY","New Hyde Park","11040","1","FALSE","ABO, NPI, ENT Health","all_three_agree","","516-470-7550","Rhinology","2026-06-01","TRUE","Yes","Yes","Not applicable, no appointment offered with anyone in practice","","Complete","243","1104997105","TRUE","TRUE","516","NY","","valid","Urban","Accepting","No appointment offered","","FALSE","FALSE","0.76","District 2","Middle Atlantic","0.2826","0.2304","0.3912","0.7114","0.2803","35620","New York-Newark-Jersey City, NY-NJ-PA","Metropolitan Statistical Area","73","5.25","298744","54539","0.1826","675.82644634067"
"45055","Kim","Fritsch","Valerie","SC","Lugoff","29078","4","FALSE","ABO, NPI, ENT Health","all_three_agree","TRUE","(803) 969-0618","General","2026-06-09","TRUE","Yes","Yes","Yes","2026-06-26","Complete","244","1447513643","TRUE","TRUE","803","SC","","valid","Rural","Accepting","With sampled physician","12","TRUE","TRUE","0.89","District 4","Southeast","0.4223","0.4703","0.4683","0.4457","0.3752","17900","Columbia, SC","Metropolitan Statistical Area","6","9.12","17933","2683","0.1496","3943.47423550414"
"36061","Kim","Harounian","Jonathan","NY","New York","10021","1","FALSE","ABO, NPI but not ENT Health","aboto_nppes_agree_enthealth_missing","TRUE","212-444-8006","Facial Plastics","2026-06-09","FALSE","No-retired or no longer practicing medicine","Not applicable","No-but appointment offered with different physician","","Complete","245","1386039196","TRUE","TRUE","212","NY","","valid","Urban","Not accepting: retired/left","With different physician","","FALSE","FALSE","0.76","District 2","Middle Atlantic","0.2917","0.1271","0.1549","0.3194","0.7766","35620","New York-Newark-Jersey City, NY-NJ-PA","Metropolitan Statistical Area","235","14.28","297725","118473","0.3979","675.82644634067"
"21067","Kim","Saini","Alok","KY","Lexington","40536","1","FALSE","ABO, NPI, ENT Health","all_three_agree","TRUE","(859) 257-5405","Rhinology","2026-06-09","TRUE","Yes","Yes","Yes","2026-07-14","Complete","246","1073872875","TRUE","TRUE","859","KY","","valid","Urban","Accepting","With sampled physician","23","TRUE","TRUE","0.69","District 4","Southeast","0.2182","0.6595","0.0049","0.3778","0.3608","30460","Lexington-Fayette, KY","Metropolitan Statistical Area","35","10.89","55227","7274","0.1317","3358.29569854849"
"22071","Kim","Ovaitt","Alyssa","LA","New Orleans","70112","1","FALSE","ABO, NPI, ENT Health","all_three_agree","TRUE","225-765-1982","Facial Plastics","2026-06-09","TRUE","Yes","Yes","Yes","2026-08-12","Complete","247","1265968911","TRUE","TRUE","225","LA","","valid","Urban","Accepting","With sampled physician","44","TRUE","TRUE","0.64","District 4","Southeast","0.7486","0.8211","0.37","0.745","0.8176","35380","New Orleans-Metairie, LA","Metropolitan Statistical Area","26","6.83","68893","23202","0.3368","4931.39626380957"
"36037","Kim","Danosos","Douglas","NY","Batavia","14020","4","FALSE","ABO, NPI but not ENT Health","aboto_nppes_agree_enthealth_missing","FALSE","","Laryngology","","","","","","","Complete","248","1780645283","TRUE","FALSE","","","","missing","Rural","","","","FALSE","","0.76","District 2","Middle Atlantic","0.4522","0.4231","0.4723","0.2031","0.5947","12860","Batavia, NY","Micropolitan Statistical Area","2","3.44","14607","2798","0.1916",""
"26047","Kim","Beck","Howard","MI","Petoskey","49770","5","FALSE","ABO, NPI but not ENT Health","aboto_nppes_agree_enthealth_missing","TRUE","(231) 439-6844","General","2026-06-10","FALSE","","","","","Complete","249","1710906425","TRUE","TRUE","231","MI","","valid","Rural","","","","FALSE","","0.76","District 5","Midwest","0.2471","0.19","0.2466","0.1109","0.5637","","","","2","5.87","10539","916","0.0869",""
"12001","Kim","Veenker","Elizabeth","FL","Gainesville","32608","1","FALSE","ABO, NPI but not ENT Health","aboto_nppes_agree_enthealth_missing","","352-376-1611","Head and Neck Cancer","2026-07-06","FALSE","","","","","Complete","250","1861581399","TRUE","TRUE","352","FL","","valid","Urban","","","","FALSE","","0.64","District 4","Southeast","0.4281","0.5412","0.1171","0.5854","0.5727","23540","Gainesville, FL","Metropolitan Statistical Area","33","11.8","53801","8329","0.1548","5233.02361815472"
"25025","Kim","Du","Eugenie","MA","West Roxbury","02132","1","FALSE","ABO, NPI, ENT Health","nppes_enthealth_agree_aboto_disagree","TRUE","(508) 757-0330","Head and Neck Cancer","2026-06-10","TRUE","Yes","Yes","Yes","2026-06-22","Complete","251","1700178241","TRUE","TRUE","508","MA","","valid","Urban","Accepting","With sampled physician","7","TRUE","TRUE","0.74","District 1","New England","0.3859","0.2439","0.4698","0.4773","0.5724","14460","Boston-Cambridge-Newton, MA-NH","Metropolitan Statistical Area","139","17.7","113713","50389","0.4431","2023.04610416402"
"36005","Kim","Glassman","Harrison","NY","Bronx","10461","1","FALSE","ABO, NPI, ENT Health","all_three_agree","TRUE","(718) 863-4366","General","2026-06-10","TRUE","Yes","Yes","Yes","2026-06-16","Complete","252","1811151608","TRUE","TRUE","718","NY","","valid","Urban","Accepting","With sampled physician","4","TRUE","TRUE","0.76","District 2","Middle Atlantic","0.8263","0.7429","0.6858","0.7988","0.8147","35620","New York-Newark-Jersey City, NY-NJ-PA","Metropolitan Statistical Area","28","1.94","229828","135056","0.5876","675.82644634067"
"36069","Kim","Kaza","Srinivas","NY","Canandaigua","14424","4","FALSE","ABO, NPI, ENT Health","all_three_agree","TRUE","585-394-8800","General","2026-06-10","TRUE","Yes","Yes","Yes","2026-07-01","Complete","253","1679597652","TRUE","TRUE","585","NY","","valid","Rural","Accepting","With sampled physician","14","TRUE","TRUE","0.76","District 2","Middle Atlantic","0.3629","0.2599","0.4974","0.1308","0.5899","40380","Rochester, NY","Metropolitan Statistical Area","4","3.56","29686","4965","0.1673","4802.72667414952"
"01097","Kim","Bryars","William","AL","Mobile","36606","1","FALSE","ABO, NPI but not ENT Health","aboto_nppes_agree_enthealth_missing","TRUE","(251) 473-1900","General","2026-06-10","TRUE","No-retired or no longer practicing medicine","Not applicable","","","Complete","254","1366445223","TRUE","TRUE","251","AL","","valid","Urban","Not accepting: retired/left","","","FALSE","","0.92","District 4","Southeast","0.6676","0.7532","0.4015","0.6892","0.5373","33660","Mobile, AL","Metropolitan Statistical Area","24","5.8","89978","20780","0.2309","3777.53861572089"
"24031","Kim","Thompson","David","MD","Potomac","20854","1","FALSE","ABO, NPI but not ENT Health","aboto_nppes_agree_enthealth_missing","TRUE","770-872-2321","General","2026-06-10","TRUE","Yes","Yes","","2026-07-07","Complete","255","1134123912","TRUE","TRUE","770","GA","","valid","Urban","Accepting","","17","TRUE","","0.95","District 3","Mid-Atlantic/Southeast","0.131","0.047","0.4854","0.5637","0.1893","47900","Washington-Arlington-Alexandria, DC-VA-MD-WV","Metropolitan Statistical Area","57","5.39","194760","23038","0.1183","1110.8637569665"
"23011","Kim","Seywerd","Erwin","ME","Augusta","04330","4","FALSE","ABO, NPI but not ENT Health","aboto_nppes_agree_enthealth_missing","TRUE","207-623-8411","General","2026-07-06","TRUE","No-not specified why","Not applicable","","","Complete","256","1811967227","TRUE","TRUE","207","ME","","valid","Rural","Not accepting: unspecified","","","FALSE","","0.78","District 1","New England","0.5581","0.5231","0.5594","0.0948","0.6839","12300","Augusta-Waterville, ME","Micropolitan Statistical Area","4","3.23","34805","10426","0.2996",""
"39049","Kim","Bapna","Sumit","OH","Dublin","43016","1","FALSE","ABO, NPI but not ENT Health","aboto_nppes_agree_enthealth_missing","TRUE","614-876-6673","Facial Plastics","2026-07-06","TRUE","Yes","Yes","Yes","","Complete","257","1841415049","TRUE","TRUE","614","OH","","valid","Urban","Accepting","With sampled physician","","FALSE","TRUE","0.63","District 5","Midwest","0.1804","0.1277","0.3056","0.4779","0.3374","18140","Columbus, OH","Metropolitan Statistical Area","83","6.3","205689","37436","0.182","2961.67116820975"
"06065","Kim","Uyesugi","Arthur","CA","Temecula","92592","1","FALSE","ABO, NPI but not ENT Health","aboto_nppes_agree_enthealth_missing","","(951) 404-0911","General","2026-06-11","TRUE","Yes","Yes","Yes","2026-06-19","Complete","258","1528593431","TRUE","TRUE","951","CA","","valid","Urban","Accepting","With sampled physician","5","TRUE","TRUE","0.67","District 8","Pacific","0.2649","0.2374","0.4774","0.642","0.2438","40140","Riverside-San Bernardino-Ontario, CA","Metropolitan Statistical Area","33","1.36","442411","104649","0.2365","818.608814468344"
"20079","Kim","Kimberley","Barry","KS","Newton","67114","4","FALSE","ABO, NPI but not ENT Health","aboto_nppes_agree_enthealth_missing","TRUE","316-283-2828","General","2026-06-11","FALSE","","","","","Complete","259","1063417012","TRUE","TRUE","316","KS","","valid","Rural","","","","FALSE","","0.69","District 6","Central","0.5794","0.4886","0.5852","0.3708","0.6837","48620","Wichita, KS","Metropolitan Statistical Area","1","2.94","8564","1021","0.1192","3951.50624971537"
"35001","Kim","Brenner","Alan","NM","Albuquerque","87106","1","FALSE","ABO, NPI but not ENT Health","aboto_nppes_disagree_enthealth_missing","","505-563-6450","Facial Plastics","2026-07-06","FALSE","","Not applicable","","","Complete","260","1063565075","TRUE","TRUE","505","NM","","valid","Urban","","","","FALSE","","1.21","District 7","Mountain/Southwest","0.6501","0.6847","0.3994","0.6851","0.6713","10740","Albuquerque, NM","Metropolitan Statistical Area","35","5.19","141191","28980","0.2053","3705.64561087889"
"05005","Kim","Neis","Paul","AR","Mountain Home","72653","4","FALSE","ABO, NPI, ENT Health","aboto_nppes_agree_enthealth_disagree","TRUE","(870) 424-4200","General","2026-06-11","TRUE","No-retired or no longer practicing medicine","","","","Complete","261","1629077896","TRUE","TRUE","870","AR","","valid","Rural","Not accepting: retired/left","","","FALSE","","0.76","District 6","Central","0.5374","0.5655","0.5824","0.1384","0.5512","34260","Mountain Home, AR","Micropolitan Statistical Area","3","7.18","15545","1989","0.128",""
"21085","Kim","Hay","Casey","KY","Leitchfield","42754","7","FALSE","ABO, NPI, ENT Health","all_three_agree","TRUE","270-259-2714","General","2026-06-11","","","","","","Incomplete","262","1023428695","TRUE","TRUE","270","KY","","valid","Rural","","","","FALSE","","0.69","District 4","Southeast","0.6034","0.6386","0.6748","0.0567","0.5983","","","","1","3.78","7060","1571","0.2225",""
"13089","Kim","DelGaudio","John","GA","Atlanta","30322","1","FALSE","ABO, NPI but not ENT Health","aboto_nppes_agree_enthealth_missing","TRUE","(404) 778-3381","General","2026-06-11","TRUE","Yes","Yes","Yes","2026-06-23","Complete","263","1104937861","TRUE","TRUE","404","GA","","valid","Urban","Accepting","With sampled physician","7","TRUE","TRUE","0.83","District 4","Southeast","0.5495","0.7333","0.0273","0.6423","0.7783","12060","Atlanta-Sandy Springs-Alpharetta, GA","Metropolitan Statistical Area","28","3.68","118406","23753","0.2006","2026.24940839798"
"33013","Kim","Snyder","James","NH","Concord","03301","4","FALSE","ABO, NPI, ENT Health","all_three_agree","TRUE","(603) 425-6530","General","2026-06-11","TRUE","No-retired or no longer practicing medicine","Not applicable","No-but appointment offered with different physician","2026-07-15","Complete","264","1811965379","TRUE","TRUE","603","NH","","valid","Rural","Not accepting: retired/left","With different physician","22","TRUE","FALSE","0.73","District 1","New England","0.5043","0.4774","0.4395","0.2436","0.6561","18180","Concord, NH","Micropolitan Statistical Area","10","6.5","39814","4267","0.1072",""
"36089","Kim","Schaefer","John","NY","Ogdensburg","13669","4","FALSE","ABO, NPI, ENT Health","all_three_agree","TRUE","(315) 393-7955","General","2026-06-11","TRUE","Yes","Yes","Yes","2026-09-01","Complete","265","1841227816","TRUE","TRUE","315","NY","","valid","Rural","Accepting","With sampled physician","56","TRUE","TRUE","0.76","District 2","Middle Atlantic","0.6464","0.5339","0.6613","0.1443","0.8214","36300","Ogdensburg-Massena, NY","Micropolitan Statistical Area","3","2.76","25120","6747","0.2686",""
"47185","Kim","Aachen-Winans","James","TN","Sparta","38583","5","FALSE","ABO, NPI but not ENT Health","aboto_nppes_disagree_enthealth_missing","TRUE","(425) 449-8185","Facial Plastics","","","No-changed practices","","","","Complete","266","1811999006","TRUE","TRUE","425","WA","","valid","Rural","Not accepting: changed practice","","","FALSE","","","District 4","Southeast","0.5643","0.691","0.467","0.0993","0.5611","","","","1","3.65","7981","1438","0.1802",""
"39045","Kim","Chase","Daniel","OH","Lancaster","43130","4","FALSE","ABO, NPI, ENT Health","all_three_agree","TRUE","740-681-8300","General","2026-06-11","TRUE","Yes","Yes","Yes","2026-06-29","Complete","267","1063483857","TRUE","TRUE","740","OH","","valid","Rural","Accepting","With sampled physician","11","TRUE","TRUE","0.63","District 5","Midwest","0.4402","0.4792","0.4846","0.1191","0.5044","18140","Columbus, OH","Metropolitan Statistical Area","3","1.88","32343","4107","0.127","2961.67116820975"
"04019","Kim","Olson","Jerold","AZ","Tucson","85741","1","FALSE","ABO, NPI but not ENT Health","aboto_nppes_disagree_enthealth_missing","TRUE","(520) 200-2218","Facial Plastics","2026-06-11","TRUE","Yes","Yes","Yes","2026-07-13","Complete","268","1881745354","TRUE","TRUE","520","AZ","","valid","Urban","Accepting","With sampled physician","20","TRUE","TRUE","0.98","District 7","Mountain/Southwest","0.558","0.5043","0.5982","0.6351","0.519","46060","Tucson, AZ","Metropolitan Statistical Area","37","3.55","261020","44863","0.1719","2707.86375469015"
"29213","Kim","Brawner","James","MO","Branson","65616","4","FALSE","ABO, NPI but not ENT Health","aboto_nppes_agree_enthealth_missing","TRUE","(417) 335-3636","General","2026-06-11","TRUE","Yes","Yes","Yes","2026-09-01","Complete","269","1598804825","TRUE","TRUE","417","MO","","valid","Rural","Accepting","With sampled physician","56","TRUE","TRUE","0.86","District 6","Central","0.6911","0.6633","0.6532","0.2591","0.7559","14700","Branson, MO","Micropolitan Statistical Area","2","3.56","16074","2278","0.1417",""
"55035","Kim","Connell","Nathaniel","WI","Eau Claire","54703","1","FALSE","ABO, NPI, ENT Health","all_three_agree","TRUE","715-838-6968","General","2026-06-11","TRUE","Yes","Yes","Yes","2026-06-29","Complete","270","1558899013","TRUE","TRUE","715","WI","","valid","Urban","Accepting","With sampled physician","11","TRUE","TRUE","0.66","District 5","Midwest","0.3099","0.2922","0.3455","0.2451","0.5343","20740","Eau Claire, WI","Metropolitan Statistical Area","11","10.41","22574","3400","0.1506","3936.01116601476"
"22115","Kim","Sewell","Steven","LA","Leesville","71446","8","FALSE","ABO, NPI but not ENT Health","aboto_nppes_disagree_enthealth_missing","TRUE","337-392-1000","General","2026-06-15","TRUE","Yes","Yes","Yes","2026-06-19","Complete","271","1427019389","TRUE","TRUE","337","LA","","valid","Rural","Accepting","With sampled physician","3","TRUE","TRUE","0.64","District 4","Southeast","0.6846","0.6178","0.7433","0.4306","0.6966","22860","Fort Polk South, LA","Micropolitan Statistical Area","3","6.19","8110","1712","0.2111",""
"47037","Kim","Gelbard","Alexander","TN","Nashville","37232","1","FALSE","ABO, NPI, ENT Health","all_three_agree","TRUE","615-343-7464","General","2026-06-15","TRUE","Yes","Not applicable","Not applicable, no appointment offered with anyone in practice","","Complete","272","1023262466","TRUE","TRUE","615","TN","","valid","Urban","Accepting","No appointment offered","","FALSE","FALSE","","District 4","Southeast","0.6343","0.7568","0.0033","0.6067","0.9965","34980","Nashville-Davidson--Murfreesboro--Franklin, TN","Metropolitan Statistical Area","77","10.85","105164","16985","0.1615","2584.58621056026"
"25025","Kim","Kim","Jennifer","MA","Boston","02114","1","FALSE","ABO, NPI, ENT Health","aboto_enthealth_agree_nppes_disagree","TRUE","617-573-5524","Facial Plastics","2026-06-15","FALSE","","","","","Incomplete","273","1598853004","TRUE","TRUE","617","MA","","valid","Urban","","","","FALSE","","0.74","District 1","New England","0.2774","0.1946","0.0349","0.4188","0.7336","14460","Boston-Cambridge-Newton, MA-NH","Metropolitan Statistical Area","139","17.7","113713","50389","0.4431","2023.04610416402"
"41041","Kim","Franzke","Ronald","OR","Lincoln City","97367","4","FALSE","ABO, NPI but not ENT Health","aboto_nppes_agree_enthealth_missing","TRUE","(541) 994-8114","General","2026-06-15","FALSE","","","","","Incomplete","274","1629017058","TRUE","TRUE","541","OR","","valid","Rural","","","","FALSE","","0.88","District 8","Pacific","0.645","0.5632","0.7567","0.3238","0.6284","35440","Newport, OR","Micropolitan Statistical Area","1","1.99","18365","3187","0.1735",""
"19027","Kim","Wellendorf","Tracey","IA","Carroll","51401","4","FALSE","ABO, NPI, ENT Health","all_three_agree","TRUE","(712) 794-5981","General","2026-06-15","TRUE","Yes","Not applicable","","","Complete","275","1528057387","TRUE","TRUE","712","IA","","valid","Rural","Accepting","","","FALSE","","0.77","District 5","Midwest","0.368","0.2706","0.5759","0.108","0.5418","16140","Carroll, IA","Micropolitan Statistical Area","1","4.82","5425","629","0.1159",""
"05063","Kim","Rumans","Todd","AR","Batesville","72501","4","FALSE","ABO, NPI, ENT Health","all_three_agree","TRUE","(870) 698-1846","General","2026-06-15","TRUE","Yes","Yes","Yes","2026-07-09","Complete","276","1124097209","TRUE","TRUE","870","AR","","valid","Rural","Accepting","With sampled physician","16","TRUE","TRUE","0.76","District 6","Central","0.6974","0.6529","0.6487","0.3062","0.7288","12900","Batesville, AR","Micropolitan Statistical Area","1","2.64","8936","1817","0.2033",""
"48201","Kim","Hershey","Marcus","TX","Houston","77006","1","FALSE","ABO, NPI, ENT Health","all_three_agree","TRUE","(713) 795-4885","General","2026-06-15","TRUE","Yes","Yes","Yes","2026-06-16","Complete","277","1730568502","TRUE","TRUE","713","TX","","valid","Urban","Accepting","With sampled physician","1","TRUE","TRUE","0.63","District 6","Central","0.1895","0.3024","0.0312","0.5677","0.4417","26420","Houston-The Woodlands-Sugar Land, TX","Metropolitan Statistical Area","229","4.85","649936","101124","0.1556","2267.03553574242"
"09009","Kim","Rawal","Rounak","CT","Madison","06443","1","FALSE","ABO, NPI, ENT Health","all_three_agree","TRUE","(203) 245-0496","Pediatrics","2026-06-15","TRUE","Yes","Yes","Yes","2026-08-01","Complete","278","1457799231","TRUE","TRUE","203","CT","","valid","Urban","Accepting","With sampled physician","32","TRUE","TRUE","0.79","District 1","New England","","","","","","35300","New Haven-Milford, CT","Metropolitan Statistical Area","","","","","","7604.89561870134"
"21117","Kim","Harmych","Brian","OH","Ft Mitchell","41017","1","FALSE","ABO, NPI, ENT Health","all_three_agree","TRUE","216-831-3223","Facial Plastics","2026-06-15","TRUE","Yes","Yes","Yes","2026-07-01","Complete","279","1568651990","TRUE","TRUE","216","OH","","valid","Urban","Accepting","With sampled physician","11","TRUE","TRUE","0.63","District 5","Midwest","0.2328","0.1896","0.3545","0.1245","0.3953","17140","Cincinnati, OH-KY-IN","Metropolitan Statistical Area","4","2.37","32301","3882","0.1202","1652.48674989113"
"12099","Kim","Tzikas","Thomas","FL","Delray Beach","33483","1","FALSE","ABO, NPI but not ENT Health","aboto_nppes_disagree_enthealth_missing","TRUE","561-330-9500","Facial Plastics","2026-06-15","TRUE","Yes","Yes","Yes","2026-12-17","Complete","280","1619276102","TRUE","TRUE","561","FL","","valid","Urban","Accepting","With sampled physician","127","TRUE","TRUE","0.64","District 4","Southeast","0.3958","0.4342","0.2766","0.3062","0.5146","33100","Miami-Fort Lauderdale-Pompano Beach, FL","Metropolitan Statistical Area","65","4.35","365815","47098","0.1287","1246.01736914087"
"06071","Kim","Segal","Mark","CA","Fontana","92335","1","FALSE","ABO, NPI but not ENT Health","aboto_nppes_agree_enthealth_missing","TRUE","866-454-3485","General","2026-06-15","FALSE","","Not applicable","","","Complete","281","1942377767","TRUE","TRUE","866","toll-free","","valid","Urban","","","","FALSE","","0.67","District 8","Pacific","0.8562","0.8664","0.7083","0.9212","0.6804","40140","Riverside-San Bernardino-Ontario, CA","Metropolitan Statistical Area","59","2.71","343955","99719","0.2899","818.608814468344"
"23017","Kim","Marcus","Larry","ME","Norway","04268","10","FALSE","ABO, NPI, ENT Health","aboto_enthealth_agree_nppes_disagree","TRUE","207-743-2945","General","2026-06-15","FALSE","Yes","Yes","Yes","2026-09-28","Complete","282","1497743991","TRUE","TRUE","207","ME","","valid","Rural","Accepting","With sampled physician","72","TRUE","TRUE","0.78","District 1","New England","0.7705","0.7632","0.742","0.1899","0.8196","","","","1","1.72","18038","6486","0.3596",""
"31001","Kim","Keller","Mark","NE","Hastings","68901","4","FALSE","ABO, NPI, ENT Health","all_three_agree","TRUE","402-463-2431","General","2026-06-15","TRUE","Yes","Yes","Yes","2026-07-15","Complete","283","1790762110","TRUE","TRUE","402","NE","","valid","Rural","Accepting","With sampled physician","20","TRUE","TRUE","1.01","District 6","Central","0.5086","0.4314","0.6033","0.3017","0.6061","25580","Hastings, NE","Micropolitan Statistical Area","1","3.21","7168","1027","0.1433",""
"31141","Kim","Mawn","Christopher","NE","Columbus","68601","4","FALSE","ABO, NPI, ENT Health","all_three_agree","TRUE","402-562-4720","Facial Plastics","2026-06-15","TRUE","Yes","Yes","Yes","2026-06-30","Complete","284","1487608246","TRUE","TRUE","402","NE","","valid","Rural","Accepting","With sampled physician","10","TRUE","TRUE","1.01","District 6","Central","0.521","0.4306","0.716","0.4114","0.4747","18100","Columbus, NE","Micropolitan Statistical Area","4","11.69","7190","607","0.0844",""
"26025","Kim","Gaffga","Christopher","MI","Marshall","49068","7","FALSE","ABO, NPI, ENT Health","all_three_agree","TRUE","(269) 789-0015","General","2026-06-17","TRUE","Yes","Yes","Yes","2026-08-12","Complete","285","1417977570","TRUE","TRUE","269","MI","","valid","Rural","Accepting","With sampled physician","38","TRUE","TRUE","0.76","District 5","Midwest","0.3096","0.3351","0.2365","0.1213","0.534","12980","Battle Creek, MI","Metropolitan Statistical Area","4","2.98","31776","6097","0.1919","5900.14998093949"
"06037","Kim","Ran","Cong","CA","Santa Monica","90401","1","FALSE","ABO, NPI, ENT Health","aboto_enthealth_agree_nppes_disagree","TRUE","855-522-3682","Facial Plastics","2026-06-17","TRUE","Yes","Yes","Yes","2026-06-24","Complete","286","1194110700","TRUE","TRUE","855","toll-free","","valid","Urban","Accepting","With sampled physician","4","TRUE","TRUE","0.67","District 8","Pacific","0.6782","0.5799","0.4058","0.5174","0.8714","31080","Los Angeles-Long Beach-Anaheim, CA","Metropolitan Statistical Area","391","3.93","1680860","546396","0.3251","645.954567429514"
"06085","Kim","Worden","Brian","CA","Palo Alto","94304","1","FALSE","ABO, NPI, ENT Health","all_three_agree","FALSE","","Otology/neurotology","","","","","","","Complete","287","1376601245","TRUE","FALSE","","","","missing","Urban","","","","FALSE","","0.67","District 8","Pacific","0.4303","0.1722","0.4441","0.63","0.862","41940","San Jose-Sunnyvale-Santa Clara, CA","Metropolitan Statistical Area","133","6.94","306874","70635","0.2302","2149.93630005899"
"26091","Kim","Mucha","Samantha","MI","Adrian","49221","4","FALSE","ABO, NPI, ENT Health","all_three_agree","TRUE","517-263-9491","General","2026-06-17","TRUE","Yes","Yes","Yes","2026-07-07","Complete","288","1326056003","TRUE","TRUE","517","MI","","valid","Rural","Accepting","With sampled physician","12","TRUE","TRUE","0.76","District 5","Midwest","0.6225","0.5939","0.6366","0.3568","0.6487","10300","Adrian, MI","Micropolitan Statistical Area","1","1.01","25291","2884","0.114",""
"24031","Kim","Kamil","Rebecca","MD","Rockville","20850","1","FALSE","ABO, NPI but not ENT Health","aboto_nppes_agree_enthealth_missing","TRUE","301-307-5050","General","2026-06-25","TRUE","Yes","Yes","Yes","2026-07-02","Complete","289","1225445968","TRUE","TRUE","301","MD","","valid","Urban","Accepting","With sampled physician","5","TRUE","TRUE","0.95","District 3","Mid-Atlantic/Southeast","0.4152","0.2547","0.5975","0.693","0.472","47900","Washington-Arlington-Alexandria, DC-VA-MD-WV","Metropolitan Statistical Area","57","5.39","194760","23038","0.1183","1110.8637569665"
"37167","Kim","Kilde","John","NC","Albemarle","28001","4","FALSE","ABO, NPI, ENT Health","all_three_agree","TRUE","704-295-3000","General","2026-06-25","TRUE","Yes","Yes","Yes","2026-06-26","Complete","290","1023094026","TRUE","TRUE","704","NC","","valid","Rural","Accepting","With sampled physician","1","TRUE","TRUE","0.82","District 3","Mid-Atlantic/Southeast","0.6067","0.5935","0.686","0.3725","0.569","10620","Albemarle, NC","Micropolitan Statistical Area","1","1.59","15915","2690","0.169",""
"01125","Kim","Walburn","James","AL","Tuscaloosa","35406","1","FALSE","ABO, NPI but not ENT Health","aboto_nppes_agree_enthealth_missing","TRUE","205-758-9041","General","2026-06-25","TRUE","No-retired or no longer practicing medicine","Yes","No-but appointment offered with different physician","","Complete","291","1558398412","TRUE","TRUE","205","AL","","valid","Urban","Not accepting: retired/left","With different physician","","FALSE","FALSE","0.92","District 4","Southeast","0.1722","0.1473","0.3232","0.2895","0.2508","46220","Tuscaloosa, AL","Metropolitan Statistical Area","9","3.89","38308","7428","0.1939","9521.79391772939"
"12103","Kim","Adkins","James","FL","Palm Harbor","34683","1","FALSE","ABO, NPI but not ENT Health","aboto_nppes_agree_enthealth_missing","TRUE","321-939-3000","Otology/neurotology","2026-06-25","TRUE","No-retired or no longer practicing medicine","No","No-but appointment offered with different physician","2026-08-24","Complete","292","1073545034","TRUE","TRUE","321","FL","","valid","Urban","Not accepting: retired/left","With different physician","41","TRUE","FALSE","0.64","District 4","Southeast","0.4102","0.4022","0.5107","0.2325","0.4682","45300","Tampa-St. Petersburg-Clearwater, FL","Metropolitan Statistical Area","34","3.54","261350","36101","0.1381","2561.68657493039"
"19103","Kim","Hoffman","Henry","IA","Iowa City","52242","1","FALSE","ABO, NPI, ENT Health","all_three_agree","TRUE","800-777-8442","General","2026-06-25","TRUE","Yes","No","No-but appointment offered with different physician","2026-07-23","Complete","293","1326031709","TRUE","TRUE","800","toll-free","","valid","Urban","Accepting","With different physician","19","TRUE","FALSE","0.77","District 5","Midwest","0.4822","0.6553","0.0081","0.3729","0.8991","26980","Iowa City, IA","Metropolitan Statistical Area","31","20.21","25281","2863","0.1132","9839.39951654192"
"39035","Kim","Shah","Jay","OH","Cleveland","44106","1","FALSE","ABO, NPI, ENT Health","aboto_enthealth_agree_nppes_disagree","TRUE","216-844-6000","Pediatrics","2026-06-25","TRUE","","Not applicable","Not applicable, no appointment offered with anyone in practice","","Complete","294","1477741783","TRUE","TRUE","216","OH","","valid","Urban","","No appointment offered","","FALSE","FALSE","0.63","District 5","Midwest","0.575","0.6724","0.2788","0.7196","0.5975","17460","Cleveland-Elyria, OH","Metropolitan Statistical Area","88","7","275336","56663","0.2058","3716.69367417891"
"19057","Kim","Henrich","Douglas","IA","West Burlington","52655","4","FALSE","ABO, NPI, ENT Health","aboto_enthealth_agree_nppes_missing","TRUE","319-752-2725","General","2026-06-25","TRUE","Yes","Yes","Yes","2026-07-08","Complete","295","1588634414","TRUE","TRUE","319","IA","","valid","Rural","Accepting","With sampled physician","8","TRUE","TRUE","0.77","District 5","Midwest","0.5576","0.384","0.3209","0.3565","0.8744","15460","Burlington, IA-IL","Micropolitan Statistical Area","2","5.15","10039","1438","0.1432",""
"13275","Kim","Szwarc","Brian","GA","Thomasville","31792","4","FALSE","ABO, NPI, ENT Health","all_three_agree","TRUE","229.226.1443","General","2026-06-25","TRUE","Yes","Yes","Yes","2026-07-06","Complete","296","1366553349","TRUE","TRUE","229","GA","","valid","Rural","Accepting","With sampled physician","6","TRUE","TRUE","0.83","District 4","Southeast","0.6767","0.6981","0.6314","0.6329","0.5503","45620","Thomasville, GA","Micropolitan Statistical Area","3","6.57","11445","2989","0.2612",""
"40101","Kim","Atwell","Dwayne","OK","Muskogee","74401","4","FALSE","ABO, NPI but not ENT Health","aboto_nppes_agree_enthealth_missing","TRUE","(918) 683-0121","General","2026-06-25","FALSE","No-not specified why","","","","Complete","297","1144236696","TRUE","TRUE","918","OK","","valid","Rural","Not accepting: unspecified","","","FALSE","","0.94","District 6","Central","0.8707","0.8477","0.7619","0.6881","0.8338","34780","Muskogee, OK","Micropolitan Statistical Area","3","4.5","16248","3301","0.2032",""
"45019","Kim","Graboyes","Evan","SC","Charleston","29425","1","FALSE","ABO, NPI, ENT Health","all_three_agree","TRUE","843-792-9300","General","2026-06-25","TRUE","Yes","Yes","Yes","2026-07-14","Complete","298","1760778682","TRUE","TRUE","843","SC","","valid","Urban","Accepting","With sampled physician","12","TRUE","TRUE","0.89","District 4","Southeast","0.0837","0.3488","0.001","0.1844","0.5115","16700","Charleston-North Charleston, SC","Metropolitan Statistical Area","62","15.13","84901","10003","0.1178","3197.52110387056"
"44009","Kim","Feldman","Jeffrey","RI","Westerly","02891","4","FALSE","ABO, NPI but not ENT Health","aboto_nppes_agree_enthealth_missing","TRUE","(401) 596-2033","General","2026-06-25","TRUE","No-retired or no longer practicing medicine","No","No-but appointment offered with different physician","2026-08-03","Complete","299","1538250337","TRUE","TRUE","401","RI","","valid","Rural","Not accepting: retired/left","With different physician","26","TRUE","FALSE","0.52","District 1","New England","0.3782","0.4059","0.4342","0.1539","0.4614","39300","Providence-Warwick, RI-MA","Metropolitan Statistical Area","4","3.08","36986","3167","0.0856","2702.50884456163"
"12017","Kim","Marcus","M.","FL","Inverness","34452","1","FALSE","ABO, NPI but not ENT Health","aboto_nppes_agree_enthealth_missing","TRUE","(352) 726-3131","General","2026-06-25","TRUE","No-retired or no longer practicing medicine","No","Not applicable, no appointment offered with anyone in practice","","Complete","300","1427057397","TRUE","TRUE","352","FL","","valid","Urban","Not accepting: retired/left","No appointment offered","","FALSE","FALSE","0.64","District 4","Southeast","0.6523","0.6385","0.7525","0.2561","0.5835","26140","Homosassa Springs, FL","Metropolitan Statistical Area","1","0.64","66480","7492","0.1127","5212.38076947845"
"39167","Kim","Gunovich","Richard","OH","Marietta","45750","4","FALSE","ABO, NPI but not ENT Health","aboto_nppes_agree_enthealth_missing","TRUE","(740) 373-4288","General","2026-06-25","TRUE","","","","","Incomplete","301","1538145263","TRUE","TRUE","740","OH","","valid","Rural","","","","FALSE","","0.63","District 5","Midwest","0.5242","0.5459","0.4746","0.0912","0.6409","31930","Marietta, OH","Micropolitan Statistical Area","1","1.68","16333","2695","0.165",""
"34025","Kim","Goldfarb","Jared","NJ","Neptune","07753","1","FALSE","ABO, NPI, ENT Health","aboto_enthealth_agree_nppes_disagree","TRUE","(732) 280-7855","Facial Plastics","2026-06-25","TRUE","Yes","Yes","Yes","2026-07-09","Complete","302","1851754022","TRUE","TRUE","732","NJ","","valid","Urban","Accepting","With sampled physician","9","TRUE","TRUE","0.61","District 2","Middle Atlantic","0.5122","0.4657","0.4336","0.5839","0.5826","35620","New York-Newark-Jersey City, NY-NJ-PA","Metropolitan Statistical Area","25","3.89","145408","12102","0.0832","675.82644634067"
"42101","Kim","Khoury","Tawfiq","PA","Philadelphia","19107","1","FALSE","ABO, NPI but not ENT Health","aboto_nppes_agree_enthealth_missing","TRUE","703-287-4600","General","2026-06-25","TRUE","","","","","Incomplete","303","1750709432","TRUE","TRUE","703","VA","","valid","Urban","","","","FALSE","","0.68","District 2","Middle Atlantic","0.5793","0.5074","0.1597","0.6144","0.932","37980","Philadelphia-Camden-Wilmington, PA-NJ-DE-MD","Metropolitan Statistical Area","120","7.53","265353","102081","0.3847","1307.1063181523"
"55055","Kim","Anderson","Michael","WI","Fort Atkinson","53538","4","FALSE","ABO, NPI, ENT Health","all_three_agree","TRUE","920-563-6667","General","2026-06-26","TRUE","Yes","Yes","Yes","2026-07-16","Complete","304","1588685077","TRUE","TRUE","920","WI","","valid","Rural","Accepting","With sampled physician","13","TRUE","TRUE","0.66","District 5","Midwest","0.3248","0.2944","0.3315","0.1757","0.5515","48020","Watertown-Fort Atkinson, WI","Micropolitan Statistical Area","4","4.65","19120","2399","0.1255",""
"36077","Kim","Richtsmeier","William","NY","Cooperstown","13326","10","FALSE","ABO, NPI but not ENT Health","aboto_nppes_agree_enthealth_missing","TRUE","607-547-3456","General","2026-06-26","TRUE","No-retired or no longer practicing medicine","Not applicable","Not applicable, no appointment offered with anyone in practice","","Complete","305","1265496657","TRUE","TRUE","607","NY","","valid","Rural","Not accepting: retired/left","No appointment offered","","FALSE","FALSE","0.76","District 2","Middle Atlantic","0.3179","0.2937","0.2522","0.1616","0.6026","36580","Oneonta, NY","Micropolitan Statistical Area","6","10.05","15473","3421","0.2211",""
"12087","Kim","Hughes-Papsidero","John","FL","Key West","33040","4","FALSE","ABO, NPI but not ENT Health","aboto_nppes_agree_enthealth_missing","TRUE","(352) 437-4726","General","2026-06-26","TRUE","","","","","Incomplete","306","1841306792","TRUE","TRUE","352","FL","","valid","Rural","","","","FALSE","","0.64","District 4","Southeast","0.6947","0.559","0.5396","0.5984","0.831","28580","Key West, FL","Micropolitan Statistical Area","2","2.44","18829","2026","0.1076",""
"20173","Kim","Stumpe","Matthew","KS","Wichita","67226","1","FALSE","ABO, NPI, ENT Health","all_three_agree","TRUE","316-684-2838","General","2026-06-26","TRUE","Yes","Yes","Yes","2026-06-30","Complete","307","1275756132","TRUE","TRUE","316","KS","","valid","Urban","Accepting","With sampled physician","2","TRUE","TRUE","0.69","District 6","Central","0.3173","0.2246","0.4048","0.4445","0.4491","48620","Wichita, KS","Metropolitan Statistical Area","18","3.44","101698","13530","0.133","3951.50624971537"
"25025","Kim","Wulu","Jacqueline","MA","Boston","02118","1","FALSE","ABO, NPI but not ENT Health","aboto_nppes_agree_enthealth_missing","","","","","","","","","","Incomplete","308","1194127704","TRUE","FALSE","","","","missing","Urban","","","","FALSE","","0.74","District 1","New England","0.7037","0.6067","0.5251","0.6678","0.8287","14460","Boston-Cambridge-Newton, MA-NH","Metropolitan Statistical Area","139","17.7","113713","50389","0.4431","2023.04610416402"
"33009","Kim","Saunders","James","NH","Lebanon","03756","4","FALSE","ABO, NPI, ENT Health","aboto_enthealth_agree_nppes_disagree","TRUE","603-650-8123","Otology/neurotology","2026-06-26","TRUE","Yes","Yes","Yes","2026-09-30","Complete","309","1407824535","TRUE","TRUE","603","NH","","valid","Rural","Accepting","With sampled physician","66","TRUE","TRUE","0.73","District 1","New England","","","","","","30100","Lebanon, NH-VT","Micropolitan Statistical Area","16","17.61","25085","1968","0.0785",""
"20155","Kim","Epp","Robert","KS","Hutchinson","67502","4","FALSE","ABO, NPI, ENT Health","all_three_agree","TRUE","(620) 669-2500","General","2026-06-26","TRUE","No-retired or no longer practicing medicine","Yes","No-but appointment offered with APP","2026-07-01","Complete","310","1669452603","TRUE","TRUE","620","KS","","valid","Rural","Not accepting: retired/left","With APP only","3","TRUE","FALSE","0.69","District 6","Central","0.4001","0.2739","0.6646","0.2364","0.51","26740","Hutchinson, KS","Micropolitan Statistical Area","3","4.85","14974","1956","0.1306",""
"27147","Kim","O'Halloran","Gerard","MN","Owatonna","55060","4","FALSE","ABO, NPI, ENT Health","nppes_enthealth_agree_aboto_disagree","TRUE","507-646-1000","General","2026-06-26","TRUE","Yes","Yes","Yes","2026-07-14","Complete","311","1184684839","TRUE","TRUE","507","MN","","valid","Rural","Accepting","With sampled physician","11","TRUE","TRUE","0.74","District 5","Midwest","0.427","0.3207","0.5377","0.2296","0.5833","36940","Owatonna, MN","Micropolitan Statistical Area","2","5.35","8674","1269","0.1463",""
"33005","Kim","Nelson","Avery","NH","Keene","03431","4","FALSE","ABO, NPI, ENT Health","all_three_agree","TRUE","(603) 354-5496","General","2026-06-29","","","","","","Incomplete","312","1457844912","TRUE","TRUE","603","NH","","valid","Rural","","","","FALSE","","0.73","District 1","New England","0.3865","0.4265","0.2443","0.1143","0.6504","28300","Keene, NH","Micropolitan Statistical Area","4","5.22","21535","2095","0.0973",""
"12033","Kim","Riesberg","Michael","FL","Pensacola","32504","1","FALSE","ABO, NPI but not ENT Health","aboto_nppes_agree_enthealth_missing","TRUE","(850) 476-0700","General","2026-06-29","TRUE","Yes","Yes","Yes","2026-07-13","Complete","313","1407831191","TRUE","TRUE","850","FL","","valid","Urban","Accepting","With sampled physician","9","TRUE","TRUE","0.64","District 4","Southeast","0.5247","0.495","0.6002","0.4801","0.5068","37860","Pensacola-Ferry Pass-Brent, FL","Metropolitan Statistical Area","22","6.85","76270","12932","0.1696","3115.78043378857"
"37077","Kim","Alexander","Richard","NC","Oxford","27565","10","FALSE","ABO, NPI, ENT Health","all_three_agree","TRUE","919-692-0003","General","2026-06-29","TRUE","Yes","Yes","Yes","2026-08-03","Complete","314","1679890917","TRUE","TRUE","919","NC","","valid","Rural","Accepting","With sampled physician","24","TRUE","TRUE","0.82","District 3","Mid-Atlantic/Southeast","0.6911","0.6659","0.7544","0.6314","0.5288","20500","Durham-Chapel Hill, NC","Metropolitan Statistical Area","1","1.64","12930","2291","0.1772","5322.14972483732"
"12057","Kim","Hall","Kathryn","FL","Plant City","33563","1","FALSE","ABO, NPI but not ENT Health","aboto_nppes_disagree_enthealth_missing","TRUE","(813) 250-2216","Facial Plastics","2026-06-29","FALSE","","","","","Incomplete","315","1568567931","TRUE","TRUE","813","FL","","valid","Urban","","","","FALSE","","0.64","District 4","Southeast","0.8236","0.7953","0.6184","0.6822","0.7823","45300","Tampa-St. Petersburg-Clearwater, FL","Metropolitan Statistical Area","68","4.63","271268","55926","0.2062","2561.68657493039"
"25017","Kim","Numa","William","MA","Winchester","01890","1","FALSE","ABO, NPI, ENT Health","all_three_agree","TRUE","(617) 694-6678","Facial Plastics","2026-06-29","TRUE","Yes","Yes","Yes","2026-08-10","Complete","316","1538157987","TRUE","TRUE","617","MA","","valid","Urban","Accepting","With sampled physician","29","TRUE","TRUE","0.74","District 1","New England","0.1932","0.0815","0.445","0.4033","0.3098","14460","Boston-Cambridge-Newton, MA-NH","Metropolitan Statistical Area","48","2.96","303248","61244","0.202","2023.04610416402"
"08087","Kim","Batuello","Stephen","CO","Fort Morgan","80701","4","FALSE","ABO, NPI, ENT Health","all_three_agree","TRUE","970-542-4371","General","2026-06-29","TRUE","","Not applicable","","","Complete","317","1508973843","TRUE","TRUE","970","CO","","valid","Rural","","","","FALSE","","0.83","District 7","Mountain/Southwest","0.748","0.6179","0.7389","0.6406","0.7818","22820","Fort Morgan, CO","Micropolitan Statistical Area","1","3.44","5686","967","0.1701",""
"47119","Kim","Corbin","Shaun","TN","Columbia","38401","4","FALSE","ABO, NPI, ENT Health","aboto_nppes_agree_enthealth_disagree","TRUE","931.380.9166","Sleep","2026-06-29","TRUE","Yes","No","","","Complete","318","1669421814","TRUE","TRUE","931","TN","","valid","Rural","Accepting","","","FALSE","","","District 4","Southeast","0.4222","0.4293","0.4793","0.3592","0.4357","34980","Nashville-Davidson--Murfreesboro--Franklin, TN","Metropolitan Statistical Area","2","1.96","25248","2643","0.1047","2584.58621056026"
"13285","Kim","McGowan","Diane","GA","LaGrange","30240","4","FALSE","ABO, NPI but not ENT Health","aboto_nppes_agree_enthealth_missing","TRUE","(706) 882-8831","Facial Plastics","2026-06-29","FALSE","","","","","Complete","319","1801822978","TRUE","TRUE","706","GA","","valid","Rural","","","","FALSE","","0.83","District 4","Southeast","0.5827","0.5928","0.6351","0.4956","0.533","29300","LaGrange, GA-AL","Micropolitan Statistical Area","3","4.31","14610","3418","0.2339",""
"42101","Kim","Abboud","Soo","PA","Philadelphia","19104","1","FALSE","ABO, NPI, ENT Health","all_three_agree","TRUE","800-789-7366","General","2026-06-29","TRUE","Yes","Yes","Yes","2026-07-21","Complete","320","1821033440","TRUE","TRUE","800","toll-free","","valid","Urban","Accepting","With sampled physician","15","TRUE","TRUE","0.68","District 2","Middle Atlantic","0.7158","0.7545","0.3337","0.7539","0.8654","37980","Philadelphia-Camden-Wilmington, PA-NJ-DE-MD","Metropolitan Statistical Area","120","7.53","265353","102081","0.3847","1307.1063181523"
"22115","Kim","Gozaine","Teofilo","LA","Leesville","71446","8","FALSE","ABO, NPI, ENT Health","all_three_agree","TRUE","337-239-2234","General","2026-06-29","TRUE","No-not specified why","Not applicable","","","Complete","321","1598764102","TRUE","TRUE","337","LA","","valid","Rural","Not accepting: unspecified","","","FALSE","","0.64","District 4","Southeast","0.6846","0.6178","0.7433","0.4306","0.6966","22860","Fort Polk South, LA","Micropolitan Statistical Area","3","6.19","8110","1712","0.2111",""
"18011","Kim","Lo","Emily","IN","Lebanon","46052","4","FALSE","ABO, NPI, ENT Health","all_three_agree","TRUE","(765) 485-8340","Facial Plastics","2026-06-29","TRUE","Yes","Yes","Yes","2026-07-27","Complete","322","1326365024","TRUE","TRUE","765","IN","","valid","Rural","Accepting","With sampled physician","19","TRUE","TRUE","0.96","District 5","Midwest","0.3942","0.416","0.4492","0.1446","0.5001","26900","Indianapolis-Carmel-Anderson, IN","Metropolitan Statistical Area","3","4.21","14007","1381","0.0986","1963.74743223321"
"06059","Kim","Yian","Christopher","CA","Laguna Hills","92653","1","FALSE","ABO, NPI, ENT Health","all_three_agree","TRUE","949 679 9000","General","2026-06-29","TRUE","Yes","Yes","Yes","2026-06-29","Complete","323","1003913336","TRUE","TRUE","949","CA","","valid","Urban","Accepting","With sampled physician","0","TRUE","TRUE","0.67","District 8","Pacific","0.428","0.3328","0.5139","0.5908","0.4827","31080","Los Angeles-Long Beach-Anaheim, CA","Metropolitan Statistical Area","101","3.18","591778","128882","0.2178","645.954567429514"
"04005","Kim","Werner","Terry","AZ","Tuba City","86045","7","FALSE","ABO, NPI but not ENT Health","aboto_nppes_agree_enthealth_missing","TRUE","866-976-5941","General","2026-06-29","TRUE","Yes","Yes","Yes","2026-06-29","Complete","324","1578545208","TRUE","TRUE","866","toll-free","","valid","Rural","Accepting","With sampled physician","0","TRUE","TRUE","0.98","District 7","Mountain/Southwest","0.8922","0.7762","0.8248","0.9626","0.8518","22380","Flagstaff, AZ","Metropolitan Statistical Area","4","2.76","24113","4509","0.187","9553.79735723547"
"21021","Kim","Doty","Jonathan","KY","Danville","40422","4","FALSE","ABO, NPI, ENT Health","all_three_agree","TRUE","(859) 236-0903","General","2026-06-29","TRUE","Yes","Yes","Yes","2026-08-03","Complete","325","1467412007","TRUE","TRUE","859","KY","","valid","Rural","Accepting","With sampled physician","24","TRUE","TRUE","0.69","District 4","Southeast","0.4794","0.5529","0.5406","0.2816","0.4004","19220","Danville, KY","Micropolitan Statistical Area","4","13.07","7452","1092","0.1465",""
"55131","Kim","Shera","April","WI","West Bend","53095","4","FALSE","ABO, NPI, ENT Health","all_three_agree","TRUE","262-836-7300","General","2026-06-29","TRUE","Yes","Yes","Yes","2026-09-15","Complete","326","1134375124","TRUE","TRUE","262","WI","","valid","Rural","Accepting","With sampled physician","54","TRUE","TRUE","0.66","District 5","Midwest","0.2225","0.1851","0.3289","0.1244","0.4615","33340","Milwaukee-Waukesha, WI","Metropolitan Statistical Area","2","1.46","33842","2159","0.0638","2942.33595720597"
"51059","Kim","Will","Naomi","VA","Fort Belvoir","22060","1","FALSE","ABO, NPI, ENT Health","all_three_agree","TRUE","(703) 858-4439","General","2026-06-30","TRUE","Yes","Yes","Yes","2026-09-08","Complete","327","1730509290","TRUE","TRUE","703","VA","","valid","Urban","Accepting","With sampled physician","48","TRUE","TRUE","0.83","District 3","Mid-Atlantic/Southeast","0.3613","0.2822","0.3128","0.6407","0.4736","47900","Washington-Arlington-Alexandria, DC-VA-MD-WV","Metropolitan Statistical Area","57","4.98","181062","15756","0.087","1110.8637569665"
"13175","Kim","Mullis","Thomas","GA","Dublin","31021","4","FALSE","ABO, NPI, ENT Health","all_three_agree","TRUE","(478) 272-8382","General","2026-06-30","TRUE","Yes","Yes","Yes","2026-08-03","Complete","328","1174743918","TRUE","TRUE","478","GA","","valid","Rural","Accepting","With sampled physician","23","TRUE","TRUE","0.83","District 4","Southeast","0.6719","0.7079","0.5517","0.6199","0.5771","20140","Dublin, GA","Micropolitan Statistical Area","2","4.05","11348","2933","0.2585",""
"42101","Kim","Huntley","Colin","PA","Philadelphia","19107","1","FALSE","ABO, NPI, ENT Health","aboto_nppes_agree_enthealth_disagree","TRUE","(215) 955-6760","General","2026-06-30","TRUE","Yes","Yes","Not applicable, no appointment offered with anyone in practice","","Complete","329","1881984169","TRUE","TRUE","215","PA","","valid","Urban","Accepting","No appointment offered","","FALSE","FALSE","0.68","District 2","Middle Atlantic","0.5793","0.5074","0.1597","0.6144","0.932","37980","Philadelphia-Camden-Wilmington, PA-NJ-DE-MD","Metropolitan Statistical Area","120","7.53","265353","102081","0.3847","1307.1063181523"
"23011","Kim","Chasse","William","ME","Waterville","04901","4","FALSE","ABO, NPI, ENT Health","all_three_agree","TRUE","(207) 873-0737","General","2026-06-30","TRUE","Yes","Yes","Yes","2026-09-01","Complete","330","1811094220","TRUE","TRUE","207","ME","","valid","Rural","Accepting","With sampled physician","44","TRUE","TRUE","0.78","District 1","New England","0.499","0.5223","0.4903","0.1282","0.6004","12300","Augusta-Waterville, ME","Micropolitan Statistical Area","4","3.23","34805","10426","0.2996",""
"17163","Kim","McGrady","Murray","IL","Belleville","62226","1","FALSE","ABO, NPI, ENT Health","all_three_agree","TRUE","618-235-3687","General","2026-06-30","TRUE","Yes","Yes","Yes","2026-07-16","Complete","331","1942203617","TRUE","TRUE","618","IL","","valid","Urban","Accepting","With sampled physician","11","TRUE","TRUE","0.63","District 5","Midwest","0.5222","0.4493","0.4205","0.5206","0.6542","41180","St. Louis, MO-IL","Metropolitan Statistical Area","5","1.95","53553","9448","0.1764","2705.99244132492"
"36045","Kim","Weir","Norman","NY","Watertown","13601","1","FALSE","ABO, NPI but not ENT Health","aboto_nppes_agree_enthealth_missing","TRUE","315-788-1751","General","2026-06-30","TRUE","No-not specified why","Not applicable","Not applicable, no appointment offered with anyone in practice","","Complete","332","1033147772","TRUE","TRUE","315","NY","","valid","Urban","Not accepting: unspecified","No appointment offered","","FALSE","FALSE","0.76","District 2","Middle Atlantic","0.5687","0.5648","0.4567","0.3214","0.6664","48060","Watertown-Fort Drum, NY","Metropolitan Statistical Area","7","5.96","22415","5607","0.2501","8317.11324675513"
"39007","Kim","Kim","Jong","OH","Ashtabula","44004","4","FALSE","ABO, NPI but not ENT Health","aboto_nppes_agree_enthealth_missing","TRUE","440-997-5781","General","2026-06-30","FALSE","","","","","Complete","333","1265449961","TRUE","TRUE","440","OH","","valid","Rural","","","","FALSE","","0.63","District 5","Midwest","0.7063","0.7186","0.8378","0.3288","0.5363","11780","Ashtabula, OH","Micropolitan Statistical Area","2","2.05","25117","4914","0.1956",""
"26161","Kim","Bradford","Carol","MI","Ann Arbor","48109","1","FALSE","ABO, NPI, ENT Health","all_three_agree","FALSE","(614) 292-2600","General","","","No-changed practices","","","","Complete","334","1710074588","TRUE","TRUE","614","OH","","valid","Urban","Not accepting: changed practice","","","FALSE","","0.76","District 5","Midwest","0.4033","0.6164","0.0058","0.5079","0.7649","11460","Ann Arbor, MI","Metropolitan Statistical Area","59","15.94","67810","7850","0.1158","4997.65190023601"
"13275","Kim","Williams-Rahming","Lorraine","GA","Thomasville","31792","4","FALSE","ABO, NPI, ENT Health","all_three_agree","TRUE","229-228-2400","General","2026-06-30","TRUE","Yes","Yes","Yes","2026-09-01","Complete","335","1386656593","TRUE","TRUE","229","GA","","valid","Rural","Accepting","With sampled physician","44","TRUE","TRUE","0.83","District 4","Southeast","0.6767","0.6981","0.6314","0.6329","0.5503","45620","Thomasville, GA","Micropolitan Statistical Area","3","6.57","11445","2989","0.2612",""
"49007","Kim","Lyman","Erik","UT","Price","84501","4","FALSE","ABO, NPI, ENT Health","all_three_agree","TRUE","(435) 637-4327","General","2026-06-30","TRUE","Yes","Yes","Yes","2026-07-23","Complete","336","1568680122","TRUE","TRUE","435","UT","","valid","Rural","Accepting","With sampled physician","16","TRUE","TRUE","0.8","District 7","Mountain/Southwest","0.6597","0.5948","0.6619","0.337","0.7505","39220","Price, UT","Micropolitan Statistical Area","1","4.92","4891","595","0.1217",""
"42093","Kim","Altman","Kenneth","PA","Danville","17822","7","FALSE","ABO, NPI, ENT Health","all_three_agree","TRUE","570 271 5040","Laryngology","2026-07-01","TRUE","Yes","Yes","Yes","2026-08-31","Complete","337","1518927409","TRUE","TRUE","570","PA","","valid","Rural","Accepting","With sampled physician","42","TRUE","TRUE","0.68","District 2","Middle Atlantic","0.613","0.2973","0.7904","0.3227","0.8777","14100","Bloomsburg-Berwick, PA","Metropolitan Statistical Area","17","93.59","4773","639","0.1339",""
"06037","Kim","Sugerman","Joseph","CA","Beverly Hills","90210","1","FALSE","ABO, NPI but not ENT Health","aboto_nppes_agree_enthealth_missing","TRUE","310-274-6005","General","2026-07-01","TRUE","Yes","Yes","Yes","2026-07-01","Complete","338","1730268251","TRUE","TRUE","310","CA","","valid","Urban","Accepting","With sampled physician","0","TRUE","TRUE","0.67","District 8","Pacific","0.2142","0.219","0.5189","0.308","0.1883","31080","Los Angeles-Long Beach-Anaheim, CA","Metropolitan Statistical Area","391","3.93","1680860","546396","0.3251","645.954567429514"
"21049","Kim","Edwards","Kaitlyn","KY","Winchester","40391","4","FALSE","ABO, NPI, ENT Health","all_three_agree","TRUE","859.737.8483","General","2026-07-01","TRUE","Yes","Yes","Yes","2026-07-02","Complete","339","1902339914","TRUE","TRUE","859","KY","","valid","Rural","Accepting","With sampled physician","1","TRUE","TRUE","0.69","District 4","Southeast","0.4858","0.5099","0.5807","0.1678","0.5032","30460","Lexington-Fayette, KY","Metropolitan Statistical Area","2","5.42","8666","1473","0.17","3358.29569854849"
"37021","Kim","Currens","John","NC","Asheville","28803","1","FALSE","ABO, NPI, ENT Health","all_three_agree","TRUE","(828) 254-3517","General","2026-07-01","FALSE","","Not applicable","Not applicable, no appointment offered with anyone in practice","","Complete","340","1891897021","TRUE","TRUE","828","NC","","valid","Urban","","No appointment offered","","FALSE","FALSE","0.82","District 3","Mid-Atlantic/Southeast","0.5657","0.5099","0.5375","0.3107","0.6936","11700","Asheville, NC","Metropolitan Statistical Area","13","4.82","66850","8892","0.133","6315.50034220692"
"26103","Kim","Heichel","Philip","MI","Marquette","49855","4","TRUE","ABO, NPI but not ENT Health","aboto_nppes_agree_enthealth_missing","TRUE","906-225-7660","General","2026-07-01","TRUE","Yes","Yes","Not applicable, no appointment offered with anyone in practice","","Complete","341","1790132504","TRUE","TRUE","906","MI","","valid","Rural","Accepting","No appointment offered","","FALSE","FALSE","0.76","District 5","Midwest","0.3627","0.4774","0.1566","0.1478","0.6045","32100","Marquette, MI","Micropolitan Statistical Area","2","3.01","16783","2000","0.1192",""
"42119","Kim","Bruce","William","PA","Lewisburg","17837","4","FALSE","ABO, NPI but not ENT Health","aboto_nppes_agree_enthealth_missing","TRUE","(570) 523-1163","General","2026-07-01","FALSE","No-retired or no longer practicing medicine","","","","Complete","342","1174504567","TRUE","TRUE","570","PA","","valid","Rural","Not accepting: retired/left","","","FALSE","","0.68","District 2","Middle Atlantic","0.3667","0.3285","0.4035","0.2202","0.4808","30260","Lewisburg, PA","Micropolitan Statistical Area","1","2.33","9085","1080","0.1189",""
"29161","Kim","Kriete","Brian","MO","Rolla","65401","4","TRUE","ABO, NPI, ENT Health","all_three_agree","TRUE","(573) 364-5719","General","2026-07-01","TRUE","No-not specified why","Not applicable","Not applicable, no appointment offered with anyone in practice","","Complete","343","1134319858","TRUE","TRUE","573","MO","","valid","Rural","Not accepting: unspecified","No appointment offered","","FALSE","FALSE","0.86","District 6","Central","0.5111","0.5335","0.4909","0.2455","0.5708","40620","Rolla, MO","Micropolitan Statistical Area","3","6.69","9809","1684","0.1717",""
"34003","Kim","Agarwal","Jay","NJ","Hackensack","07601","1","FALSE","ABO, NPI but not ENT Health","aboto_nppes_agree_enthealth_missing","TRUE","908-722-1022","General","2026-07-01","FALSE","","","","","Incomplete","344","1326433616","TRUE","TRUE","908","NJ","","valid","Urban","","","","FALSE","","0.61","District 2","Middle Atlantic","0.7455","0.7067","0.4425","0.8088","0.7781","35620","New York-Newark-Jersey City, NY-NJ-PA","Metropolitan Statistical Area","36","3.78","191031","22153","0.116","675.82644634067"
"30029","Kim","Ramsey","Mitchell","MT","Kalispell","59901","4","FALSE","ABO, NPI but not ENT Health","aboto_nppes_disagree_enthealth_missing","TRUE","(406) 752-8330","Otology/neurotology","2026-07-01","TRUE","Yes","Yes","Yes","2026-07-08","Complete","345","1730148156","TRUE","TRUE","406","MT","","valid","Rural","Accepting","With sampled physician","4","TRUE","TRUE","1.32","District 7","Mountain/Southwest","0.4125","0.4377","0.4099","0.1483","0.5445","28060","Kalispell, MT","Micropolitan Statistical Area","6","5.66","28493","2205","0.0774",""
"49045","Kim","Knight","Jesse","UT","Tooele","84074","4","FALSE","ABO, NPI but not ENT Health","aboto_nppes_agree_enthealth_missing","TRUE","435-833-9600","General","2026-07-01","TRUE","Yes","Yes","Yes","2026-07-21","Complete","346","1780844431","TRUE","TRUE","435","UT","","valid","Rural","Accepting","With sampled physician","13","TRUE","TRUE","0.8","District 7","Mountain/Southwest","0.294","0.3094","0.358","0.3282","0.3516","41620","Salt Lake City, UT","Metropolitan Statistical Area","2","2.7","9972","865","0.0867","3136.16587182606"
"13121","Kim","White","Ann","GA","Alpharetta","30005","1","FALSE","ABO, NPI but not ENT Health","aboto_nppes_disagree_enthealth_missing","TRUE","(770) 777-1100","General","2026-07-01","TRUE","No-not specified why","","Not applicable, no appointment offered with anyone in practice","","Incomplete","347","1508829417","TRUE","TRUE","770","GA","","valid","Urban","Not accepting: unspecified","No appointment offered","","FALSE","FALSE","0.83","District 4","Southeast","0.1599","0.1037","0.2083","0.6322","0.2732","12060","Atlanta-Sandy Springs-Alpharetta, GA","Metropolitan Statistical Area","100","9.42","161512","33477","0.2073","2026.24940839798"
"27053","Kim","Froymovich","Oleg","MN","Minneapolis","55454","1","FALSE","ABO, NPI, ENT Health","nppes_enthealth_agree_aboto_disagree","TRUE","612-626-5900","General","2026-07-02","TRUE","","Not applicable","Not applicable, no appointment offered with anyone in practice","","Complete","348","1417912015","TRUE","TRUE","612","MN","","valid","Urban","","No appointment offered","","FALSE","FALSE","0.74","District 5","Midwest","0.8843","0.8768","0.5875","0.8132","0.9776","33460","Minneapolis-St. Paul-Bloomington, MN-WI","Metropolitan Statistical Area","78","6.14","225642","29801","0.1321","2446.00113133122"
"19123","Kim","Pettis","Robert","IA","Oskaloosa","52577","4","FALSE","ABO, NPI, ENT Health","aboto_nppes_agree_enthealth_disagree","TRUE","641.672.3360","General","2026-07-02","TRUE","No-not specified why","Not applicable","Not applicable, no appointment offered with anyone in practice","","Complete","349","1427082346","TRUE","TRUE","641","IA","","valid","Rural","Not accepting: unspecified","No appointment offered","","FALSE","FALSE","0.77","District 5","Midwest","0.4876","0.4148","0.5897","0.1384","0.6214","36820","Oskaloosa, IA","Micropolitan Statistical Area","1","4.53","4926","710","0.1441",""
"25025","Kim","Lam","Allen","MA","Boston","02115","1","FALSE","ABO, NPI, ENT Health","all_three_agree","TRUE","617-630-1699","General","2026-07-02","TRUE","","Not applicable","Not applicable, no appointment offered with anyone in practice","","Complete","350","1407177769","TRUE","TRUE","617","MA","","valid","Urban","","No appointment offered","","FALSE","FALSE","0.74","District 1","New England","0.6087","0.6542","0.1839","0.6233","0.8591","14460","Boston-Cambridge-Newton, MA-NH","Metropolitan Statistical Area","139","17.7","113713","50389","0.4431","2023.04610416402"
"53067","Kim","Sautter","Nathan","WA","Olympia","98506","1","FALSE","ABO, NPI, ENT Health","all_three_agree","TRUE","(360) 357-6314","Rhinology","2026-07-02","TRUE","","","","","Incomplete","351","1457472961","TRUE","TRUE","360","WA","","valid","Urban","","","","FALSE","","0.64","District 8","Pacific","0.3991","0.383","0.5241","0.2987","0.4301","36500","Olympia-Lacey-Tumwater, WA","Metropolitan Statistical Area","9","3.06","69484","9222","0.1327","6866.91829601632"
"17001","Kim","Sheffield","Abraham","IL","Quincy","62301","4","FALSE","ABO, NPI, ENT Health","aboto_nppes_agree_enthealth_disagree","TRUE","(217) 357-2173","General","2026-07-02","TRUE","Yes","Yes","Yes","2026-09-28","Complete","352","1841552411","TRUE","TRUE","217","IL","","valid","Rural","Accepting","With sampled physician","60","TRUE","TRUE","0.63","District 5","Midwest","0.4621","0.4389","0.5338","0.2125","0.5528","39500","Quincy, IL-MO","Micropolitan Statistical Area","10","15.25","15736","2401","0.1526",""
"37135","Kim","Drake","Amelia","NC","Chapel Hill","27599","1","FALSE","ABO, NPI, ENT Health","aboto_nppes_agree_enthealth_disagree","TRUE","984-974-6484","Pediatrics","2026-07-02","TRUE","Yes","Yes","Yes","2026-09-01","Complete","353","1477654051","TRUE","TRUE","984","NC","","valid","Urban","Accepting","With sampled physician","42","TRUE","TRUE","0.82","District 3","Mid-Atlantic/Southeast","0.5225","0.4331","0.0123","0.5675","0.9965","20500","Durham-Chapel Hill, NC","Metropolitan Statistical Area","25","17.13","28715","2408","0.0839","5322.14972483732"
"42027","Kim","Driskill","Brent","PA","State College","16801","1","TRUE","ABO, NPI but not ENT Health","aboto_nppes_agree_enthealth_missing","TRUE","814.466.6396","General","2026-07-02","TRUE","No-changed practices","Not applicable","Not applicable, no appointment offered with anyone in practice","","Complete","354","1477612372","TRUE","TRUE","814","PA","","valid","Urban","Not accepting: changed practice","No appointment offered","","FALSE","FALSE","0.68","District 2","Middle Atlantic","0.3283","0.4155","0.0661","0.3089","0.6991","44300","State College, PA","Metropolitan Statistical Area","7","4.41","27867","2494","0.0895","10000"
"51155","Kim","Nelson","Jennifer","VA","Radford","24141","4","FALSE","ABO, NPI but not ENT Health","aboto_nppes_agree_enthealth_missing","TRUE","(540) 443-7400","General","2026-07-02","TRUE","Yes","Yes","Yes","2026-10-01","Complete","355","1942439096","TRUE","TRUE","540","VA","","valid","Rural","Accepting","With sampled physician","63","TRUE","TRUE","0.83","District 3","Mid-Atlantic/Southeast","0.3823","0.5187","0.2229","0.2521","0.5084","13980","Blacksburg-Christiansburg, VA","Metropolitan Statistical Area","3","8.86","9086","1405","0.1546","5049.19636440092"
"27049","Kim","Coyle","Brian","MN","Red Wing","55066","4","FALSE","ABO, NPI but not ENT Health","aboto_nppes_agree_enthealth_missing","TRUE","507-444-5062","Pediatrics","2026-07-02","TRUE","Yes","Yes","Yes","2026-09-10","Complete","356","1598732836","TRUE","TRUE","507","MN","","valid","Rural","Accepting","With sampled physician","48","TRUE","TRUE","0.74","District 5","Midwest","0.5262","0.466","0.3687","0.2027","0.7978","39860","Red Wing, MN","Micropolitan Statistical Area","2","4.19","12211","1060","0.0868",""
"21111","Kim","Bumpous","Jeffrey","KY","Louisville","40202","1","FALSE","ABO, NPI but not ENT Health","aboto_nppes_agree_enthealth_missing","TRUE","502-583-3687","Head and Neck Cancer","2026-07-02","TRUE","No-retired or no longer practicing medicine","No","","","Complete","357","1508846528","TRUE","TRUE","502","KY","","valid","Urban","Not accepting: retired/left","","","FALSE","","0.69","District 4","Southeast","0.8277","0.7916","0.4319","0.7083","0.9377","31140","Louisville/Jefferson County, KY-IN","Metropolitan Statistical Area","48","6.16","161143","23838","0.1479","3460.94967946345"
"56033","Kim","Bateman","Scott","WY","Sheridan","82801","4","FALSE","ABO, NPI, ENT Health","all_three_agree","TRUE","307-672-0290","General","2026-07-02","TRUE","Yes","Yes","Yes","2026-07-21","Complete","358","1922184647","TRUE","TRUE","307","WY","","valid","Rural","Accepting","With sampled physician","12","TRUE","TRUE","1","District 7","Mountain/Southwest","0.4546","0.431","0.3048","0.1748","0.7039","43260","Sheridan, WY","Micropolitan Statistical Area","2","6.42","8835","683","0.0773",""
"18097","Kim","Newell","Maximillian","IN","Indianapolis","46237","1","FALSE","ABO, NPI, ENT Health","all_three_agree","TRUE","(317) 528-6640","General","2026-07-02","TRUE","Yes","Yes","Yes","2026-07-17","Complete","359","1689731937","TRUE","TRUE","317","IN","","valid","Urban","Accepting","With sampled physician","10","TRUE","TRUE","0.96","District 5","Midwest","0.3379","0.3465","0.4655","0.3966","0.2962","26900","Indianapolis-Carmel-Anderson, IN","Metropolitan Statistical Area","50","5.15","157409","37524","0.2384","1963.74743223321"
"48201","Kim","Franklin","Daniel","TX","Houston","77064","1","FALSE","ABO, NPI, ENT Health","aboto_enthealth_agree_nppes_disagree","TRUE","(832) 678-8333","Otology/neurotology","2026-07-02","TRUE","No-retired or no longer practicing medicine","Not applicable","Not applicable, no appointment offered with anyone in practice","","Complete","360","1336126598","TRUE","TRUE","832","TX","","valid","Urban","Not accepting: retired/left","No appointment offered","","FALSE","FALSE","0.63","District 6","Central","0.5639","0.6545","0.4452","0.8315","0.4065","26420","Houston-The Woodlands-Sugar Land, TX","Metropolitan Statistical Area","229","4.85","649936","101124","0.1556","2267.03553574242"
"01095","Gregg","Masdon","James","AL","Guntersville","35976","4","FALSE","ABO, NPI, ENT Health","all_three_agree","TRUE","256-571-8450","General","2026-06-01","TRUE","Yes","Yes","Yes","2026-06-10","Complete","361","1295848471","TRUE","TRUE","256","AL","","valid","Rural","Accepting","With sampled physician","7","TRUE","TRUE","0.92","District 4","Southeast","0.5679","0.5651","0.6224","0.289","0.57","10700","Albertville, AL","Micropolitan Statistical Area","3","3.06","22303","4437","0.1989",""
"49043","Gregg","Haack","Jason","WY","Evanston","82930","4","FALSE","ABO, NPI, ENT Health","aboto_enthealth_agree_nppes_disagree","TRUE","307-789-8721","General","2026-06-01","TRUE","Yes","Yes","Yes","2026-06-29","Complete","362","1407832728","TRUE","TRUE","307","WY","","valid","Rural","Accepting","With sampled physician","19","TRUE","TRUE","1","District 7","Mountain/Southwest","0.4303","0.3472","0.4383","0.2133","0.6247","25720","Heber, UT","Micropolitan Statistical Area","1","2.35","8306","154","0.0185",""
"28081","Gregg","McAuley","James","MS","Tupelo","38801","4","FALSE","ABO, NPI, ENT Health","nppes_enthealth_agree_aboto_disagree","TRUE","662-844-6513","Otology/neurotology","2026-06-01","TRUE","Yes","Yes","Yes","2026-06-02","Complete","363","1598776338","TRUE","TRUE","662","MS","","valid","Rural","Accepting","With sampled physician","1","TRUE","TRUE","0.93","District 4","Southeast","0.7316","0.6693","0.7046","0.6698","0.6841","46180","Tupelo, MS","Micropolitan Statistical Area","7","8.4","19025","4515","0.2373",""
"51059","Gregg","Rubinstein","Mark","VA","Fairfax","22031","1","FALSE","ABO, NPI, ENT Health","aboto_enthealth_agree_nppes_disagree","TRUE","7033838130","Facial Plastics","2026-06-01","TRUE","Yes","Yes","Yes","2026-06-17","Complete","364","1003871971","TRUE","TRUE","703","VA","","valid","Urban","Accepting","With sampled physician","12","TRUE","TRUE","0.83","District 3","Mid-Atlantic/Southeast","0.3268","0.296","0.2822","0.6485","0.4362","47900","Washington-Arlington-Alexandria, DC-VA-MD-WV","Metropolitan Statistical Area","57","4.98","181062","15756","0.087","1110.8637569665"
"13285","Gregg","Mathews","Shawn","GA","LaGrange","30240","4","FALSE","ABO, NPI, ENT Health","all_three_agree","TRUE","706-803-7960","General","2026-06-02","FALSE","","","Not applicable, no appointment offered with anyone in practice","","Complete","365","1043341043","TRUE","TRUE","706","GA","","valid","Rural","","No appointment offered","","FALSE","FALSE","0.83","District 4","Southeast","0.5827","0.5928","0.6351","0.4956","0.533","29300","LaGrange, GA-AL","Micropolitan Statistical Area","3","4.31","14610","3418","0.2339",""
"09003","Gregg","Seeley","Brook","CT","Farmington","06030","1","FALSE","ABO, NPI, ENT Health","aboto_enthealth_agree_nppes_disagree","TRUE","860-676-2472","Facial Plastics","2026-06-02","TRUE","Yes","Yes","Yes","2026-06-09","Complete","366","1437145224","TRUE","TRUE","860","CT","","valid","Urban","Accepting","With sampled physician","5","TRUE","TRUE","0.79","District 1","New England","","","","","","25540","Hartford-East Hartford-Middletown, CT","Metropolitan Statistical Area","","","","","","3297.15015496476"
"51077","Gregg","Gillespie","Cameron","VA","Galax","24333","8","FALSE","ABO, NPI but not ENT Health","aboto_nppes_agree_enthealth_missing","TRUE","336-372-5511","General","2026-06-02","TRUE","Yes","Yes","Yes","2026-06-30","Complete","367","1790747889","TRUE","TRUE","336","NC","","valid","Rural","Accepting","With sampled physician","19","TRUE","TRUE","0.83","District 3","Mid-Atlantic/Southeast","0.6881","0.7101","0.72","0.2539","0.6283","","","","1","6.51","4510","840","0.1863",""
"41051","Gregg","Wax","Mark","OR","Portland","97239","1","FALSE","ABO, NPI, ENT Health","all_three_agree","TRUE","503-494-5355","Head and Neck Cancer","2026-06-01","TRUE","Yes","No","No-but appointment offered with different physician","2026-10-01","Complete","368","1912912429","TRUE","TRUE","503","OR","","valid","Urban","Accepting","With different physician","85","TRUE","FALSE","0.88","District 8","Pacific","0.2886","0.1982","0.2337","0.3721","0.6321","38900","Portland-Vancouver-Hillsboro, OR-WA","Metropolitan Statistical Area","57","7.05","137010","31700","0.2314","2351.88604164786"
"39049","Gregg","VanKoevering","Kyle","OH","Columbus","43210","1","FALSE","ABO, NPI, ENT Health","all_three_agree","TRUE","614-293-8074","General","2026-06-23","TRUE","Yes","No","Not applicable, no appointment offered with anyone in practice","","Complete","369","1750642823","TRUE","TRUE","614","OH","","valid","Urban","Accepting","No appointment offered","","FALSE","FALSE","0.63","District 5","Midwest","0.308","0.3879","0.0246","0.4502","0.7318","18140","Columbus, OH","Metropolitan Statistical Area","83","6.3","205689","37436","0.182","2961.67116820975"
"53033","Gregg","Perkins","Jonathan","WA","Seattle","98105","1","FALSE","ABO, NPI, ENT Health","aboto_nppes_agree_enthealth_disagree","TRUE","2069872105","Pediatrics","2026-06-01","TRUE","Yes","Yes","No-but appointment offered with APP","2026-08-01","Complete","370","1104907468","TRUE","TRUE","206","WA","","valid","Urban","Accepting","With APP only","42","TRUE","FALSE","0.64","District 8","Pacific","0.4179","0.4563","0.0677","0.5675","0.7641","42660","Seattle-Tacoma-Bellevue, WA","Metropolitan Statistical Area","153","6.79","360943","57362","0.1589","2219.59967329526"
"37049","Gregg","Arrowood","John","NC","New Bern","28562","4","FALSE","ABO, NPI but not ENT Health","aboto_nppes_agree_enthealth_missing","TRUE","252-638-2515","General","2026-06-02","TRUE","No-changed practices","Not applicable","No-but appointment offered with different physician","2026-06-10","Complete","371","1184663981","TRUE","TRUE","252","NC","","valid","Rural","Not accepting: changed practice","With different physician","6","TRUE","FALSE","0.82","District 3","Mid-Atlantic/Southeast","0.4743","0.3847","0.5078","0.4421","0.562","35100","New Bern, NC","Metropolitan Statistical Area","10","9.89","28064","3603","0.1284",""
"39029","Gregg","Coleman","Gary","OH","Columbiana","44408","7","FALSE","ABO, NPI, ENT Health","all_three_agree","TRUE","330-892-0442","General","2026-06-02","TRUE","Yes","Yes","Yes","2026-06-22","Complete","372","1497758643","TRUE","TRUE","330","OH","","valid","Rural","Accepting","With sampled physician","13","TRUE","TRUE","0.63","District 5","Midwest","0.3498","0.3309","0.3974","0.1085","0.5481","41400","Salem, OH","Micropolitan Statistical Area","1","0.98","26744","4385","0.164",""
"11001","Gregg","Somenek","Michael","DC","Washington","20037","1","FALSE","ABO, NPI but not ENT Health","aboto_nppes_agree_enthealth_missing","TRUE","202-931-5394","Facial Plastics","2026-06-05","TRUE","Yes","Yes","Yes","2026-07-09","Complete","373","1881853448","TRUE","TRUE","202","DC","","valid","Urban","Accepting","With sampled physician","22","TRUE","TRUE","0.81","District 3","Mid-Atlantic/Southeast","0.3703","0.3442","0.0708","0.4912","0.815","47900","Washington-Arlington-Alexandria, DC-VA-MD-WV","Metropolitan Statistical Area","55","8.2","97164","23661","0.2435","1110.8637569665"
"21021","Gregg","Ballard","Peter","KY","Danville","40422","4","FALSE","ABO, NPI but not ENT Health","aboto_nppes_agree_enthealth_missing","TRUE","859-936-9430","General","2026-06-02","FALSE","","","","","Complete","374","1134230709","TRUE","TRUE","859","KY","","valid","Rural","","","","FALSE","","0.69","District 4","Southeast","0.4794","0.5529","0.5406","0.2816","0.4004","19220","Danville, KY","Micropolitan Statistical Area","4","13.07","7452","1092","0.1465",""
"48201","Gregg","Pytynia","Kristen","TX","Houston","77030","1","FALSE","ABO, NPI, ENT Health","all_three_agree","TRUE","7137926525","Head and Neck Cancer","2026-06-02","TRUE","Yes","Yes","Yes","2026-06-02","Complete","375","1497702419","TRUE","TRUE","713","TX","","valid","Urban","Accepting","With sampled physician","0","TRUE","TRUE","0.63","District 6","Central","0.3657","0.3063","0.0952","0.6222","0.7287","26420","Houston-The Woodlands-Sugar Land, TX","Metropolitan Statistical Area","229","4.85","649936","101124","0.1556","2267.03553574242"
"06083","Gregg","Golgert","Rebecca","CA","Santa Barbara","93105","1","FALSE","ABO, NPI, ENT Health","all_three_agree","TRUE","805-563-1999","General","2026-06-01","TRUE","Yes","Yes","Yes","2026-10-12","Complete","376","1609823210","TRUE","TRUE","805","CA","","valid","Urban","Accepting","With sampled physician","91","TRUE","TRUE","0.67","District 8","Pacific","0.3024","0.2508","0.188","0.3997","0.569","42200","Santa Maria-Santa Barbara, CA","Metropolitan Statistical Area","19","4.27","85399","16010","0.1875","4519.49368365775"
"18145","Gregg","Zormeier","Michele","IN","Shelbyville","46176","4","FALSE","ABO, NPI but not ENT Health","aboto_nppes_agree_enthealth_missing","TRUE","317-699-8848","Facial Plastics","2026-06-05","TRUE","Yes","No","Not applicable, no appointment offered with anyone in practice","","Complete","377","1710019609","TRUE","TRUE","317","IN","","valid","Rural","Accepting","No appointment offered","","FALSE","FALSE","0.96","District 5","Midwest","0.5577","0.4764","0.5518","0.1672","0.7397","26900","Indianapolis-Carmel-Anderson, IN","Metropolitan Statistical Area","1","2.23","10339","1881","0.1819","1963.74743223321"
"06085","Gregg","Koltai","Peter","CA","Palo Alto","94304","1","FALSE","ABO, NPI but not ENT Health","aboto_nppes_agree_enthealth_missing","TRUE","6507244800","Pediatrics","2026-06-01","TRUE","No-retired or no longer practicing medicine","Not applicable","No-but appointment offered with different physician","2026-09-28","Complete","378","1417006362","TRUE","TRUE","650","CA","","valid","Urban","Not accepting: retired/left","With different physician","82","TRUE","FALSE","0.67","District 8","Pacific","0.4303","0.1722","0.4441","0.63","0.862","41940","San Jose-Sunnyvale-Santa Clara, CA","Metropolitan Statistical Area","133","6.94","306874","70635","0.2302","2149.93630005899"
"48213","Gregg","Elkins","Tina","TX","Athens","75751","4","FALSE","ABO, NPI, ENT Health","all_three_agree","TRUE","903-676-3316","General","2026-06-02","TRUE","Yes","Yes","Yes","2026-08-01","Complete","379","1013067982","TRUE","TRUE","903","TX","","valid","Rural","Accepting","With sampled physician","41","TRUE","TRUE","0.63","District 6","Central","0.7626","0.648","0.6015","0.5525","0.8439","11980","Athens, TX","Micropolitan Statistical Area","1","1.21","22409","2826","0.1261",""
"12011","Gregg","Allen","Samantha","FL","Hollywood","33021","1","FALSE","ABO, NPI but not ENT Health","aboto_nppes_agree_enthealth_missing","TRUE","954-265-1616","Pediatrics","2026-06-02","TRUE","No-changed practices","Not applicable","No-but appointment offered with different physician","2026-06-29","Complete","380","1578957486","TRUE","TRUE","954","FL","","valid","Urban","Not accepting: changed practice","With different physician","18","TRUE","FALSE","0.64","District 4","Southeast","0.696","0.6061","0.697","0.678","0.6761","33100","Miami-Fort Lauderdale-Pompano Beach, FL","Metropolitan Statistical Area","50","2.58","371425","82992","0.2234","1246.01736914087"
"48157","Gregg","Prasad","Abhishek","TX","Sugar Land","77478","1","FALSE","ABO, NPI but not ENT Health","aboto_nppes_agree_enthealth_missing","TRUE","713-442-9100","General","2026-06-02","TRUE","Yes","Yes","Yes","2026-07-23","Complete","381","1740496496","TRUE","TRUE","713","TX","","valid","Urban","Accepting","With sampled physician","35","TRUE","TRUE","0.63","District 6","Central","0.4116","0.3833","0.5123","0.7037","0.3461","26420","Houston-The Woodlands-Sugar Land, TX","Metropolitan Statistical Area","14","1.68","131451","15162","0.1153","2267.03553574242"
"06037","Gregg","Cohen","Alen","CA","West Hills","91307","1","FALSE","ABO, NPI, ENT Health","aboto_enthealth_agree_nppes_disagree","TRUE","818-452-5981","General","2026-06-02","TRUE","Yes","Yes","Yes","2026-06-10","Complete","382","1003934258","TRUE","TRUE","818","CA","","valid","Urban","Accepting","With sampled physician","6","TRUE","TRUE","0.67","District 8","Pacific","0.361","0.3868","0.3779","0.5869","0.3379","31080","Los Angeles-Long Beach-Anaheim, CA","Metropolitan Statistical Area","391","3.93","1680860","546396","0.3251","645.954567429514"
"12021","Gregg","Connor","Matthew","FL","Naples","34102","1","FALSE","ABO, NPI, ENT Health","all_three_agree","TRUE","239-262-1171","General","2026-06-02","TRUE","Yes","Yes","Not applicable, no appointment offered with anyone in practice","","Complete","383","1831412295","TRUE","TRUE","239","FL","","valid","Urban","Accepting","No appointment offered","","FALSE","FALSE","0.64","District 4","Southeast","0.2819","0.2817","0.2419","0.2208","0.3995","34940","Naples-Marco Island, FL","Metropolitan Statistical Area","23","6.05","121125","8734","0.0721","5645.20211085369"
"48005","Gregg","Humphreys","Brian","TX","Lufkin","75904","4","FALSE","ABO, NPI, ENT Health","all_three_agree","TRUE","936-699-3141","General","2026-06-02","TRUE","Yes","Yes","Yes","2026-06-17","Complete","384","1326088469","TRUE","TRUE","936","TX","","valid","Rural","Accepting","With sampled physician","11","TRUE","TRUE","0.63","District 6","Central","0.7893","0.7308","0.7711","0.5693","0.7333","31260","Lufkin, TX","Micropolitan Statistical Area","1","1.15","18905","2969","0.157",""
"19041","Gregg","Espelund","Joshua","IA","Spencer","51301","4","FALSE","ABO, NPI, ENT Health","all_three_agree","TRUE","712-262-8120","General","2026-06-04","FALSE","","","Not applicable, no appointment offered with anyone in practice","","Complete","385","1225158819","TRUE","TRUE","712","IA","","valid","Rural","","No appointment offered","","FALSE","FALSE","0.77","District 5","Midwest","0.4388","0.3568","0.6124","0.1305","0.5443","43980","Spencer, IA","Micropolitan Statistical Area","1","6.09","4279","519","0.1213",""
"36053","Gregg","Ackerman","Kayla","NY","Oneida","13421","4","FALSE","ABO, NPI, ENT Health","all_three_agree","TRUE","315-363-5421","General","2026-06-05","TRUE","No-on leave of absence (like parental leave)","Not applicable","Not applicable, no appointment offered with anyone in practice","","Complete","386","1124525662","TRUE","TRUE","315","NY","","valid","Rural","Not accepting: on leave","No appointment offered","","FALSE","FALSE","0.76","District 2","Middle Atlantic","0.4302","0.3718","0.5168","0.1273","0.6044","45060","Syracuse, NY","Metropolitan Statistical Area","2","2.94","16479","3243","0.1968","3031.64828081992"
"49035","Gregg","Dahl","Matthew","UT","Salt Lake City","84102","1","FALSE","ABO, NPI but not ENT Health","aboto_nppes_agree_enthealth_missing","TRUE","801-758-0428","General","2026-06-02","TRUE","Yes","Yes","Yes","2026-06-04","Complete","387","1679666556","TRUE","TRUE","801","UT","","valid","Urban","Accepting","With sampled physician","2","TRUE","TRUE","0.8","District 7","Mountain/Southwest","0.4774","0.6095","0.0618","0.4109","0.7546","41620","Salt Lake City, UT","Metropolitan Statistical Area","55","4.66","164023","14391","0.0877","3136.16587182606"
"26163","Gregg","Eide","Jacob","MI","Detroit","48202","1","FALSE","ABO, NPI but not ENT Health","aboto_nppes_agree_enthealth_missing","TRUE","507-538-3270","Rhinology","2026-06-02","TRUE","Yes","Yes","Yes","2026-09-01","Complete","388","1386008084","TRUE","TRUE","507","MN","","valid","Urban","Accepting","With sampled physician","63","TRUE","TRUE","0.76","District 5","Midwest","0.6998","0.7073","0.359","0.8083","0.7558","19820","Detroit-Warren-Dearborn, MI","Metropolitan Statistical Area","43","2.41","349465","84481","0.2417","2868.32054462795"
"41071","Gregg","Pfendler","David","OR","McMinnville","97128","4","FALSE","ABO, NPI but not ENT Health","aboto_nppes_agree_enthealth_missing","","","General","","","No-retired or no longer practicing medicine","Not applicable","","","Complete","389","1568466282","TRUE","FALSE","","","","missing","Rural","Not accepting: retired/left","","","FALSE","","0.88","District 8","Pacific","0.7606","0.6051","0.8021","0.4163","0.8187","38900","Portland-Vancouver-Hillsboro, OR-WA","Metropolitan Statistical Area","2","1.86","24556","3870","0.1576","2351.88604164786"
"55141","Gregg","Condon","Kenneth","WI","Marshfield","54449","4","FALSE","ABO, NPI but not ENT Health","aboto_nppes_disagree_enthealth_missing","","","General","","","No-retired or no longer practicing medicine","Not applicable","","","Complete","390","1215994363","TRUE","FALSE","","","","missing","Rural","Not accepting: retired/left","","","FALSE","","0.66","District 5","Midwest","0.3303","0.2385","0.3661","0.1197","0.6473","49220","Wisconsin Rapids-Marshfield, WI","Micropolitan Statistical Area","6","8.09","20707","3008","0.1453",""
"40147","Gregg","Robertson","Mark","OK","Bartlesville","74006","4","FALSE","ABO, NPI, ENT Health","all_three_agree","TRUE","918-333-0474","General","2026-06-02","TRUE","Yes","Yes","Yes","2026-07-22","Complete","391","1962457697","TRUE","TRUE","918","OK","","valid","Rural","Accepting","With sampled physician","34","TRUE","TRUE","0.94","District 6","Central","0.4838","0.4017","0.7294","0.4053","0.4354","12780","Bartlesville, OK","Micropolitan Statistical Area","2","3.8","12892","1610","0.1249",""
"18157","Gregg","Brennan","Thomas","IN","Lafayette","47904","1","FALSE","ABO, NPI but not ENT Health","aboto_nppes_agree_enthealth_missing","","","General","","","No-retired or no longer practicing medicine","Not applicable","","","Complete","392","1548239502","TRUE","FALSE","","","","missing","Urban","Not accepting: retired/left","","","FALSE","","0.96","District 5","Midwest","0.6202","0.6846","0.4282","0.4154","0.6256","29200","Lafayette-West Lafayette, IN","Metropolitan Statistical Area","9","4.81","28113","4264","0.1517","4946.31848329699"
"22033","Gregg","Sutton","Collin","LA","Baton Rouge","70810","1","FALSE","ABO, NPI, ENT Health","all_three_agree","TRUE","225-767-7200","General","2026-06-03","TRUE","Yes","Yes","Yes","2026-06-04","Complete","393","1114226925","TRUE","TRUE","225","LA","","valid","Urban","Accepting","With sampled physician","1","TRUE","TRUE","0.64","District 4","Southeast","0.3283","0.3237","0.4152","0.5463","0.3096","12940","Baton Rouge, LA","Metropolitan Statistical Area","50","11","83208","18462","0.2219","2919.65220494843"
"36075","Gregg","Vanderweele","Jon","NY","Oswego","13126","4","FALSE","ABO, NPI but not ENT Health","aboto_nppes_agree_enthealth_missing","TRUE","315-349-5828","General","2026-06-04","TRUE","No-not specified why","Not applicable","Not applicable, no appointment offered with anyone in practice","","Complete","394","1598737801","TRUE","TRUE","315","NY","","valid","Rural","Not accepting: unspecified","No appointment offered","","FALSE","FALSE","0.76","District 2","Middle Atlantic","0.5222","0.5185","0.4473","0.1723","0.6608","45060","Syracuse, NY","Metropolitan Statistical Area","1","0.85","28138","6437","0.2288","3031.64828081992"
"25017","Gregg","Katz","Andrew","MA","Cambridge","02139","1","FALSE","ABO, NPI but not ENT Health","aboto_nppes_agree_enthealth_missing","TRUE","617-665-2555","Head and Neck Cancer","2026-06-04","TRUE","Yes","Yes","Not applicable, no appointment offered with anyone in practice","","Complete","395","1558711440","TRUE","TRUE","617","MA","","valid","Urban","Accepting","No appointment offered","","FALSE","FALSE","0.74","District 1","New England","0.3877","0.3133","0.1003","0.6322","0.7798","14460","Boston-Cambridge-Newton, MA-NH","Metropolitan Statistical Area","48","2.96","303248","61244","0.202","2023.04610416402"
"21009","Gregg","Lorenz","Frederick","KY","Glasgow","42141","5","FALSE","ABO, NPI, ENT Health","all_three_agree","TRUE","270-659-5548","General","2026-06-05","TRUE","Yes","Yes","Yes","2026-07-14","Complete","396","1295771582","TRUE","TRUE","270","KY","","valid","Rural","Accepting","With sampled physician","25","TRUE","TRUE","0.69","District 4","Southeast","0.5447","0.5808","0.6325","0.1814","0.5087","23980","Glasgow, KY","Micropolitan Statistical Area","2","4.49","10748","2193","0.204",""
"13045","Gregg","Harper","Christopher","GA","Carrollton","30117","4","FALSE","ABO, NPI but not ENT Health","aboto_nppes_agree_enthealth_missing","TRUE","770-832-1488","General","2026-06-04","TRUE","Yes","Yes","Yes","2026-06-10","Complete","397","1407201486","TRUE","TRUE","770","GA","","valid","Rural","Accepting","With sampled physician","4","TRUE","TRUE","0.83","District 4","Southeast","0.6843","0.7566","0.6969","0.5086","0.5443","12060","Atlanta-Sandy Springs-Alpharetta, GA","Metropolitan Statistical Area","5","4.16","25022","5036","0.2013","2026.24940839798"
"42093","Gregg","Gadre","Arun","PA","Danville","17822","7","FALSE","ABO, NPI, ENT Health","nppes_enthealth_agree_aboto_disagree","TRUE","800-275-6401","Otology/neurotology","2026-06-04","TRUE","Yes","Yes","Yes","2026-07-08","Complete","398","1750322533","TRUE","TRUE","800","toll-free","","valid","Rural","Accepting","With sampled physician","22","TRUE","TRUE","0.68","District 2","Middle Atlantic","0.613","0.2973","0.7904","0.3227","0.8777","14100","Bloomsburg-Berwick, PA","Metropolitan Statistical Area","17","93.59","4773","639","0.1339",""
"26005","Gregg","McDonald","Timothy","MI","Holland","49423","1","FALSE","ABO, NPI, ENT Health","all_three_agree","TRUE","616-393-2190","General","2026-06-05","TRUE","Yes","Yes","Yes","2026-06-08","Complete","399","1902059504","TRUE","TRUE","616","MI","","valid","Urban","Accepting","With sampled physician","1","TRUE","TRUE","0.76","District 5","Midwest","0.4195","0.3067","0.522","0.4084","0.5271","26090","Holland, MI","Micropolitan Statistical Area","6","4.99","26587","2578","0.097",""
"32003","Gregg","Say","Phillip","NV","Las Vegas","89120","1","FALSE","ABO, NPI, ENT Health","all_three_agree","TRUE","702-735-7668","General","2026-06-05","FALSE","","","Not applicable, no appointment offered with anyone in practice","","Complete","400","1972591899","TRUE","TRUE","702","NV","","valid","Urban","","No appointment offered","","FALSE","FALSE","0.9","District 7","Mountain/Southwest","0.579","0.6461","0.5709","0.7422","0.3849","29820","Las Vegas-Henderson-Paradise, NV","Metropolitan Statistical Area","31","1.37","418904","64692","0.1544","2997.20928560077"
"35031","Gregg","Yannias","Dean","NM","Gallup","87301","4","FALSE","ABO, NPI, ENT Health","all_three_agree","FALSE","","General","","","","","","","Complete","401","1427003953","TRUE","FALSE","","","","missing","Rural","","","","FALSE","","1.21","District 7","Mountain/Southwest","0.77","0.5743","0.7285","0.8588","0.812","23700","Gallup, NM","Micropolitan Statistical Area","1","1.39","12394","4856","0.3918",""
"53007","Gregg","Patton","Timothy","WA","Wenatchee","98801","1","FALSE","ABO, NPI but not ENT Health","aboto_nppes_agree_enthealth_missing","TRUE","509-662-7143","General","2026-06-05","FALSE","No-retired or no longer practicing medicine","","","","Complete","402","1104807932","TRUE","TRUE","509","WA","","valid","Urban","Not accepting: retired/left","","","FALSE","","0.64","District 8","Pacific","0.7183","0.4964","0.8803","0.5424","0.7775","48300","Wenatchee, WA","Metropolitan Statistical Area","8","10.12","19957","2728","0.1367","9243.5640347095"
"29077","Gregg","LaFerriere","Keith","MO","Springfield","65804","1","FALSE","ABO, NPI but not ENT Health","aboto_nppes_agree_enthealth_missing","","","","","","No-retired or no longer practicing medicine","Not applicable","","","Complete","403","1790824480","TRUE","FALSE","","","","missing","Urban","Not accepting: retired/left","","","FALSE","","0.86","District 6","Central","0.369","0.4043","0.3448","0.1593","0.5295","44180","Springfield, MO","Metropolitan Statistical Area","15","5.01","64287","9490","0.1476","4694.06598649053"
"49011","Gregg","Stock","Curt","UT","Bountiful","84010","1","FALSE","ABO, NPI but not ENT Health","aboto_nppes_agree_enthealth_missing","TRUE","801-292-3331","General","2026-06-03","TRUE","No-changed practices","Not applicable","No-but appointment offered with different physician","2026-06-08","Complete","404","1275681686","TRUE","TRUE","801","UT","","valid","Urban","Not accepting: changed practice","With different physician","3","TRUE","FALSE","0.8","District 7","Mountain/Southwest","0.2836","0.2586","0.4463","0.2473","0.3366","36260","Ogden-Clearfield, UT","Metropolitan Statistical Area","13","3.58","48512","2707","0.0558","4438.40204298179"
"16067","Gregg","Wright","Darin","ID","Rupert","83350","7","TRUE","ABO, NPI, ENT Health","all_three_agree","TRUE","208-434-8420","General","2026-06-03","TRUE","Yes","Yes","Yes","2026-06-08","Complete","405","1619945938","TRUE","TRUE","208","ID","","valid","Rural","Accepting","With sampled physician","3","TRUE","TRUE","0.94","District 8","Pacific","0.7942","0.6587","0.8076","0.5671","0.8157","15420","Burley, ID","Micropolitan Statistical Area","1","4.62","4473","727","0.1625",""
"24005","Gregg","Williams","Mark","MD","Lutherville Timonium","21093","1","FALSE","ABO, NPI but not ENT Health","aboto_nppes_agree_enthealth_missing","TRUE","410-494-7060","General","2026-06-23","TRUE","Yes","No","Not applicable, no appointment offered with anyone in practice","","Complete","406","1104820828","TRUE","TRUE","410","MD","","valid","Urban","Accepting","No appointment offered","","FALSE","FALSE","0.95","District 3","Mid-Atlantic/Southeast","0.1718","0.1537","0.3914","0.3576","0.2273","12580","Baltimore-Columbia-Towson, MD","Metropolitan Statistical Area","31","3.64","172778","22921","0.1327","1829.69208221703"
"20155","Gregg","Voorman","Matthew","KS","Hutchinson","67502","4","FALSE","ABO, NPI, ENT Health","all_three_agree","TRUE","620-669-2555","General","2026-06-03","TRUE","Yes","Yes","No-but appointment offered with APP","2026-06-10","Complete","407","1972828713","TRUE","TRUE","620","KS","","valid","Rural","Accepting","With APP only","5","TRUE","FALSE","0.69","District 6","Central","0.4001","0.2739","0.6646","0.2364","0.51","26740","Hutchinson, KS","Micropolitan Statistical Area","3","4.85","14974","1956","0.1306",""
"33001","Gregg","Marietta","Chandler","NH","Laconia","03246","4","TRUE","ABO, NPI, ENT Health","aboto_nppes_agree_enthealth_disagree","TRUE","603-524-7402","General","2026-06-12","FALSE","","","Not applicable, no appointment offered with anyone in practice","","Complete","408","1568477982","TRUE","TRUE","603","NH","","valid","Rural","","No appointment offered","","FALSE","FALSE","0.73","District 1","New England","0.6125","0.5057","0.6621","0.1071","0.8016","29060","Laconia, NH","Micropolitan Statistical Area","6","9.39","21114","1869","0.0885",""
"48053","Gregg","Mikula","Suzette","TX","Marble Falls","78654","7","FALSE","ABO, NPI, ENT Health","all_three_agree","TRUE","830-201-7100","Rhinology","2026-06-05","TRUE","","Yes","Yes","2026-06-10","Complete","409","1033107420","TRUE","TRUE","830","TX","","valid","Rural","","With sampled physician","3","TRUE","TRUE","0.63","District 6","Central","0.5962","0.603","0.6423","0.4791","0.5241","","","","1","2.01","14528","944","0.065",""
"06081","Gregg","Tomlinson","Andrew","CA","Atherton","94027","1","FALSE","ABO, NPI, ENT Health","all_three_agree","TRUE","775-323-2157","Rhinology","2026-06-03","TRUE","Yes","Yes","Yes","2026-08-09","Complete","410","1992095830","TRUE","TRUE","775","NV","","valid","Urban","Accepting","With sampled physician","45","TRUE","TRUE","0.67","District 8","Pacific","0.0474","0.0174","0.2167","0.5072","0.1222","41860","San Francisco-Oakland-Berkeley, CA","Metropolitan Statistical Area","30","3.98","141043","20922","0.1483","1665.90502828119"
"17037","Gregg","Lotan","Abraham","IL","Sycamore","60178","1","FALSE","ABO, NPI but not ENT Health","aboto_nppes_agree_enthealth_missing","","","","","","No-retired or no longer practicing medicine","Not applicable","","","Complete","411","1760418214","TRUE","FALSE","","","","missing","Urban","Not accepting: retired/left","","","FALSE","","0.63","District 5","Midwest","0.296","0.2264","0.5397","0.2724","0.379","16980","Chicago-Naperville-Elgin, IL-IN-WI","Metropolitan Statistical Area","2","1.99","18691","2378","0.1272","984.990361026572"
"48201","Gregg","Yao","Rachel","TX","Houston","77014","1","FALSE","ABO, NPI, ENT Health","all_three_agree","TRUE","713-442-6900","General","2026-06-05","TRUE","Yes","Yes","Yes","2026-08-17","Complete","412","1215370036","TRUE","TRUE","713","TX","","valid","Urban","Accepting","With sampled physician","49","TRUE","TRUE","0.63","District 6","Central","0.851","0.8972","0.7824","0.9549","0.6127","26420","Houston-The Woodlands-Sugar Land, TX","Metropolitan Statistical Area","229","4.85","649936","101124","0.1556","2267.03553574242"
"13045","Gregg","Pezold","John","GA","Carrollton","30117","4","FALSE","ABO, NPI but not ENT Health","aboto_nppes_agree_enthealth_missing","TRUE","770-832-1488","General","2026-06-04","TRUE","Yes","Yes","Yes","2026-06-10","Complete","413","1245272806","TRUE","TRUE","770","GA","","valid","Rural","Accepting","With sampled physician","4","TRUE","TRUE","0.83","District 4","Southeast","0.6843","0.7566","0.6969","0.5086","0.5443","12060","Atlanta-Sandy Springs-Alpharetta, GA","Metropolitan Statistical Area","5","4.16","25022","5036","0.2013","2026.24940839798"
"06073","Gregg","Perez","Angel","CA","San Diego","92103","1","FALSE","ABO, NPI but not ENT Health","aboto_nppes_agree_enthealth_missing","FALSE","","Rhinology","","","","","","","Complete","414","1881841971","TRUE","FALSE","","","","missing","Urban","","","","FALSE","","0.67","District 8","Pacific","0.3416","0.2796","0.2702","0.504","0.5957","41740","San Diego-Chula Vista-Carlsbad, CA","Metropolitan Statistical Area","162","4.92","611811","126952","0.2075","2224.8729430868"
"32003","Gregg","Schroeder","Walter","NV","Henderson","89052","1","FALSE","ABO, NPI, ENT Health","all_three_agree","TRUE","702-792-6700","General","2026-06-03","TRUE","Yes","Yes","Not applicable, no appointment offered with anyone in practice","","Complete","415","1205892650","TRUE","TRUE","702","NV","","valid","Urban","Accepting","No appointment offered","","FALSE","FALSE","0.9","District 7","Mountain/Southwest","0.4267","0.4477","0.5737","0.5812","0.3008","29820","Las Vegas-Henderson-Paradise, NV","Metropolitan Statistical Area","31","1.37","418904","64692","0.1544","2997.20928560077"
"22001","Gregg","Simon","Lawrence","LA","Eunice","70535","4","FALSE","ABO, NPI but not ENT Health","aboto_nppes_disagree_enthealth_missing","","","Pediatrics","","","No-retired or no longer practicing medicine","","","","Complete","416","1154581882","TRUE","FALSE","","","","missing","Rural","Not accepting: retired/left","","","FALSE","","0.64","District 4","Southeast","0.7315","0.733","0.6801","0.4601","0.7033","29180","Lafayette, LA","Metropolitan Statistical Area","4","6.94","13075","3810","0.2914","4668.26232712188"
"01003","Gregg","Ananth","Ashwin","AL","Foley","36535","4","FALSE","ABO, NPI, ENT Health","all_three_agree","TRUE","251-928-0300","Sleep","2026-06-05","TRUE","No-changed practices","Not applicable","Not applicable, no appointment offered with anyone in practice","","Complete","417","1447644570","TRUE","TRUE","251","AL","","valid","Rural","Not accepting: changed practice","No appointment offered","","FALSE","FALSE","0.92","District 4","Southeast","0.5586","0.6316","0.6092","0.3296","0.4345","19300","Daphne-Fairhope-Foley, AL","Metropolitan Statistical Area","5","2.14","65613","6831","0.1041","5624.79290638584"
"06001","Gregg","Nadaraja","Garani","CA","Pleasanton","94588","1","FALSE","ABO, NPI, ENT Health","aboto_enthealth_agree_nppes_disagree","TRUE","877-822-4453","Pediatrics","2026-06-03","TRUE","Yes","Yes","No-but appointment offered with APP","2026-07-15","Complete","418","1477797603","TRUE","TRUE","877","toll-free","","valid","Urban","Accepting","With APP only","28","TRUE","FALSE","0.67","District 8","Pacific","0.249","0.1236","0.3502","0.73","0.3659","41860","San Francisco-Oakland-Berkeley, CA","Metropolitan Statistical Area","59","3.55","273738","69038","0.2522","1665.90502828119"
"37063","Gregg","Scher","Richard","NC","Durham","27710","1","FALSE","ABO, NPI but not ENT Health","aboto_nppes_agree_enthealth_missing","","","General","","","No-retired or no longer practicing medicine","Not applicable","","","Complete","419","1346324225","TRUE","FALSE","","","","missing","Urban","Not accepting: retired/left","","","FALSE","","0.82","District 3","Mid-Atlantic/Southeast","","","","","","20500","Durham-Chapel Hill, NC","Metropolitan Statistical Area","28","8.61","55281","7293","0.1319","5322.14972483732"
"13009","Gregg","Lockhart","Ricky","GA","Milledgeville","31061","5","FALSE","ABO, NPI, ENT Health","aboto_enthealth_agree_nppes_disagree","","","","","","No-retired or no longer practicing medicine","Not applicable","","","Complete","420","1265425912","TRUE","FALSE","","","","missing","Rural","Not accepting: retired/left","","","FALSE","","0.83","District 4","Southeast","0.6622","0.6697","0.4511","0.6332","0.6629","33300","Milledgeville, GA","Micropolitan Statistical Area","2","4.57","9735","2154","0.2213",""
"19033","Gregg","Lee","Phillip","IA","Mason City","50401","4","FALSE","ABO, NPI, ENT Health","all_three_agree","TRUE","641-494-5380","Sleep","2026-06-12","FALSE","","","Not applicable, no appointment offered with anyone in practice","","Complete","421","1083609317","TRUE","TRUE","641","IA","","valid","Rural","","No appointment offered","","FALSE","FALSE","0.77","District 5","Midwest","0.3639","0.3115","0.4238","0.1935","0.5469","32380","Mason City, IA","Micropolitan Statistical Area","5","11.63","12020","1615","0.1344",""
"37165","Gregg","LaVigne","Mark","NC","Laurinburg","28352","4","FALSE","ABO, NPI, ENT Health","all_three_agree","TRUE","910-610-4368","General","2026-06-23","TRUE","Yes","Yes","Yes","2026-07-15","Complete","422","1982736427","TRUE","TRUE","910","NC","","valid","Rural","Accepting","With sampled physician","15","TRUE","TRUE","0.82","District 3","Mid-Atlantic/Southeast","0.9059","0.8837","0.7725","0.7396","0.8858","29900","Laurinburg, NC","Micropolitan Statistical Area","1","2.92","8372","2159","0.2579",""
"27047","Gregg","Cockerill","Cara","MN","Albert Lea","56007","4","FALSE","ABO, NPI but not ENT Health","aboto_nppes_agree_enthealth_missing","TRUE","512-353-6400","General","2026-06-05","TRUE","Yes","Yes","Yes","2026-07-16","Complete","423","1033404082","TRUE","TRUE","512","TX","","valid","Rural","Accepting","With sampled physician","27","TRUE","TRUE","0.74","District 5","Midwest","0.6719","0.562","0.7352","0.3311","0.7387","10660","Albert Lea, MN","Micropolitan Statistical Area","1","3.24","8171","953","0.1166",""
"51700","Gregg","Hester","Ryan","VA","Newport News","23606","1","FALSE","ABO, NPI, ENT Health","all_three_agree","TRUE","757-547-9714","General","2026-06-05","TRUE","Yes","Yes","Yes","2026-08-06","Complete","424","1053466631","TRUE","TRUE","757","VA","","valid","Urban","Accepting","With sampled physician","42","TRUE","TRUE","0.83","District 3","Mid-Atlantic/Southeast","0.5437","0.5297","0.447","0.5449","0.5685","47260","Virginia Beach-Norfolk-Newport News, VA-NC","Metropolitan Statistical Area","10","5.4","32553","5518","0.1695","4420.54233255276"
"22045","Gregg","Mixon","Tynes","LA","New Iberia","70560","4","FALSE","ABO, NPI but not ENT Health","aboto_nppes_disagree_enthealth_missing","TRUE","337-365-4156","General","2026-06-05","TRUE","No-not specified why","Not applicable","Not applicable, no appointment offered with anyone in practice","","Complete","425","1962498683","TRUE","TRUE","337","LA","","valid","Rural","Not accepting: unspecified","No appointment offered","","FALSE","FALSE","0.64","District 4","Southeast","0.7385","0.7509","0.616","0.6026","0.6701","29180","Lafayette, LA","Metropolitan Statistical Area","5","7.15","15943","4509","0.2828","4668.26232712188"
"33009","Gregg","Freed","Gary","NH","Lebanon","03756","4","FALSE","ABO, NPI but not ENT Health","aboto_nppes_agree_enthealth_missing","TRUE","603-650-5148","Facial Plastics","2026-06-05","TRUE","Yes","Yes","Yes","2026-06-22","Complete","426","1023284148","TRUE","TRUE","603","NH","","valid","Rural","Accepting","With sampled physician","10","TRUE","TRUE","0.73","District 1","New England","","","","","","30100","Lebanon, NH-VT","Micropolitan Statistical Area","16","17.61","25085","1968","0.0785",""
"01031","Gregg","Callahan","Scot","AL","Enterprise","36330","4","FALSE","ABO, NPI but not ENT Health","aboto_nppes_agree_enthealth_missing","TRUE","334-806-3682","General","2026-06-25","FALSE","","","Not applicable, no appointment offered with anyone in practice","","Complete","427","1023096427","TRUE","TRUE","334","AL","","valid","Rural","","No appointment offered","","FALSE","FALSE","0.92","District 4","Southeast","0.579","0.5701","0.7558","0.5381","0.4094","21460","Enterprise, AL","Micropolitan Statistical Area","3","5.6","11826","2182","0.1845",""
"30029","Gregg","Tubbs","Kyle","MT","Kalispell","59901","4","FALSE","ABO, NPI but not ENT Health","aboto_nppes_agree_enthealth_missing","TRUE","406-752-8330","General","2026-06-05","TRUE","Yes","Yes","Yes","2026-07-01","Complete","428","1487818944","TRUE","TRUE","406","MT","","valid","Rural","Accepting","With sampled physician","17","TRUE","TRUE","1.32","District 7","Mountain/Southwest","0.4125","0.4377","0.4099","0.1483","0.5445","28060","Kalispell, MT","Micropolitan Statistical Area","6","5.66","28493","2205","0.0774",""
"08031","Gregg","Ambrose","Emily","CO","Denver","80204","1","FALSE","ABO, NPI, ENT Health","all_three_agree","TRUE","303-436-4949","Laryngology","2026-06-05","TRUE","Yes","Yes","Not applicable, no appointment offered with anyone in practice","","Complete","429","1225457997","TRUE","TRUE","303","CO","","valid","Urban","Accepting","No appointment offered","","FALSE","FALSE","0.83","District 7","Mountain/Southwest","0.6066","0.6127","0.4239","0.6622","0.6807","19740","Denver-Aurora-Lakewood, CO","Metropolitan Statistical Area","39","5.49","96194","19240","0.2","2231.73710758552"
"39061","Gregg","Knollman","Philip","OH","Cincinnati","45229","1","FALSE","ABO, NPI, ENT Health","all_three_agree","TRUE","513-636-4355","Pediatrics","2026-06-05","TRUE","","","Not applicable, no appointment offered with anyone in practice","","Complete","430","1811242704","TRUE","TRUE","513","OH","","valid","Urban","","No appointment offered","","FALSE","FALSE","0.63","District 5","Midwest","0.7403","0.7602","0.535","0.7914","0.7379","17140","Cincinnati, OH-KY-IN","Metropolitan Statistical Area","79","9.54","161716","28515","0.1763","1652.48674989113"
"48259","Gregg","Reder","Paul","TX","Boerne","78006","10","TRUE","ABO, NPI, ENT Health","all_three_agree","TRUE","210-202-0250","General","2026-06-05","TRUE","Yes","Yes","Yes","2026-07-31","Complete","431","1871521567","TRUE","TRUE","210","TX","","valid","Rural","Accepting","With sampled physician","38","TRUE","TRUE","0.63","District 6","Central","0.407","0.3547","0.5037","0.4853","0.4526","41700","San Antonio-New Braunfels, TX","Metropolitan Statistical Area","2","4.41","14536","655","0.0451","3211.30893739928"
"42029","Gregg","Mariotti","Adam","PA","Exton","19341","1","FALSE","ABO, NPI, ENT Health","aboto_enthealth_agree_nppes_disagree","TRUE","610-363-2532","General","2026-06-25","TRUE","Yes","Yes","Yes","2026-07-22","Complete","432","1184884298","TRUE","TRUE","610","PA","","valid","Urban","Accepting","With sampled physician","18","TRUE","TRUE","0.68","District 2","Middle Atlantic","0.1174","0.1015","0.1945","0.3759","0.2592","37980","Philadelphia-Camden-Wilmington, PA-NJ-DE-MD","Metropolitan Statistical Area","19","3.54","112231","8290","0.0739","1307.1063181523"
"08067","Gregg","Williams","William","CO","Durango","81301","4","FALSE","ABO, NPI but not ENT Health","aboto_nppes_agree_enthealth_missing","FALSE","","","","","","","","","Complete","433","1033144621","TRUE","FALSE","","","","missing","Rural","","","","FALSE","","0.83","District 7","Mountain/Southwest","0.4036","0.39","0.1968","0.3377","0.6817","20420","Durango, CO","Micropolitan Statistical Area","4","7.15","13298","1082","0.0814",""
"48201","Gregg","Albright","James","TX","Houston","77030","1","FALSE","ABO, NPI, ENT Health","all_three_agree","TRUE","832-822-3250","Pediatrics","2026-06-12","TRUE","Yes","Yes","Yes","2026-06-17","Complete","434","1548255805","TRUE","TRUE","832","TX","","valid","Urban","Accepting","With sampled physician","3","TRUE","TRUE","0.63","District 6","Central","0.3657","0.3063","0.0952","0.6222","0.7287","26420","Houston-The Woodlands-Sugar Land, TX","Metropolitan Statistical Area","229","4.85","649936","101124","0.1556","2267.03553574242"
"42011","Gregg","Peppard","Sean","PA","Reading","19611","1","FALSE","ABO, NPI but not ENT Health","aboto_nppes_agree_enthealth_missing","TRUE","","General","","","No-retired or no longer practicing medicine","Not applicable","","","Complete","435","1932279676","TRUE","FALSE","","","","missing","Urban","Not accepting: retired/left","","","FALSE","","0.68","District 2","Middle Atlantic","0.7026","0.6432","0.6563","0.6917","0.6242","39740","Reading, PA","Metropolitan Statistical Area","10","2.33","93420","14721","0.1576","6681.00843839653"
"55045","Gregg","Rogerson","Anthony","WI","Monroe","53566","4","FALSE","ABO, NPI, ENT Health","all_three_agree","TRUE","608-324-2357","General","2026-06-05","TRUE","Yes","Yes","Yes","2026-08-12","Complete","436","1730273566","TRUE","TRUE","608","WI","","valid","Rural","Accepting","With sampled physician","46","TRUE","TRUE","0.66","District 5","Midwest","0.4455","0.2955","0.5665","0.131","0.6548","31540","Madison, WI","Metropolitan Statistical Area","1","2.7","9433","1019","0.108","3251.41933111831"
"36005","Gregg","Feghali","Joseph","NY","Bronx","10461","1","FALSE","ABO, NPI, ENT Health","aboto_nppes_agree_enthealth_disagree","TRUE","718-863-4366","Otology/neurotology","2026-06-12","TRUE","Yes","No","Not applicable, no appointment offered with anyone in practice","","Complete","437","1083716500","TRUE","TRUE","718","NY","","valid","Urban","Accepting","No appointment offered","","FALSE","FALSE","0.76","District 2","Middle Atlantic","0.8263","0.7429","0.6858","0.7988","0.8147","35620","New York-Newark-Jersey City, NY-NJ-PA","Metropolitan Statistical Area","28","1.94","229828","135056","0.5876","675.82644634067"
"39063","Gregg","Robertson","James","OH","Findlay","45840","4","FALSE","ABO, NPI but not ENT Health","aboto_nppes_agree_enthealth_missing","","","","","","No-retired or no longer practicing medicine","Not applicable","","","Complete","438","1578551354","TRUE","FALSE","","","","missing","Rural","Not accepting: retired/left","","","FALSE","","0.63","District 5","Midwest","0.4027","0.374","0.4702","0.229","0.5277","22300","Findlay, OH","Micropolitan Statistical Area","4","5.33","16469","2042","0.124",""
"39061","Gregg","Sedaghat","Ahmad","OH","Cincinnati","45219","1","FALSE","ABO, NPI, ENT Health","all_three_agree","TRUE","513-475-8400","Rhinology","2026-06-08","TRUE","Yes","Yes","Yes","2026-06-09","Complete","439","1902049687","TRUE","TRUE","513","OH","","valid","Urban","Accepting","With sampled physician","1","TRUE","TRUE","0.63","District 5","Midwest","0.5303","0.7759","0.1227","0.4794","0.7151","17140","Cincinnati, OH-KY-IN","Metropolitan Statistical Area","79","9.54","161716","28515","0.1763","1652.48674989113"
"48029","Gregg","Brown","Patrick","TX","San Antonio","78229","1","FALSE","ABO, NPI but not ENT Health","aboto_nppes_disagree_enthealth_missing","TRUE","210-249-4838","Sleep","2026-06-12","TRUE","Yes","Yes","Yes","2026-09-02","Complete","440","1528069325","TRUE","TRUE","210","TX","","valid","Urban","Accepting","With sampled physician","56","TRUE","TRUE","0.63","District 6","Central","0.8298","0.8224","0.5965","0.823","0.758","41700","San Antonio-New Braunfels, TX","Metropolitan Statistical Area","92","4.57","335213","56215","0.1677","3211.30893739928"
"36077","Gregg","Luitje","Martha","NY","Cooperstown","13326","10","FALSE","ABO, NPI, ENT Health","all_three_agree","TRUE","607-547-3279","General","2026-06-08","TRUE","Yes","No","No-but appointment offered with different physician","2026-06-09","Complete","441","1598297426","TRUE","TRUE","607","NY","","valid","Rural","Accepting","With different physician","1","TRUE","FALSE","0.76","District 2","Middle Atlantic","0.3179","0.2937","0.2522","0.1616","0.6026","36580","Oneonta, NY","Micropolitan Statistical Area","6","10.05","15473","3421","0.2211",""
"37049","Gregg","Mitchell","Derek","NC","New Bern","28562","4","FALSE","ABO, NPI, ENT Health","all_three_agree","TRUE","252-638-2515","General","2026-06-08","TRUE","Yes","Yes","Yes","2026-06-09","Complete","442","1649400938","TRUE","TRUE","252","NC","","valid","Rural","Accepting","With sampled physician","1","TRUE","TRUE","0.82","District 3","Mid-Atlantic/Southeast","0.4743","0.3847","0.5078","0.4421","0.562","35100","New Bern, NC","Metropolitan Statistical Area","10","9.89","28064","3603","0.1284",""
"39119","Gregg","Antonucci","Eric","OH","Zanesville","43701","4","FALSE","ABO, NPI, ENT Health","all_three_agree","TRUE","740-454-0158","General","2026-06-08","TRUE","Yes","Yes","Yes","2026-06-29","Complete","443","1053818336","TRUE","TRUE","740","OH","","valid","Rural","Accepting","With sampled physician","14","TRUE","TRUE","0.63","District 5","Midwest","0.5439","0.5541","0.5982","0.1943","0.5589","49780","Zanesville, OH","Micropolitan Statistical Area","3","3.47","21946","4779","0.2178",""
"47179","Gregg","Peterson","Steve","TN","Johnson City","37604","1","FALSE","ABO, NPI, ENT Health","aboto_enthealth_agree_nppes_disagree","TRUE","423-929-7546","Facial Plastics","2026-06-23","TRUE","Yes","No","Not applicable, no appointment offered with anyone in practice","","Complete","444","1306849500","TRUE","TRUE","423","TN","","valid","Urban","Accepting","No appointment offered","","FALSE","FALSE","","District 4","Southeast","0.6053","0.6434","0.4054","0.2779","0.7353","27740","Johnson City, TN","Metropolitan Statistical Area","7","5.25","34320","5082","0.1481","10000"
"39169","Gregg","Mathur","Arun","OH","Wooster","44691","4","FALSE","ABO, NPI but not ENT Health","aboto_nppes_disagree_enthealth_missing","TRUE","330-264-9699","General","2026-06-08","TRUE","Yes","Yes","Yes","2026-06-30","Complete","445","1396805362","TRUE","TRUE","330","OH","","valid","Rural","Accepting","With sampled physician","15","TRUE","TRUE","0.63","District 5","Midwest","0.3318","0.338","0.3004","0.135","0.5274","49300","Wooster, OH","Micropolitan Statistical Area","4","3.43","26081","3217","0.1233",""
"17053","Gregg","Glickstein","Jonathan","IL","Gibson City","60936","10","FALSE","ABO, NPI, ENT Health","all_three_agree","TRUE","217-784-2808","General","2026-06-08","TRUE","Yes","Yes","Yes","2026-08-18","Complete","446","1598983371","TRUE","TRUE","217","IL","","valid","Rural","Accepting","With sampled physician","49","TRUE","TRUE","0.63","District 5","Midwest","0.6863","0.6584","0.6446","0.2084","0.7715","","","","1","7.42","3298","473","0.1434",""
"22113","Gregg","Noel","Phillip","LA","Abbeville","70510","4","FALSE","ABO, NPI, ENT Health","nppes_enthealth_agree_aboto_disagree","TRUE","337-245-0169","Sleep","2026-06-23","TRUE","Yes","No","Not applicable, no appointment offered with anyone in practice","","Complete","447","1477550499","TRUE","TRUE","337","LA","","valid","Rural","Accepting","No appointment offered","","FALSE","FALSE","0.64","District 4","Southeast","0.7151","0.6494","0.7433","0.4825","0.685","29180","Lafayette, LA","Metropolitan Statistical Area","1","1.75","12448","3088","0.2481","4668.26232712188"
"42127","Gregg","Liu","Philip","PA","Honesdale","18431","7","FALSE","ABO, NPI, ENT Health","all_three_agree","TRUE","570-253-0202","General","2026-06-08","TRUE","Yes","Yes","Yes","2026-08-05","Complete","448","1316055122","TRUE","TRUE","570","PA","","valid","Rural","Accepting","With sampled physician","40","TRUE","TRUE","0.68","District 2","Middle Atlantic","0.5153","0.5323","0.3503","0.1319","0.7003","","","","1","1.95","14867","1676","0.1127",""
"46135","Gregg","Abbott","David","SD","Yankton","57078","4","TRUE","ABO, NPI, ENT Health","all_three_agree","TRUE","605-665-0062","General","2026-06-08","TRUE","Yes","Yes","Yes","2026-06-15","Complete","449","1932136173","TRUE","TRUE","605","SD","","valid","Rural","Accepting","With sampled physician","5","TRUE","TRUE","0.91","District 6","Central","0.4621","0.2666","0.4757","0.2152","0.8071","49460","Yankton, SD","Micropolitan Statistical Area","2","8.58","5868","708","0.1207",""
"26163","Gregg","Gonik","Nathan","MI","Detroit","48201","1","FALSE","ABO, NPI, ENT Health","all_three_agree","TRUE","313-745-9049","Pediatrics","2026-06-08","TRUE","Yes","Yes","Yes","2026-07-01","Complete","450","1174759815","TRUE","TRUE","313","MI","","valid","Urban","Accepting","With sampled physician","16","TRUE","TRUE","0.76","District 5","Midwest","0.8194","0.8312","0.5076","0.8106","0.8323","19820","Detroit-Warren-Dearborn, MI","Metropolitan Statistical Area","43","2.41","349465","84481","0.2417","2868.32054462795"
"48171","Gregg","Byerly","Tracy","TX","Fredericksburg","78624","4","FALSE","ABO, NPI but not ENT Health","aboto_nppes_agree_enthealth_missing","TRUE","830-997-4000","General","2026-06-08","TRUE","Yes","Yes","No-but appointment offered with APP","2026-06-11","Complete","451","1427354208","TRUE","TRUE","830","TX","","valid","Rural","Accepting","With APP only","3","TRUE","FALSE","0.63","District 6","Central","0.6618","0.553","0.6896","0.4456","0.6871","23240","Fredericksburg, TX","Micropolitan Statistical Area","3","11.13","9758","445","0.0456",""
"33009","Gregg","Gosselin","Benoit","NH","Lebanon","03756","4","FALSE","ABO, NPI, ENT Health","aboto_enthealth_agree_nppes_disagree","TRUE","603-650-8123","Facial Plastics","2026-06-08","TRUE","Yes","Yes","Not applicable, no appointment offered with anyone in practice","","Complete","452","1225064629","TRUE","TRUE","603","NH","","valid","Rural","Accepting","No appointment offered","","FALSE","FALSE","0.73","District 1","New England","","","","","","30100","Lebanon, NH-VT","Micropolitan Statistical Area","16","17.61","25085","1968","0.0785",""
"51187","Gregg","Hsu","Jack","VA","Front Royal","22630","4","FALSE","ABO, NPI, ENT Health","all_three_agree","TRUE","540-635-0795","General","2026-06-08","TRUE","Yes","Yes","Yes","2026-08-21","Complete","453","1114956430","TRUE","TRUE","540","VA","","valid","Rural","Accepting","With sampled physician","52","TRUE","TRUE","0.83","District 3","Mid-Atlantic/Southeast","0.5836","0.6155","0.5422","0.298","0.6243","47900","Washington-Arlington-Alexandria, DC-VA-MD-WV","Metropolitan Statistical Area","1","2.45","9675","965","0.0997","1110.8637569665"
"01095","Gregg","Bray","Maury","AL","Boaz","35957","4","FALSE","ABO, NPI but not ENT Health","aboto_nppes_agree_enthealth_missing","TRUE","256-593-7266","General","2026-06-08","TRUE","Yes","Yes","Yes","2026-06-22","Complete","454","1710090899","TRUE","TRUE","256","AL","","valid","Rural","Accepting","With sampled physician","9","TRUE","TRUE","0.92","District 4","Southeast","0.7336","0.6272","0.8214","0.4193","0.7107","10700","Albertville, AL","Micropolitan Statistical Area","3","3.06","22303","4437","0.1989",""
"28087","Gregg","Smith","Steven","MS","Columbus","39705","4","TRUE","ABO, NPI, ENT Health","all_three_agree","TRUE","662-327-4432","General","2026-06-08","TRUE","Yes","Yes","Yes","2026-07-08","Complete","455","1376804369","TRUE","TRUE","662","MS","","valid","Rural","Accepting","With sampled physician","20","TRUE","TRUE","0.93","District 4","Southeast","0.3219","0.3957","0.268","0.5778","0.3347","18060","Columbus, MS","Micropolitan Statistical Area","5","8.54","12652","3207","0.2535",""
"41011","Gregg","Webster","William","OR","Coos Bay","97420","4","FALSE","ABO, NPI but not ENT Health","aboto_nppes_agree_enthealth_missing","TRUE","541-808-3860","General","2026-06-05","FALSE","","","Not applicable, no appointment offered with anyone in practice","","Complete","456","1528166287","TRUE","TRUE","541","OR","","valid","Rural","","No appointment offered","","FALSE","FALSE","0.88","District 8","Pacific","0.5965","0.5931","0.5317","0.3205","0.6514","18300","Coos Bay, OR","Micropolitan Statistical Area","3","4.62","21910","4788","0.2185",""
"06073","Gregg","Weisman","Robert","CA","San Diego","92103","1","FALSE","ABO, NPI but not ENT Health","aboto_nppes_agree_enthealth_missing","","","","","","No-retired or no longer practicing medicine","Not applicable","","","Complete","457","1346293958","TRUE","FALSE","","","","missing","Urban","Not accepting: retired/left","","","FALSE","","0.67","District 8","Pacific","0.3416","0.2796","0.2702","0.504","0.5957","41740","San Diego-Chula Vista-Carlsbad, CA","Metropolitan Statistical Area","162","4.92","611811","126952","0.2075","2224.8729430868"
"13021","Gregg","Correa","Alejandro","GA","Macon","31201","1","FALSE","ABO, NPI, ENT Health","all_three_agree","TRUE","478-743-8953","General","2026-06-12","TRUE","Yes","Yes","Yes","2026-06-29","Complete","458","1154364370","TRUE","TRUE","478","GA","","valid","Urban","Accepting","With sampled physician","10","TRUE","TRUE","0.83","District 4","Southeast","0.7982","0.8923","0.3586","0.73","0.7745","31420","Macon-Bibb County, GA","Metropolitan Statistical Area","10","6.39","34359","9563","0.2783","5468.52580053329"
"13089","Gregg","Soares","Danny","GA","Atlanta","30338","1","FALSE","ABO, NPI but not ENT Health","aboto_nppes_disagree_enthealth_missing","TRUE","352-269-6308","Facial Plastics","","","No-changed practices","","","","Complete","459","1952568370","TRUE","TRUE","352","FL","","valid","Urban","Not accepting: changed practice","","","FALSE","","0.83","District 4","Southeast","0.1737","0.1499","0.3589","0.4691","0.2458","12060","Atlanta-Sandy Springs-Alpharetta, GA","Metropolitan Statistical Area","28","3.68","118406","23753","0.2006","2026.24940839798"
"18141","Gregg","Liepert","Douglas","IN","South Bend","46635","1","FALSE","ABO, NPI, ENT Health","nppes_enthealth_agree_aboto_disagree","TRUE","574-212-2846","Sleep","2026-06-12","TRUE","Yes","No","Not applicable, no appointment offered with anyone in practice","","Complete","460","1083675011","TRUE","TRUE","574","IN","","valid","Urban","Accepting","No appointment offered","","FALSE","FALSE","0.96","District 5","Midwest","0.3728","0.4511","0.3199","0.2792","0.5562","43780","South Bend-Mishawaka, IN-MI","Metropolitan Statistical Area","14","5.14","54258","9217","0.1699","5118.21711658656"
"21199","Gregg","Dalton","Randall","KY","Somerset","42503","4","FALSE","ABO, NPI but not ENT Health","aboto_nppes_agree_enthealth_missing","","","","","","No-retired or no longer practicing medicine","Not applicable","","","Complete","461","1336155944","TRUE","FALSE","","","","missing","Rural","Not accepting: retired/left","","","FALSE","","0.69","District 4","Southeast","0.4955","0.5716","0.6358","0.0967","0.4298","43700","Somerset, KY","Micropolitan Statistical Area","2","3.07","18057","3970","0.2199",""
"42003","Gregg","Scolieri","Paul","PA","Bethel Park","15102","1","FALSE","ABO, NPI, ENT Health","all_three_agree","TRUE","412-831-7570","General","2026-06-23","TRUE","No-changed practices","","","","Complete","462","1770518219","TRUE","TRUE","412","PA","","valid","Urban","Not accepting: changed practice","","","FALSE","","0.68","District 2","Middle Atlantic","0.1532","0.1186","0.2606","0.1062","0.3687","38300","Pittsburgh, PA","Metropolitan Statistical Area","75","6.02","281577","41193","0.1463","2891.96306455552"
"48439","Gregg","Samuelson","Todd","TX","Fort Worth","76104","1","FALSE","ABO, NPI but not ENT Health","aboto_nppes_agree_enthealth_missing","TRUE","817-335-8151","General","2026-06-23","TRUE","Yes","Yes","Yes","2026-07-23","Complete","463","1942308119","TRUE","TRUE","817","TX","","valid","Urban","Accepting","With sampled physician","21","TRUE","TRUE","0.63","District 6","Central","0.8539","0.8749","0.6929","0.8201","0.6996","19100","Dallas-Fort Worth-Arlington, TX","Metropolitan Statistical Area","49","2.32","317742","39322","0.1238","1622.88265198409"
"42129","Gregg","Klingensmith","Mark","PA","Greensburg","15601","1","FALSE","ABO, NPI, ENT Health","all_three_agree","TRUE","724-834-8113","General","2026-06-23","TRUE","Yes","No","Not applicable, no appointment offered with anyone in practice","","Complete","464","1245262476","TRUE","TRUE","724","PA","","valid","Urban","Accepting","No appointment offered","","FALSE","FALSE","0.68","District 2","Middle Atlantic","0.2532","0.2427","0.3019","0.0916","0.4796","38300","Pittsburgh, PA","Metropolitan Statistical Area","6","1.69","101533","12354","0.1217","2891.96306455552"
"29189","Gregg","Durakovic","Nedim","MO","Saint Louis","63141","1","FALSE","ABO, NPI, ENT Health","nppes_enthealth_agree_aboto_disagree","TRUE","314-362-7509","Otology/neurotology","2026-06-12","TRUE","Yes","Yes","Yes","2026-09-08","Complete","465","1235492372","TRUE","TRUE","314","MO","","valid","Urban","Accepting","With sampled physician","59","TRUE","TRUE","0.86","District 6","Central","0.1853","0.1593","0.4496","0.3718","0.2215","41180","St. Louis, MO-IL","Metropolitan Statistical Area","49","4.9","225734","24654","0.1092","2705.99244132492"
"33009","Gregg","Paydarfar","Joseph","NH","Lebanon","03756","4","FALSE","ABO, NPI, ENT Health","all_three_agree","TRUE","603-650-8123","Head and Neck Cancer","2026-06-12","TRUE","Yes","Yes","Not applicable, no appointment offered with anyone in practice","","Complete","466","1700975620","TRUE","TRUE","603","NH","","valid","Rural","Accepting","No appointment offered","","FALSE","FALSE","0.73","District 1","New England","","","","","","30100","Lebanon, NH-VT","Micropolitan Statistical Area","16","17.61","25085","1968","0.0785",""
"42091","Gregg","Becker","Marta","PA","Spring House","19477","1","FALSE","ABO, NPI, ENT Health","all_three_agree","TRUE","267-865-0005","General","2026-06-23","TRUE","Yes","Yes","Yes","2026-07-30","Complete","467","1467553081","TRUE","TRUE","267","PA","","valid","Urban","Accepting","With sampled physician","26","TRUE","TRUE","0.68","District 2","Middle Atlantic","0.3923","0.0503","0.5189","0.4131","0.8888","37980","Philadelphia-Camden-Wilmington, PA-NJ-DE-MD","Metropolitan Statistical Area","25","2.92","188531","17994","0.0954","1307.1063181523"
"39061","Gregg","Kou","Yann-Fuu","OH","Cincinnati","45229","1","FALSE","ABO, NPI, ENT Health","all_three_agree","TRUE","214-645-8898","Pediatrics","","","No-changed practices","","","","Complete","468","1811317290","TRUE","TRUE","214","TX","","valid","Urban","Not accepting: changed practice","","","FALSE","","0.63","District 5","Midwest","0.7403","0.7602","0.535","0.7914","0.7379","17140","Cincinnati, OH-KY-IN","Metropolitan Statistical Area","79","9.54","161716","28515","0.1763","1652.48674989113"
"27163","Gregg","Cox","Victor","MN","Saint Paul","55125","1","FALSE","ABO, NPI, ENT Health","all_three_agree","TRUE","651-702-0750","General","2026-06-12","TRUE","Yes","Yes","Yes","2026-07-07","Complete","469","1295771558","TRUE","TRUE","651","MN","","valid","Urban","Accepting","With sampled physician","15","TRUE","TRUE","0.74","District 5","Midwest","0.1955","0.1607","0.3023","0.3595","0.3015","33460","Minneapolis-St. Paul-Bloomington, MN-WI","Metropolitan Statistical Area","22","8.19","56881","4504","0.0792","2446.00113133122"
"36067","Gregg","Chiles","Patrick","NY","Syracuse","13214","1","FALSE","ABO, NPI, ENT Health","all_three_agree","TRUE","315-251-1093","General","2026-06-23","TRUE","Yes","Yes","Yes","2029-07-28","Complete","470","1639178379","TRUE","TRUE","315","NY","","valid","Urban","Accepting","With sampled physician","","TRUE","TRUE","0.76","District 2","Middle Atlantic","0.4707","0.3093","0.479","0.4918","0.7206","45060","Syracuse, NY","Metropolitan Statistical Area","33","6.98","103716","20722","0.1998","3031.64828081992"
"31165","Gregg","Massey","James","NE","Scottsbluff","69361","4","FALSE","ABO, NPI, ENT Health","all_three_agree","TRUE","308-439-0258","General","2026-06-25","FALSE","","","Not applicable, no appointment offered with anyone in practice","","Complete","471","1831113687","TRUE","TRUE","308","NE","","valid","Rural","","No appointment offered","","FALSE","FALSE","1.01","District 6","Central","0.7004","0.568","0.7393","0.4495","0.7471","42420","Scottsbluff, NE","Micropolitan Statistical Area","2","172.12","268","18","0.0672",""
"55127","Gregg","Wolter","Robert","WI","Elkhorn","53121","4","FALSE","ABO, NPI but not ENT Health","aboto_nppes_agree_enthealth_missing","","","","","","No-retired or no longer practicing medicine","Not applicable","","","Complete","472","1275640153","TRUE","FALSE","","","","missing","Rural","Not accepting: retired/left","","","FALSE","","0.66","District 5","Midwest","0.2512","0.1931","0.3867","0.1966","0.419","48580","Whitewater, WI","Micropolitan Statistical Area","2","1.9","25179","2315","0.0919",""
"42093","Gregg","Wertz","Aileen","PA","Danville","17822","7","FALSE","ABO, NPI, ENT Health","all_three_agree","TRUE","800-275-6401","Pediatrics","2026-06-12","TRUE","Yes","Yes","Yes","2026-08-03","Complete","473","1043573652","TRUE","TRUE","800","toll-free","","valid","Rural","Accepting","With sampled physician","34","TRUE","TRUE","0.68","District 2","Middle Atlantic","0.613","0.2973","0.7904","0.3227","0.8777","14100","Bloomsburg-Berwick, PA","Metropolitan Statistical Area","17","93.59","4773","639","0.1339",""
"42001","Gregg","Manning","James","PA","Gettysburg","17325","4","FALSE","ABO, NPI, ENT Health","all_three_agree","TRUE","717-633-9229","General","2026-06-23","TRUE","Yes","Yes","Yes","2026-07-29","Complete","474","1588667091","TRUE","TRUE","717","PA","","valid","Rural","Accepting","With sampled physician","25","TRUE","TRUE","0.68","District 2","Middle Atlantic","0.3873","0.3634","0.4259","0.2434","0.5325","23900","Gettysburg, PA","Metropolitan Statistical Area","2","1.91","28248","2331","0.0825","10000"
"19125","Gregg","Close","Heidi","IA","Pella","50219","4","FALSE","ABO, NPI, ENT Health","all_three_agree","TRUE","515-223-4368","General","","","No-changed practices","","","","Complete","475","1902864903","TRUE","TRUE","515","IA","","valid","Rural","Not accepting: changed practice","","","FALSE","","0.77","District 5","Midwest","0.2142","0.137","0.2965","0.0861","0.5675","37800","Pella, IA","Micropolitan Statistical Area","1","2.99","7927","804","0.1014",""
"51001","Gregg","Saffold","Scott","VA","Belle Haven","23306","10","FALSE","ABO, NPI, ENT Health","all_three_agree","TRUE","757-932-1152","General","2026-06-23","TRUE","Yes","Yes","No-but appointment offered with APP","2026-07-21","Complete","476","1801863162","TRUE","TRUE","757","VA","","valid","Rural","Accepting","With APP only","19","TRUE","FALSE","0.83","District 3","Mid-Atlantic/Southeast","0.7044","0.5854","0.921","0.5793","0.5138","","","","1","3","10221","1596","0.1561",""
"42049","Gregg","Guelcher","Robert","PA","Erie","16504","1","FALSE","ABO, NPI but not ENT Health","aboto_nppes_agree_enthealth_missing","","","","","","No-retired or no longer practicing medicine","Not applicable","","","Complete","477","1417313255","TRUE","FALSE","","","","missing","Urban","Not accepting: retired/left","","","FALSE","","0.68","District 2","Middle Atlantic","0.6047","0.5532","0.5353","0.3699","0.7308","21500","Erie, PA","Metropolitan Statistical Area","5","1.85","65594","12389","0.1889","4473.96089816698"
"37049","Gregg","Michalowicz","Matthew","NC","New Bern","28562","4","FALSE","ABO, NPI but not ENT Health","aboto_nppes_agree_enthealth_missing","TRUE","252-638-2515","General","2026-06-08","TRUE","Yes","Yes","Yes","2026-06-09","Complete","478","1811281942","TRUE","TRUE","252","NC","","valid","Rural","Accepting","With sampled physician","1","TRUE","TRUE","0.82","District 3","Mid-Atlantic/Southeast","0.4743","0.3847","0.5078","0.4421","0.562","35100","New Bern, NC","Metropolitan Statistical Area","10","9.89","28064","3603","0.1284",""
"01117","Gregg","Shirley","William","AL","Birmingham","35242","1","FALSE","ABO, NPI but not ENT Health","aboto_nppes_disagree_enthealth_missing","TRUE","205-874-9436","Pediatrics","2026-06-23","TRUE","Yes","Yes","Yes","2026-08-13","Complete","479","1568556280","TRUE","TRUE","205","AL","","valid","Urban","Accepting","With sampled physician","36","TRUE","TRUE","0.92","District 4","Southeast","0.1689","0.162","0.2625","0.3262","0.3015","13820","Birmingham-Hoover, AL","Metropolitan Statistical Area","10","4.47","44302","3790","0.0855","4257.37015192482"
"48349","Gregg","Chung","Andy","TX","Corsicana","75110","4","FALSE","ABO, NPI but not ENT Health","aboto_nppes_agree_enthealth_missing","TRUE","903-641-4270","General","2026-06-25","TRUE","Yes","Yes","Yes","2026-07-07","Complete","480","1164449666","TRUE","TRUE","903","TX","","valid","Rural","Accepting","With sampled physician","7","TRUE","TRUE","0.63","District 6","Central","0.8844","0.847","0.8871","0.7109","0.726","18620","Corsicana, TX","Micropolitan Statistical Area","1","1.89","11354","1774","0.1562",""
"56033","Chin","Varner","Cheryl","WY","Sheridan","82801","4","FALSE","ABO, NPI, ENT Health","all_three_agree","TRUE","307-675-4646","General","","","No-changed practices","","","","Complete","481","1568443398","TRUE","TRUE","307","WY","","valid","Rural","Not accepting: changed practice","","","FALSE","","1","District 7","Mountain/Southwest","0.4546","0.431","0.3048","0.1748","0.7039","43260","Sheridan, WY","Micropolitan Statistical Area","2","6.42","8835","683","0.0773",""
"50021","Chin","Charnock","David","VT","Rutland","05701","4","FALSE","ABO, NPI but not ENT Health","aboto_nppes_agree_enthealth_missing","TRUE","802-775-7111","General","","","No-changed practices","","","","Complete","482","1336149160","TRUE","TRUE","802","VT","","valid","Rural","Not accepting: changed practice","","","FALSE","","0.87","District 1","New England","0.5632","0.4571","0.452","0.0858","0.8415","40860","Rutland, VT","Micropolitan Statistical Area","3","4.95","18362","3577","0.1948",""
"18177","Chin","Jetmore","Thomas","IN","Richmond","47374","4","FALSE","ABO, NPI, ENT Health","all_three_agree","TRUE","765-996-1600","General","","","","","","","Incomplete","483","1104274463","TRUE","TRUE","765","IN","","valid","Rural","","","","FALSE","","0.96","District 5","Midwest","0.5896","0.5931","0.6742","0.2643","0.5568","39980","Richmond, IN","Micropolitan Statistical Area","5","7.52","16441","3926","0.2388",""
"26049","Chin","Shukairy","Khaled","MI","Burton","48509","1","FALSE","ABO, NPI, ENT Health","aboto_enthealth_agree_nppes_disagree","TRUE","810-742-0225","Pediatrics","","","","","","","Incomplete","484","1518961879","TRUE","TRUE","810","MI","","valid","Urban","","","","FALSE","","0.76","District 5","Midwest","0.4359","0.4782","0.4458","0.3194","0.47","22420","Flint, MI","Metropolitan Statistical Area","4","0.99","96924","16608","0.1714","3341.23490488349"
"12095","Chin","Silva","Rodrigo","FL","Orlando","32803","1","FALSE","ABO, NPI but not ENT Health","aboto_nppes_disagree_enthealth_missing","TRUE","407-845-8352","Pediatrics","","","","","","","Incomplete","485","1932365186","TRUE","TRUE","407","FL","","valid","Urban","","","","FALSE","","0.64","District 4","Southeast","0.2512","0.3606","0.1379","0.5213","0.355","36740","Orlando-Kissimmee-Sanford, FL","Metropolitan Statistical Area","27","1.89","222901","50376","0.226","3828.818228101"
"04025","Chin","Feldman","Howard","AZ","Cottonwood","86326","4","FALSE","ABO, NPI but not ENT Health","aboto_nppes_agree_enthealth_missing","FALSE","","General","","","No-retired or no longer practicing medicine","","","","Complete","486","1609972322","TRUE","FALSE","","","","missing","Rural","Not accepting: retired/left","","","FALSE","","0.98","District 7","Mountain/Southwest","0.665","0.6532","0.5694","0.4011","0.687","39150","Prescott Valley-Prescott, AZ","Metropolitan Statistical Area","4","1.68","94957","10688","0.1126","6245.26305149319"
"54033","Chin","Merenda","Daniel","WV","Bridgeport","26330","4","FALSE","ABO, NPI but not ENT Health","aboto_nppes_agree_enthealth_missing","TRUE","681-342-3570","General","","","","","","","Incomplete","487","1265519680","TRUE","TRUE","681","WV","","valid","Rural","","","","FALSE","","0.82","District 3","Mid-Atlantic/Southeast","0.3504","0.2286","0.3991","0.1384","0.6565","17220","Clarksburg, WV","Micropolitan Statistical Area","3","4.55","16642","2929","0.176",""
"20037","Chin","Baker","Michael","KS","Pittsburg","66762","4","FALSE","ABO, NPI, ENT Health","all_three_disagree","TRUE","620-232-7500","General","","","","","","","Incomplete","488","1891883120","TRUE","TRUE","620","KS","","valid","Rural","","","","FALSE","","0.69","District 6","Central","0.5691","0.5539","0.4658","0.2858","0.6757","38260","Pittsburg, KS","Micropolitan Statistical Area","2","5.13","7856","1413","0.1799",""
"27053","Chin","Galer","Chad","MN","Minneapolis","55416","1","FALSE","ABO, NPI, ENT Health","all_three_agree","TRUE","763-421-8443","General","2026-06-25","TRUE","Yes","Yes","Yes","2026-07-16","Complete","489","1639242944","TRUE","TRUE","763","MN","","valid","Urban","Accepting","With sampled physician","14","TRUE","TRUE","0.74","District 5","Midwest","0.1803","0.1494","0.1763","0.3145","0.4339","33460","Minneapolis-St. Paul-Bloomington, MN-WI","Metropolitan Statistical Area","78","6.14","225642","29801","0.1321","2446.00113133122"
"21193","Chin","Mongiardo","Frank","KY","Hazard","41701","10","FALSE","ABO, NPI but not ENT Health","aboto_nppes_disagree_enthealth_missing","TRUE","606-439-4466","General","","","","","","","Incomplete","490","1619048139","TRUE","TRUE","606","KY","","valid","Rural","","","","FALSE","","0.69","District 4","Southeast","0.5483","0.5482","0.5713","0.0867","0.6362","","","","1","3.55","6867","1981","0.2885",""
"19153","Falk","Mineck","Corey","IA","Clive","50325","1","FALSE","ABO, NPI, ENT Health","all_three_agree","TRUE","515-222-7761","General","2026-06-29","TRUE","Yes","Yes","Yes","2026-07-16","Complete","491","1669586251","TRUE","TRUE","515","IA","","valid","Urban","Accepting","With sampled physician","12","TRUE","TRUE","0.77","District 5","Midwest","0.209","0.1578","0.2823","0.3039","0.3678","19780","Des Moines-West Des Moines, IA","Metropolitan Statistical Area","13","2.63","90127","12453","0.1382","4535.89938421889"
"53037","Falk","Cleland-Zamudio","Suzanne","WA","Ellensburg","98926","4","FALSE","ABO, NPI, ENT Health","all_three_agree","FALSE","","General","2026-06-23","FALSE","No-changed practices","Not applicable","Not applicable, no appointment offered with anyone in practice","","Complete","492","1609883768","TRUE","FALSE","","","","missing","Rural","Not accepting: changed practice","No appointment offered","","FALSE","FALSE","0.64","District 8","Pacific","0.4522","0.4978","0.2729","0.3303","0.6248","21260","Ellensburg, WA","Micropolitan Statistical Area","1","2.25","10631","1236","0.1163",""
"48209","Falk","Evans","Seth","TX","Kyle","78640","1","FALSE","ABO, NPI, ENT Health","all_three_agree","TRUE","","General","2026-06-23","FALSE","No-changed practices","Not applicable","Not applicable, no appointment offered with anyone in practice","","Complete","493","1083825467","TRUE","FALSE","","","","missing","Urban","Not accepting: changed practice","No appointment offered","","FALSE","FALSE","0.63","District 6","Central","0.6149","0.6257","0.5302","0.7568","0.478","12420","Austin-Round Rock-Georgetown, TX","Metropolitan Statistical Area","3","1.22","42348","3129","0.0739","4127.72221259079"
"16001","Falk","Symms","John","ID","Boise","83704","1","FALSE","ABO, NPI, ENT Health","all_three_agree","TRUE","(208) 336-4368","Otology/neurotology","2026-06-23","TRUE","Yes","Yes","Yes","2026-07-09","Complete","494","1457706228","TRUE","TRUE","208","ID","","valid","Urban","Accepting","With sampled physician","11","TRUE","TRUE","0.94","District 8","Pacific","0.5126","0.4719","0.4843","0.3466","0.6313","14260","Boise City, ID","Metropolitan Statistical Area","18","3.62","103573","10256","0.099","4574.29153521168"
"17167","Falk","Bass","Richard","IL","Springfield","62701","1","FALSE","ABO, NPI but not ENT Health","aboto_nppes_agree_enthealth_missing","FALSE","217-545-8000","General","2026-06-29","TRUE","No-not specified why","Not applicable","Not applicable, no appointment offered with anyone in practice","","Complete","495","1609862200","TRUE","TRUE","217","IL","","valid","Urban","Not accepting: unspecified","No appointment offered","","FALSE","FALSE","0.63","District 5","Midwest","0.5985","0.5978","0.1803","0.6269","0.8244","44100","Springfield, IL","Metropolitan Statistical Area","15","7.65","44879","6529","0.1455","5000.08332072632"
"06073","Falk","Vaughan","John","CA","La Jolla","92037","1","FALSE","ABO, NPI but not ENT Health","aboto_nppes_agree_enthealth_missing","FALSE","(858) 452-4327","Otology/neurotology","2026-06-23","FALSE","No-not specified why","Not applicable","Not applicable, no appointment offered with anyone in practice","","Complete","496","1932289626","TRUE","TRUE","858","CA","","valid","Urban","Not accepting: unspecified","No appointment offered","","FALSE","FALSE","0.67","District 8","Pacific","0.2701","0.2752","0.2595","0.4427","0.3849","41740","San Diego-Chula Vista-Carlsbad, CA","Metropolitan Statistical Area","162","4.92","611811","126952","0.2075","2224.8729430868"
"56039","Falk","Trott","Martin","WY","Jackson","83001","4","FALSE","ABO, NPI, ENT Health","all_three_agree","TRUE","307.739.7690","General","2026-06-23","TRUE","Yes","Yes","Yes","2026-07-14","Complete","497","1245339456","TRUE","TRUE","307","WY","","valid","Rural","Accepting","With sampled physician","14","TRUE","TRUE","1","District 7","Mountain/Southwest","0.3926","0.2743","0.3056","0.39","0.7499","27220","Jackson, WY-ID","Micropolitan Statistical Area","1","4.28","4383","110","0.0251",""
"41065","Falk","Proctor","Matthew","OR","The Dalles","97058","4","FALSE","ABO, NPI, ENT Health","all_three_agree","TRUE","541-298-5563","Rhinology","2026-06-23","TRUE","Yes","Yes","Yes","2026-07-07","Complete","498","1932127412","TRUE","TRUE","541","OR","","valid","Rural","Accepting","With sampled physician","9","TRUE","TRUE","0.88","District 8","Pacific","0.7551","0.6843","0.7581","0.436","0.7217","45520","The Dalles, OR","Micropolitan Statistical Area","2","7.51","6677","1259","0.1886",""
"06059","Falk","Sepehr","Ali","CA","Newport Beach","92660","1","FALSE","ABO, NPI, ENT Health","all_three_agree","TRUE","(949) 371-6963","Facial Plastics","2026-06-23","TRUE","Yes","Yes","Yes","2026-06-30","Complete","499","1386833069","TRUE","TRUE","949","CA","","valid","Urban","Accepting","With sampled physician","5","TRUE","TRUE","0.67","District 8","Pacific","0.2714","0.229","0.3031","0.4183","0.46","31080","Los Angeles-Long Beach-Anaheim, CA","Metropolitan Statistical Area","101","3.18","591778","128882","0.2178","645.954567429514"
"27109","Falk","Tasche","Kendall","MN","Rochester","55905","1","FALSE","ABO, NPI, ENT Health","all_three_agree","TRUE","507-405-2935","Head and Neck Cancer","2026-06-29","TRUE","Yes","Yes","Not applicable, no appointment offered with anyone in practice","","Complete","500","1003227489","TRUE","TRUE","507","MN","","valid","Urban","Accepting","No appointment offered","","FALSE","FALSE","0.74","District 5","Midwest","0.0811","0.0959","0.1431","0.4621","0.1352","40340","Rochester, MN","Metropolitan Statistical Area","42","25.88","31846","3426","0.1076","9256.71526172725"
"24031","Falk","Morton","Anthony","MD","Kensington","20895","1","FALSE","ABO, NPI, ENT Health","all_three_agree","TRUE","1-800-777-7904","General","2026-06-25","TRUE","Yes","Yes","Not applicable, no appointment offered with anyone in practice","","Complete","501","1457427643","TRUE","TRUE","800","toll-free","","valid","Urban","Accepting","No appointment offered","","FALSE","FALSE","0.95","District 3","Mid-Atlantic/Southeast","0.2223","0.1172","0.4884","0.4824","0.3212","47900","Washington-Arlington-Alexandria, DC-VA-MD-WV","Metropolitan Statistical Area","57","5.39","194760","23038","0.1183","1110.8637569665"
"53005","Falk","Schwartz","Ronald","WA","Richland","99352","1","FALSE","ABO, NPI but not ENT Health","aboto_nppes_agree_enthealth_missing","FALSE","(509) 942-3178","General","2026-06-29","TRUE","No-retired or no longer practicing medicine","Not applicable","Not applicable, no appointment offered with anyone in practice","","Complete","502","1902876402","TRUE","TRUE","509","WA","","valid","Urban","Not accepting: retired/left","No appointment offered","","FALSE","FALSE","0.64","District 8","Pacific","0.3374","0.2918","0.5669","0.3742","0.3314","28420","Kennewick-Richland, WA","Metropolitan Statistical Area","5","2.41","41167","5696","0.1384","5298.55715518635"
"36047","Falk","Pearl","Alden","NY","Brooklyn","11238","1","FALSE","ABO, NPI but not ENT Health","aboto_nppes_agree_enthealth_missing","FALSE","(718) 622-0505","General","2026-06-29","FALSE","No-not specified why","Not applicable","Not applicable, no appointment offered with anyone in practice","","Complete","503","1528172376","TRUE","TRUE","718","NY","","valid","Urban","Not accepting: unspecified","No appointment offered","","FALSE","FALSE","0.76","District 2","Middle Atlantic","0.4935","0.3982","0.139","0.6627","0.8457","35620","New York-Newark-Jersey City, NY-NJ-PA","Metropolitan Statistical Area","48","1.79","407755","210752","0.5169","675.82644634067"
"18003","Falk","Westfall","Edward","IN","Fort Wayne","46825","1","FALSE","ABO, NPI, ENT Health","all_three_agree","TRUE","(260) 426-8117","General","","","","","","","Unverified","504","1942662986","TRUE","TRUE","260","IN","","valid","Urban","","","","FALSE","","0.96","District 5","Midwest","0.447","0.4098","0.4094","0.4017","0.5736","23060","Fort Wayne, IN","Metropolitan Statistical Area","20","5.19","75212","13159","0.175","5349.55307287203"
"48439","Falk","Smith","Jesse","TX","Fort Worth","76104","1","FALSE","ABO, NPI, ENT Health","all_three_agree","TRUE","(817) 806-4245","Facial Plastics","","","","","","","Unverified","505","1194742791","TRUE","TRUE","817","TX","","valid","Urban","","","","FALSE","","0.63","District 6","Central","0.8539","0.8749","0.6929","0.8201","0.6996","19100","Dallas-Fort Worth-Arlington, TX","Metropolitan Statistical Area","49","2.32","317742","39322","0.1238","1622.88265198409"
"30083","Falk","Bennion","Brett","MT","Sidney","59270","7","FALSE","ABO, NPI, ENT Health","all_three_agree","TRUE","406-488-2380","General","","","","","","","Unverified","506","1275616104","TRUE","TRUE","406","MT","","valid","Rural","","","","FALSE","","1.32","District 7","Mountain/Southwest","0.4153","0.3685","0.3832","0.2249","0.6382","","","","2","17.6","2288","206","0.09",""
"24031","Falk","Allen","Clint","MD","Bethesda","20817","1","FALSE","ABO, NPI but not ENT Health","aboto_nppes_agree_enthealth_missing","FALSE","(240) 858-7773","Laryngology","","","","","","","Unverified","507","1861697021","TRUE","TRUE","240","MD","","valid","Urban","","","","FALSE","","0.95","District 3","Mid-Atlantic/Southeast","0.1833","0.0813","0.4638","0.5299","0.2705","47900","Washington-Arlington-Alexandria, DC-VA-MD-WV","Metropolitan Statistical Area","57","5.39","194760","23038","0.1183","1110.8637569665"
"08037","Falk","Seibert","Jared","CO","Avon","81620","4","FALSE","ABO, NPI, ENT Health","all_three_agree","TRUE","(970) 363-5432","General","2026-06-29","TRUE","Yes","Yes","Yes","2026-09-04","Complete","508","1750602660","TRUE","TRUE","970","CO","","valid","Rural","Accepting","With sampled physician","48","TRUE","TRUE","0.83","District 7","Mountain/Southwest","0.45","0.4716","0.1856","0.5329","0.688","20780","Edwards, CO","Micropolitan Statistical Area","2","3.59","7747","402","0.0519",""
"48201","Falk","Olson","Krista","TX","Houston","77030","1","FALSE","ABO, NPI, ENT Health","all_three_agree","TRUE","713.798.5900","Facial Plastics","2026-06-29","TRUE","Yes","Yes","Yes","2026-07-17","Complete","509","1841383486","TRUE","TRUE","713","TX","","valid","Urban","Accepting","With sampled physician","13","TRUE","TRUE","0.63","District 6","Central","0.3657","0.3063","0.0952","0.6222","0.7287","26420","Houston-The Woodlands-Sugar Land, TX","Metropolitan Statistical Area","229","4.85","649936","101124","0.1556","2267.03553574242"
"33001","Falk","Kelly","Mark","NH","Laconia","03246","4","TRUE","ABO, NPI, ENT Health","all_three_agree","TRUE","(603) 524-7402","General","","","","","","","Unverified","510","1427016633","TRUE","TRUE","603","NH","","valid","Rural","","","","FALSE","","0.73","District 1","New England","0.6125","0.5057","0.6621","0.1071","0.8016","29060","Laconia, NH","Micropolitan Statistical Area","6","9.39","21114","1869","0.0885",""
"42093","Falk","Reams","Carl","PA","Danville","17822","7","FALSE","ABO, NPI but not ENT Health","aboto_nppes_agree_enthealth_missing","FALSE","(570) 271-6429","General","","","","","","","Unverified","511","1376508275","TRUE","TRUE","570","PA","","valid","Rural","","","","FALSE","","0.68","District 2","Middle Atlantic","0.613","0.2973","0.7904","0.3227","0.8777","14100","Bloomsburg-Berwick, PA","Metropolitan Statistical Area","17","93.59","4773","639","0.1339",""
"48223","Falk","Yates","Jay","TX","Sulphur Springs","75482","4","TRUE","ABO, NPI, ENT Health","all_three_agree","TRUE","903-885-6534","General","2026-06-29","TRUE","Yes","Yes","Yes","2026-09-16","Complete","512","1902820970","TRUE","TRUE","903","TX","","valid","Rural","Accepting","With sampled physician","55","TRUE","TRUE","0.63","District 6","Central","0.6569","0.6639","0.6704","0.4601","0.5866","44860","Sulphur Springs, TX","Micropolitan Statistical Area","3","8.11","8635","1126","0.1304",""
"21021","Falk","Hignight","John","KY","Danville","40422","4","FALSE","ABO, NPI but not ENT Health","aboto_nppes_agree_enthealth_missing","FALSE","(859) 236-0903","General","2026-06-29","TRUE","No-retired or no longer practicing medicine","Not applicable","No-but appointment offered with different physician","2026-07-07","Complete","513","1811957558","TRUE","TRUE","859","KY","","valid","Rural","Not accepting: retired/left","With different physician","5","TRUE","FALSE","0.69","District 4","Southeast","0.4794","0.5529","0.5406","0.2816","0.4004","19220","Danville, KY","Micropolitan Statistical Area","4","13.07","7452","1092","0.1465",""
"42045","Falk","Perloff","Joel","PA","Chester","19013","1","FALSE","ABO, NPI, ENT Health","all_three_agree","TRUE","610.874.5366","General","","","","","","","Unverified","514","1205917820","TRUE","TRUE","610","PA","","valid","Urban","","","","FALSE","","0.68","District 2","Middle Atlantic","0.7856","0.8247","0.6707","0.8766","0.5781","37980","Philadelphia-Camden-Wilmington, PA-NJ-DE-MD","Metropolitan Statistical Area","11","1.91","121020","18656","0.1542","1307.1063181523"
"39053","Falk","Crigger","Charles","OH","Gallipolis","45631","4","FALSE","ABO, NPI but not ENT Health","aboto_nppes_agree_enthealth_missing","FALSE","740-446-5411","General","2026-06-29","TRUE","No-changed practices","Not applicable","Not applicable, no appointment offered with anyone in practice","","Complete","515","1386640662","TRUE","TRUE","740","OH","","valid","Rural","Not accepting: changed practice","No appointment offered","","FALSE","FALSE","0.63","District 5","Midwest","0.5815","0.5739","0.6239","0.1361","0.6531","38580","Point Pleasant, WV-OH","Micropolitan Statistical Area","4","13.66","7364","1646","0.2235",""
"39113","Falk","Adib","Abdulla","OH","Dayton","45402","1","FALSE","ABO, NPI but not ENT Health","aboto_nppes_agree_enthealth_missing","TRUE","(937) 496-2620","General","2026-06-29","TRUE","No-retired or no longer practicing medicine","Not applicable","Not applicable, no appointment offered with anyone in practice","","Complete","516","1891765103","TRUE","TRUE","937","OH","","valid","Urban","Not accepting: retired/left","No appointment offered","","FALSE","FALSE","0.63","District 5","Midwest","0.7015","0.7664","0.4788","0.7218","0.6509","19430","Dayton-Kettering, OH","Metropolitan Statistical Area","22","4.1","118121","20370","0.1725","5030.27401955208"
"28087","Falk","Garner","Justin","MS","Columbus","39705","4","TRUE","ABO, NPI, ENT Health","all_three_agree","TRUE","(662) 327.4432","General","2026-06-29","TRUE","Yes","Yes","Yes","2026-07-07","Complete","517","1104952225","TRUE","TRUE","662","MS","","valid","Rural","Accepting","With sampled physician","5","TRUE","TRUE","0.93","District 4","Southeast","0.3219","0.3957","0.268","0.5778","0.3347","18060","Columbus, MS","Micropolitan Statistical Area","5","8.54","12652","3207","0.2535",""
"41027","Falk","Maccabee","Mendy","OR","Hood River","97031","4","FALSE","ABO, NPI, ENT Health","all_three_agree","TRUE","(541) 436-3880","Rhinology","2026-06-29","TRUE","Yes","Yes","Yes","2026-07-20","Complete","518","1205927134","TRUE","TRUE","541","OR","","valid","Rural","Accepting","With sampled physician","14","TRUE","TRUE","0.88","District 8","Pacific","0.6844","0.4834","0.7031","0.521","0.8149","26220","Hood River, OR","Micropolitan Statistical Area","2","8.35","5135","738","0.1437",""
"27067","Falk","Janning","Martin","MN","Willmar","56201","4","FALSE","ABO, NPI, ENT Health","nppes_enthealth_agree_aboto_disagree","TRUE","(320) 231-3277","Sleep","2026-06-29","TRUE","Yes","Yes","Yes","2026-07-17","Complete","519","1396963922","TRUE","TRUE","320","MN","","valid","Rural","Accepting","With sampled physician","13","TRUE","TRUE","0.74","District 5","Midwest","0.73","0.5678","0.8327","0.4978","0.7933","48820","Willmar, MN","Micropolitan Statistical Area","2","4.58","10743","1697","0.158",""
"25017","Falk","Hillel","Richard","MA","Cambridge","02138","1","FALSE","ABO, NPI but not ENT Health","aboto_nppes_agree_enthealth_missing","FALSE","(617) 354-1010","General","2026-06-29","TRUE","No-retired or no longer practicing medicine","Not applicable","No-but appointment offered with different physician","2026-07-01","Complete","520","1548249048","TRUE","TRUE","617","MA","","valid","Urban","Not accepting: retired/left","With different physician","2","TRUE","FALSE","0.74","District 1","New England","0.2837","0.2132","0.1053","0.5508","0.7516","14460","Boston-Cambridge-Newton, MA-NH","Metropolitan Statistical Area","48","2.96","303248","61244","0.202","2023.04610416402"
"42089","Falk","Ohlstein","Jason","PA","East Stroudsburg","18301","4","FALSE","ABO, NPI, ENT Health","all_three_agree","TRUE","(484) 957-2770","General","2026-06-29","TRUE","Yes","Yes","Yes","2026-07-20","Complete","521","1164871505","TRUE","TRUE","484","PA","","valid","Rural","Accepting","With sampled physician","14","TRUE","TRUE","0.68","District 2","Middle Atlantic","0.4812","0.5414","0.4362","0.6163","0.426","20700","East Stroudsburg, PA","Metropolitan Statistical Area","2","1.19","39103","5352","0.1369",""
"25025","Chin","Gulleth","Yusuf","MA","Brighton","02135","1","FALSE","ABO, NPI but not ENT Health","aboto_nppes_agree_enthealth_missing","","","","","","","","","","Incomplete","522","1588797989","TRUE","FALSE","","","","missing","Urban","","","","FALSE","","0.74","District 1","New England","0.4834","0.4197","0.2137","0.5524","0.7776","14460","Boston-Cambridge-Newton, MA-NH","Metropolitan Statistical Area","139","17.7","113713","50389","0.4431","2023.04610416402"
"35005","Chin","Hobbs","Jan","NM","Roswell","88201","4","FALSE","ABO, NPI but not ENT Health","aboto_nppes_agree_enthealth_missing","","","","","","","","","","Incomplete","523","1225090046","TRUE","FALSE","","","","missing","Rural","","","","FALSE","","1.21","District 7","Mountain/Southwest","0.6823","0.5341","0.7476","0.7015","0.6434","40740","Roswell, NM","Micropolitan Statistical Area","2","3.09","12263","3799","0.3098",""
"41045","Chin","Reich","Steven","OR","Ontario","97914","4","FALSE","ABO, NPI, ENT Health","all_three_agree","","","","","","","","","","Incomplete","524","1538144225","TRUE","FALSE","","","","missing","Rural","","","","FALSE","","0.88","District 8","Pacific","0.9221","0.7653","0.9409","0.6386","0.9388","36620","Ontario, OR-ID","Micropolitan Statistical Area","2","6.34","6532","1744","0.267",""
"45047","Chin","Scates","Kyle","SC","Greenwood","29646","4","FALSE","ABO, NPI, ENT Health","all_three_agree","","","","","","","","","","Incomplete","525","1679657415","TRUE","FALSE","","","","missing","Rural","","","","FALSE","","0.89","District 4","Southeast","0.751","0.7227","0.6992","0.6556","0.7128","24940","Greenwood, SC","Micropolitan Statistical Area","4","5.77","17633","3055","0.1733",""
"20057","Chin","Brian","David","KS","Dodge City","67801","4","FALSE","ABO, NPI but not ENT Health","aboto_nppes_agree_enthealth_missing","","","","","","","","","","Incomplete","526","1962484295","TRUE","FALSE","","","","missing","Rural","","","","FALSE","","0.69","District 6","Central","0.7334","0.5883","0.7182","0.7609","0.7457","19980","Dodge City, KS","Micropolitan Statistical Area","2","5.85","4504","713","0.1583",""
"41035","Chin","Hohengarten","John","OR","Klamath Falls","97601","4","FALSE","ABO, NPI but not ENT Health","aboto_nppes_agree_enthealth_missing","","","","","","","","","","Incomplete","527","1104825827","TRUE","FALSE","","","","missing","Rural","","","","FALSE","","0.88","District 8","Pacific","0.6685","0.7008","0.5858","0.3505","0.6602","28900","Klamath Falls, OR","Micropolitan Statistical Area","1","1.44","18850","4217","0.2237",""
"42051","Chin","Oliverio","Matthew","PA","Uniontown","15401","4","FALSE","ABO, NPI, ENT Health","all_three_agree","","","","","","","","","","Incomplete","528","1194921007","TRUE","FALSE","","","","missing","Rural","","","","FALSE","","0.68","District 2","Middle Atlantic","0.5342","0.5214","0.528","0.2184","0.6523","38300","Pittsburgh, PA","Metropolitan Statistical Area","2","1.56","36466","7699","0.2111","2891.96306455552"
"31111","Chin","Fitzpatrick","Elaine","NE","North Platte","69101","4","FALSE","ABO, NPI, ENT Health","all_three_agree","","","","","","","","","","Incomplete","529","1801974324","TRUE","FALSE","","","","missing","Rural","","","","FALSE","","1.01","District 6","Central","0.5638","0.5244","0.6664","0.2531","0.5775","35820","North Platte, NE","Micropolitan Statistical Area","3","8.69","8274","1056","0.1276",""
"26047","Chin","Somers","Melissa","MI","Petoskey","49770","5","FALSE","ABO, NPI, ENT Health","aboto_nppes_agree_enthealth_disagree","","","","","","","","","","Incomplete","530","1083815559","TRUE","FALSE","","","","missing","Rural","","","","FALSE","","0.76","District 5","Midwest","0.2471","0.19","0.2466","0.1109","0.5637","","","","2","5.87","10539","916","0.0869",""
"39061","Chin","Hsieh","Tsung-yen","OH","Cincinnati","45219","1","FALSE","ABO, NPI but not ENT Health","aboto_nppes_agree_enthealth_missing","","","","","","","","","","Incomplete","531","1548505100","TRUE","FALSE","","","","missing","Urban","","","","FALSE","","0.63","District 5","Midwest","0.5303","0.7759","0.1227","0.4794","0.7151","17140","Cincinnati, OH-KY-IN","Metropolitan Statistical Area","79","9.54","161716","28515","0.1763","1652.48674989113"
"55097","Chin","Jennings","Richard","WI","Stevens Point","54481","4","FALSE","ABO, NPI but not ENT Health","aboto_nppes_agree_enthealth_missing","","","","","","","","","","Incomplete","532","1831177633","TRUE","FALSE","","","","missing","Rural","","","","FALSE","","0.66","District 5","Midwest","0.4055","0.442","0.2583","0.2006","0.6276","44620","Stevens Point, WI","Micropolitan Statistical Area","3","4.27","16089","1606","0.0998",""
"53057","Chin","Harris","Kevin","WA","Anacortes","98221","4","FALSE","ABO, NPI, ENT Health","all_three_agree","","","","","","","","","","Incomplete","533","1164496808","TRUE","FALSE","","","","missing","Rural","","","","FALSE","","0.64","District 8","Pacific","0.3088","0.2741","0.4994","0.2249","0.3854","34580","Mount Vernon-Anacortes, WA","Metropolitan Statistical Area","7","5.41","35599","4132","0.1161","6039.16195744707"
"39093","Chin","Clancy","Kate","OH","Lorain","44053","1","FALSE","ABO, NPI, ENT Health","all_three_agree","","","","","","","","","","Incomplete","534","1417489352","TRUE","FALSE","","","","missing","Urban","","","","FALSE","","0.63","District 5","Midwest","0.6412","0.4602","0.7176","0.5421","0.6735","17460","Cleveland-Elyria, OH","Metropolitan Statistical Area","4","1.28","76291","9734","0.1276","3716.69367417891"
"21037","Chin","Haas","Patrick","KY","Fort Thomas","41075","1","FALSE","ABO, NPI, ENT Health","all_three_agree","","","","","","","","","","Incomplete","535","1104137454","TRUE","FALSE","","","","missing","Urban","","","","FALSE","","0.69","District 4","Southeast","0.2222","0.2375","0.4357","0.1237","0.3017","17140","Cincinnati, OH-KY-IN","Metropolitan Statistical Area","11","11.81","19309","1942","0.1006","1652.48674989113"
"13067","Chin","Christensen","Debbie","GA","Marietta","30060","1","FALSE","ABO, NPI, ENT Health","all_three_agree","","","","","","","","","","Incomplete","536","1306042296","TRUE","FALSE","","","","missing","Urban","","","","FALSE","","0.83","District 4","Southeast","0.8251","0.8018","0.7165","0.7818","0.7302","12060","Atlanta-Sandy Springs-Alpharetta, GA","Metropolitan Statistical Area","26","3.4","120848","13371","0.1106","2026.24940839798"
"08097","Chin","Murphy","Heather","CO","Aspen","81611","7","FALSE","ABO, NPI but not ENT Health","aboto_nppes_agree_enthealth_missing","","","","","","","","","","Incomplete","537","1013024439","TRUE","FALSE","","","","missing","Rural","","","","FALSE","","0.83","District 7","Mountain/Southwest","0.2328","0.2008","0.1641","0.3523","0.5847","24060","Glenwood Springs, CO","Micropolitan Statistical Area","1","5.77","3340","133","0.0398",""
"29077","Chin","Randall","David","MO","Springfield","65807","1","FALSE","ABO, NPI but not ENT Health","aboto_nppes_agree_enthealth_missing","","","","","","","","","","Incomplete","538","1366438426","TRUE","FALSE","","","","missing","Urban","","","","FALSE","","0.86","District 6","Central","0.4416","0.5717","0.2824","0.2952","0.5061","44180","Springfield, MO","Metropolitan Statistical Area","15","5.01","64287","9490","0.1476","4694.06598649053"
"42003","Chin","Duvvuri","Umamaheswar","PA","Pittsburgh","15213","1","FALSE","ABO, NPI but not ENT Health","aboto_nppes_agree_enthealth_missing","","","","","","","","","","Incomplete","539","1477718641","TRUE","FALSE","","","","missing","Urban","","","","FALSE","","0.68","District 2","Middle Atlantic","0.5095","0.6591","0.116","0.5043","0.7366","38300","Pittsburgh, PA","Metropolitan Statistical Area","75","6.02","281577","41193","0.1463","2891.96306455552"
"39091","Chin","Tennyson","Heath","OH","Bellefontaine","43311","4","FALSE","ABO, NPI but not ENT Health","aboto_nppes_disagree_enthealth_missing","","","","","","","","","","Incomplete","540","1700856069","TRUE","FALSE","","","","missing","Rural","","","","FALSE","","0.63","District 5","Midwest","0.4928","0.3888","0.6167","0.1627","0.6252","13340","Bellefontaine, OH","Micropolitan Statistical Area","1","2.17","11346","1542","0.1359",""
"40071","Chin","Howard","William","OK","Ponca City","74601","4","FALSE","ABO, NPI but not ENT Health","aboto_nppes_agree_enthealth_missing","","","","","","","","","","Incomplete","541","1316008675","TRUE","FALSE","","","","missing","Rural","","","","FALSE","","0.94","District 6","Central","0.802","0.7738","0.7979","0.4972","0.7376","38620","Ponca City, OK","Micropolitan Statistical Area","1","2.28","10747","1819","0.1693",""
"36081","Chin","Wakefield","Tamekia","NY","Flushing","11358","1","FALSE","ABO, NPI, ENT Health","aboto_nppes_agree_enthealth_disagree","","","","","","","","","","Incomplete","542","1487656849","TRUE","FALSE","","","","missing","Urban","","","","FALSE","","0.76","District 2","Middle Atlantic","0.6362","0.6495","0.49","0.779","0.5359","35620","New York-Newark-Jersey City, NY-NJ-PA","Metropolitan Statistical Area","33","1.4","414581","184854","0.4459","675.82644634067"
"12095","Chin","Lanser","Michael","FL","Orlando","32803","1","FALSE","ABO, NPI but not ENT Health","aboto_nppes_agree_enthealth_missing","","","","","","","","","","Incomplete","543","1699881789","TRUE","FALSE","","","","missing","Urban","","","","FALSE","","0.64","District 4","Southeast","0.2512","0.3606","0.1379","0.5213","0.355","36740","Orlando-Kissimmee-Sanford, FL","Metropolitan Statistical Area","27","1.89","222901","50376","0.226","3828.818228101"
"17195","Chin","Gerberi","Michael","IL","Sterling","61081","4","FALSE","ABO, NPI but not ENT Health","aboto_nppes_agree_enthealth_missing","","","","","","","","","","Incomplete","544","1619065455","TRUE","FALSE","","","","missing","Rural","","","","FALSE","","0.63","District 5","Midwest","0.4793","0.4241","0.6906","0.4222","0.4141","44580","Sterling, IL","Micropolitan Statistical Area","4","7.2","14610","2187","0.1497",""
"27109","Chin","Driscoll","Colin","MN","Rochester","55905","1","FALSE","ABO, NPI, ENT Health","aboto_enthealth_agree_nppes_disagree","","","","","","","","","","Incomplete","545","1174593321","TRUE","FALSE","","","","missing","Urban","","","","FALSE","","0.74","District 5","Midwest","0.0811","0.0959","0.1431","0.4621","0.1352","40340","Rochester, MN","Metropolitan Statistical Area","42","25.88","31846","3426","0.1076","9256.71526172725"
"21073","Chin","Weisberg","Jan","KY","Frankfort","40601","4","FALSE","ABO, NPI but not ENT Health","aboto_nppes_disagree_enthealth_missing","","","","","","","","","","Incomplete","546","1811941107","TRUE","FALSE","","","","missing","Rural","","","","FALSE","","0.69","District 4","Southeast","0.4396","0.4435","0.5508","0.2941","0.4379","23180","Frankfort, KY","Micropolitan Statistical Area","2","3.89","14902","4344","0.2915",""
"48029","Chin","Yang","Zao","TX","San Antonio","78229","1","FALSE","ABO, NPI, ENT Health","all_three_agree","","","","","","","","","","Incomplete","547","1497174528","TRUE","FALSE","","","","missing","Urban","","","","FALSE","","0.63","District 6","Central","0.8298","0.8224","0.5965","0.823","0.758","41700","San Antonio-New Braunfels, TX","Metropolitan Statistical Area","92","4.57","335213","56215","0.1677","3211.30893739928"
"37081","Chin","Pincus","William","NC","High Point","27262","1","FALSE","ABO, NPI but not ENT Health","aboto_nppes_agree_enthealth_missing","","","","","","","","","","Incomplete","548","1306806583","TRUE","FALSE","","","","missing","Urban","","","","FALSE","","0.82","District 3","Mid-Atlantic/Southeast","0.628","0.6996","0.4966","0.6228","0.5206","24660","Greensboro-High Point, NC","Metropolitan Statistical Area","20","3.71","110462","18403","0.1666","4935.97740151943"
"50021","Chin","Shattuck","Theodore","VT","Rutland","05701","4","FALSE","ABO, NPI but not ENT Health","aboto_nppes_agree_enthealth_missing","","","","","","","","","","Incomplete","549","1558361444","TRUE","FALSE","","","","missing","Rural","","","","FALSE","","0.87","District 1","New England","0.5632","0.4571","0.452","0.0858","0.8415","40860","Rutland, VT","Micropolitan Statistical Area","3","4.95","18362","3577","0.1948",""
"51143","Chin","Meadema","Samuel","VA","Danville","24541","4","FALSE","ABO, NPI, ENT Health","all_three_agree","","","","","","","","","","Incomplete","550","1649225764","TRUE","FALSE","","","","missing","Rural","","","","FALSE","","0.83","District 3","Mid-Atlantic/Southeast","0.7046","0.7045","0.7396","0.6128","0.5386","19260","Danville, VA","Micropolitan Statistical Area","4","6.61","16164","2637","0.1631",""
"20091","Chin","Umstattd","Lauren","KS","Overland Park","66224","1","FALSE","ABO, NPI but not ENT Health","aboto_nppes_disagree_enthealth_missing","","","","","","","","","","Incomplete","551","1962884635","TRUE","FALSE","","","","missing","Urban","","","","FALSE","","0.69","District 6","Central","0.06","0.092","0.1273","0.3144","0.1379","28140","Kansas City, MO-KS","Metropolitan Statistical Area","36","5.89","117595","7338","0.0624","1957.50126151696"
"05005","Chin","Neis","John","AR","Mountain Home","72653","4","FALSE","ABO, NPI, ENT Health","all_three_agree","","","","","","","","","","Incomplete","552","1851616148","TRUE","FALSE","","","","missing","Rural","","","","FALSE","","0.76","District 6","Central","0.5374","0.5655","0.5824","0.1384","0.5512","34260","Mountain Home, AR","Micropolitan Statistical Area","3","7.18","15545","1989","0.128",""
"19033","Chin","Diggelmann","Henry","IA","Mason City","50401","4","FALSE","ABO, NPI, ENT Health","all_three_agree","","","","","","","","","","Incomplete","553","1467610196","TRUE","FALSE","","","","missing","Rural","","","","FALSE","","0.77","District 5","Midwest","0.3639","0.3115","0.4238","0.1935","0.5469","32380","Mason City, IA","Micropolitan Statistical Area","5","11.63","12020","1615","0.1344",""
"06073","Chin","Greene","Jacqueline","CA","San Diego","92123","1","FALSE","ABO, NPI, ENT Health","all_three_agree","","","","","","","","","","Incomplete","554","1144583931","TRUE","FALSE","","","","missing","Urban","","","","FALSE","","0.67","District 8","Pacific","0.5205","0.4953","0.3447","0.7013","0.6134","41740","San Diego-Chula Vista-Carlsbad, CA","Metropolitan Statistical Area","162","4.92","611811","126952","0.2075","2224.8729430868"
"26081","Chin","Cox","Claudell","MI","Wyoming","49509","1","FALSE","ABO, NPI, ENT Health","all_three_agree","","","","","","","","","","Incomplete","555","1023073053","TRUE","FALSE","","","","missing","Urban","","","","FALSE","","0.76","District 5","Midwest","0.7008","0.6179","0.7325","0.6354","0.6172","24340","Grand Rapids-Kentwood, MI","Metropolitan Statistical Area","19","2.89","124089","17371","0.14","4821.08717740381"
"04019","Chin","Chastain","John","AZ","Tucson","85712","1","FALSE","ABO, NPI, ENT Health","all_three_agree","","","","","","","","","","Incomplete","556","1801915715","TRUE","FALSE","","","","missing","Urban","","","","FALSE","","0.98","District 7","Mountain/Southwest","0.7785","0.6882","0.6025","0.5957","0.8327","46060","Tucson, AZ","Metropolitan Statistical Area","37","3.55","261020","44863","0.1719","2707.86375469015"
"13059","Chin","Barnes","Christian","GA","Athens","30601","1","FALSE","ABO, NPI, ENT Health","all_three_agree","","","","","","","","","","Incomplete","557","1184060337","TRUE","FALSE","","","","missing","Urban","","","","FALSE","","0.83","District 4","Southeast","0.5959","0.7882","0.3396","0.6201","0.5365","12020","Athens-Clarke County, GA","Metropolitan Statistical Area","10","7.76","19399","3953","0.2038","5731.5247668194"
"24043","Chin","Manilla","Anthony","MD","Hagerstown","21742","1","FALSE","ABO, NPI, ENT Health","all_three_agree","","","","","","","","","","Incomplete","558","1356332480","TRUE","FALSE","","","","missing","Urban","","","","FALSE","","0.95","District 3","Mid-Atlantic/Southeast","0.5245","0.4035","0.673","0.4121","0.5738","25180","Hagerstown-Martinsburg, MD-WV","Metropolitan Statistical Area","10","6.47","33872","5303","0.1566","5293.96072090846"
"45075","Chin","Ansley","John","SC","Orangeburg","29118","4","FALSE","ABO, NPI, ENT Health","all_three_agree","","","","","","","","","","Incomplete","559","1790733590","TRUE","FALSE","","","","missing","Rural","","","","FALSE","","0.89","District 4","Southeast","0.6019","0.5209","0.6051","0.7876","0.5198","36700","Orangeburg, SC","Micropolitan Statistical Area","1","1.19","22107","5644","0.2553",""
"42085","Chin","Wood","David","PA","Hermitage","16148","4","FALSE","ABO, NPI, ENT Health","all_three_agree","","","","","","","","","","Incomplete","560","1154320133","TRUE","FALSE","","","","missing","Rural","","","","FALSE","","0.68","District 2","Middle Atlantic","0.4514","0.3516","0.5251","0.2053","0.624","49660","Youngstown-Warren-Boardman, OH-PA","Metropolitan Statistical Area","1","0.9","30341","4939","0.1628","9775.6383754499"
"06075","Chin","Kansara","Sagar","CA","San Francisco","94143","1","FALSE","ABO, NPI but not ENT Health","aboto_nppes_agree_enthealth_missing","","","","","","","","","","Incomplete","561","1932562691","TRUE","FALSE","","","","missing","Urban","","","","FALSE","","0.67","District 8","Pacific","","","","","","41860","San Francisco-Oakland-Berkeley, CA","Metropolitan Statistical Area","68","7.99","158399","56242","0.3551","1665.90502828119"
"47119","Chin","Parey","Stephen","TN","Columbia","38401","4","FALSE","ABO, NPI, ENT Health","nppes_enthealth_agree_aboto_disagree","","","","","","","","","","Incomplete","562","1093753626","TRUE","FALSE","","","","missing","Rural","","","","FALSE","","","District 4","Southeast","0.4222","0.4293","0.4793","0.3592","0.4357","34980","Nashville-Davidson--Murfreesboro--Franklin, TN","Metropolitan Statistical Area","2","1.96","25248","2643","0.1047","2584.58621056026"
"51710","Chin","Kalafsky","John","VA","Norfolk","23502","1","FALSE","ABO, NPI, ENT Health","all_three_agree","","","","","","","","","","Incomplete","563","1700887239","TRUE","FALSE","","","","missing","Urban","","","","FALSE","","0.83","District 3","Mid-Atlantic/Southeast","0.6695","0.7224","0.4519","0.7682","0.5737","47260","Virginia Beach-Norfolk-Newport News, VA-NC","Metropolitan Statistical Area","20","8.44","37642","8327","0.2212","4420.54233255276"
"27035","Chin","Manger","Philip","MN","Baxter","56425","4","TRUE","ABO, NPI but not ENT Health","aboto_nppes_agree_enthealth_missing","","","","","","","","","","Incomplete","564","1699709089","TRUE","FALSE","","","","missing","Rural","","","","FALSE","","0.74","District 5","Midwest","0.4842","0.3704","0.5433","0.0797","0.7543","14660","Brainerd, MN","Micropolitan Statistical Area","3","4.51","20384","2015","0.0989",""
"13151","Chin","Avidano","Michael","GA","Stockbridge","30281","1","FALSE","ABO, NPI, ENT Health","nppes_enthealth_agree_aboto_disagree","","","","","","","","","","Incomplete","565","1780680462","TRUE","FALSE","","","","missing","Urban","","","","FALSE","","0.83","District 4","Southeast","0.4652","0.5954","0.4556","0.7934","0.2411","12060","Atlanta-Sandy Springs-Alpharetta, GA","Metropolitan Statistical Area","7","2.91","42293","7190","0.17","2026.24940839798"
"08107","Chin","Fahrner","Kristen","CO","Steamboat Springs","80487","4","FALSE","ABO, NPI, ENT Health","all_three_agree","","","","","","","","","","Incomplete","566","1306834395","TRUE","FALSE","","","","missing","Rural","","","","FALSE","","0.83","District 7","Mountain/Southwest","0.2765","0.3134","0.2064","0.2933","0.4876","44460","Steamboat Springs, CO","Micropolitan Statistical Area","3","12.03","5060","241","0.0476",""
"27113","Chin","Abraham","David","MN","Thief River Falls","56701","7","FALSE","ABO, NPI but not ENT Health","aboto_nppes_agree_enthealth_missing","","","","","","","","","","Incomplete","567","1306874920","TRUE","FALSE","","","","missing","Rural","","","","FALSE","","0.74","District 5","Midwest","0.412","0.2112","0.4937","0.1808","0.739","","","","1","7.15","3128","420","0.1343",""
"19033","Chin","Thoma","Trisha","IA","Mason City","50401","4","FALSE","ABO, NPI but not ENT Health","aboto_nppes_agree_enthealth_missing","","","","","","","","","","Incomplete","568","1770849317","TRUE","FALSE","","","","missing","Rural","","","","FALSE","","0.77","District 5","Midwest","0.3639","0.3115","0.4238","0.1935","0.5469","32380","Mason City, IA","Micropolitan Statistical Area","5","11.63","12020","1615","0.1344",""
"53075","Chin","Ward","Sanford","WA","Pullman","99163","4","FALSE","ABO, NPI but not ENT Health","aboto_nppes_agree_enthealth_missing","","","","","","","","","","Incomplete","569","1366422453","TRUE","FALSE","","","","missing","Rural","","","","FALSE","","0.64","District 8","Pacific","0.5214","0.5402","0.1361","0.4423","0.8456","39420","Pullman, WA","Micropolitan Statistical Area","2","4.24","7021","985","0.1403",""
"47037","Chin","Howell","Jessica","TN","Nashville","37203","1","FALSE","ABO, NPI, ENT Health","all_three_agree","","","","","","","","","","Incomplete","570","1548657224","TRUE","FALSE","","","","missing","Urban","","","","FALSE","","","District 4","Southeast","0.5406","0.6452","0.2017","0.5621","0.812","34980","Nashville-Davidson--Murfreesboro--Franklin, TN","Metropolitan Statistical Area","77","10.85","105164","16985","0.1615","2584.58621056026"
"17111","Chin","Standage","Christopher","IL","Woodstock","60098","2","FALSE","ABO, NPI, ENT Health","all_three_agree","","","","","","","","","","Incomplete","571","1518065341","TRUE","FALSE","","","","missing","Urban","","","","FALSE","","0.63","District 5","Midwest","0.3941","0.3955","0.4486","0.4179","0.4294","16980","Chicago-Naperville-Elgin, IL-IN-WI","Metropolitan Statistical Area","5","1.61","65637","5504","0.0839","984.990361026572"
"36081","Chin","Alcaraz","Nelson","NY","Fresh Meadows","11365","1","FALSE","ABO, NPI, ENT Health","aboto_enthealth_agree_nppes_disagree","","","","","","","","","","Incomplete","572","1548228232","TRUE","FALSE","","","","missing","Urban","","","","FALSE","","0.76","District 2","Middle Atlantic","0.6605","0.5835","0.6172","0.8383","0.5694","35620","New York-Newark-Jersey City, NY-NJ-PA","Metropolitan Statistical Area","33","1.4","414581","184854","0.4459","675.82644634067"
"28067","Chin","Sisk","Jamie","MS","Laurel","39440","4","FALSE","ABO, NPI, ENT Health","all_three_agree","","","","","","","","","","Incomplete","573","1457489429","TRUE","FALSE","","","","missing","Rural","","","","FALSE","","0.93","District 4","Southeast","0.774","0.7357","0.8154","0.748","0.5537","29860","Laurel, MS","Micropolitan Statistical Area","3","4.47","15170","3631","0.2394",""
"37189","Chin","Goldman","Neal","NC","Boone","28607","4","FALSE","ABO, NPI but not ENT Health","aboto_nppes_disagree_enthealth_missing","","","","","","","","","","Incomplete","574","1376527754","TRUE","FALSE","","","","missing","Rural","","","","FALSE","","0.82","District 3","Mid-Atlantic/Southeast","0.4955","0.747","0.0965","0.1554","0.717","14380","Boone, NC","Micropolitan Statistical Area","5","9.17","9985","944","0.0945",""
"47157","Chin","Burge","Scott","TN","Germantown","38138","1","FALSE","ABO, NPI but not ENT Health","aboto_nppes_agree_enthealth_missing","","","","","","","","","","Incomplete","575","1205120383","TRUE","FALSE","","","","missing","Urban","","","","FALSE","","","District 4","Southeast","0.2355","0.1668","0.438","0.3244","0.3495","32820","Memphis, TN-MS-AR","Metropolitan Statistical Area","31","3.35","166056","35260","0.2123","3158.21413203453"
"27123","Chin","Schneider","Daniel","MN","Saint Paul","55108","1","TRUE","ABO, NPI but not ENT Health","aboto_nppes_disagree_enthealth_missing","","","","","","","","","","Incomplete","576","1063675825","TRUE","FALSE","","","","missing","Urban","","","","FALSE","","0.74","District 5","Midwest","0.3432","0.3078","0.1842","0.399","0.6604","33460","Minneapolis-St. Paul-Bloomington, MN-WI","Metropolitan Statistical Area","19","3.47","99657","16298","0.1635","2446.00113133122"
"27109","Chin","Gustafson","Ray","MN","Rochester","55905","1","FALSE","ABO, NPI but not ENT Health","aboto_nppes_agree_enthealth_missing","","","","","","","","","","Incomplete","577","1174502181","TRUE","FALSE","","","","missing","Urban","","","","FALSE","","0.74","District 5","Midwest","0.0811","0.0959","0.1431","0.4621","0.1352","40340","Rochester, MN","Metropolitan Statistical Area","42","25.88","31846","3426","0.1076","9256.71526172725"
"33015","Chin","Peck","Brandon","NH","Exeter","03833","4","FALSE","ABO, NPI, ENT Health","all_three_agree","","","","","","","","","","Incomplete","578","1295098994","TRUE","FALSE","","","","missing","Rural","","","","FALSE","","0.73","District 1","New England","0.2674","0.1548","0.2555","0.1579","0.6434","14460","Boston-Cambridge-Newton, MA-NH","Metropolitan Statistical Area","9","2.86","81562","4989","0.0612","2023.04610416402"
"34013","Chin","Roden","Dylan","NJ","Newark","07103","1","FALSE","ABO, NPI but not ENT Health","aboto_nppes_agree_enthealth_missing","","","","","","","","","","Incomplete","579","1649618596","TRUE","FALSE","","","","missing","Urban","","","","FALSE","","0.61","District 2","Middle Atlantic","0.8895","0.8889","0.781","0.9543","0.7378","35620","New York-Newark-Jersey City, NY-NJ-PA","Metropolitan Statistical Area","27","3.16","127741","26361","0.2064","675.82644634067"
"42003","Chin","Jones","Steven","PA","Pittsburgh","15237","1","FALSE","ABO, NPI but not ENT Health","aboto_nppes_agree_enthealth_missing","","","","","","","","","","Incomplete","580","1871566398","TRUE","FALSE","","","","missing","Urban","","","","FALSE","","0.68","District 2","Middle Atlantic","0.175","0.1146","0.3603","0.1704","0.3766","38300","Pittsburgh, PA","Metropolitan Statistical Area","75","6.02","281577","41193","0.1463","2891.96306455552"
"13031","Chin","Lippincott","Lincoln","GA","Statesboro","30458","4","FALSE","ABO, NPI, ENT Health","all_three_agree","","","","","","","","","","Incomplete","581","1154320661","TRUE","FALSE","","","","missing","Rural","","","","FALSE","","0.83","District 4","Southeast","0.6046","0.7406","0.3076","0.5804","0.5488","44340","Statesboro, GA","Micropolitan Statistical Area","1","1.25","12092","2681","0.2217",""
"47035","Chin","Hafner","Jonathan","TN","Crossville","38555","4","FALSE","ABO, NPI, ENT Health","all_three_agree","","","","","","","","","","Incomplete","582","1811165608","TRUE","FALSE","","","","missing","Rural","","","","FALSE","","","District 4","Southeast","0.5911","0.6734","0.4479","0.1653","0.633","18900","Crossville, TN","Micropolitan Statistical Area","1","1.62","24531","2563","0.1045",""
"06019","Chin","Law","Jonathan","CA","Fresno","93720","1","TRUE","ABO, NPI, ENT Health","aboto_nppes_agree_enthealth_disagree","","","","","","","","","","Incomplete","583","1710115944","TRUE","FALSE","","","","missing","Urban","","","","FALSE","","0.67","District 8","Pacific","0.4442","0.327","0.5423","0.6607","0.4856","23420","Fresno, CA","Metropolitan Statistical Area","15","1.49","159102","51015","0.3206","4479.45564278184"
"19057","Chin","Berge","Jennifer","IA","West Burlington","52655","4","FALSE","ABO, NPI, ENT Health","all_three_agree","","","","","","","","","","Incomplete","584","1063492361","TRUE","FALSE","","","","missing","Rural","","","","FALSE","","0.77","District 5","Midwest","0.5576","0.384","0.3209","0.3565","0.8744","15460","Burlington, IA-IL","Micropolitan Statistical Area","2","5.15","10039","1438","0.1432",""
"28081","Chin","Stevens","Matthew","MS","Tupelo","38801","4","FALSE","ABO, NPI, ENT Health","all_three_agree","","","","","","","","","","Incomplete","585","1447494570","TRUE","FALSE","","","","missing","Rural","","","","FALSE","","0.93","District 4","Southeast","0.7316","0.6693","0.7046","0.6698","0.6841","46180","Tupelo, MS","Micropolitan Statistical Area","7","8.4","19025","4515","0.2373",""
"12086","Chin","D'Aguillo","Christine","FL","Miami","33136","1","FALSE","ABO, NPI, ENT Health","all_three_agree","","","","","","","","","","Incomplete","586","1366861726","TRUE","FALSE","","","","missing","Urban","","","","FALSE","","0.64","District 4","Southeast","0.8956","0.9251","0.7157","0.928","0.8489","33100","Miami-Fort Lauderdale-Pompano Beach, FL","Metropolitan Statistical Area","95","3.53","514389","224760","0.4369","1246.01736914087"
"28149","Chin","Windham","Alfred","MS","Vicksburg","39183","5","FALSE","ABO, NPI but not ENT Health","aboto_nppes_agree_enthealth_missing","","","","","","","","","","Incomplete","587","1326079518","TRUE","FALSE","","","","missing","Rural","","","","FALSE","","0.93","District 4","Southeast","0.5854","0.5126","0.7379","0.5944","0.4888","46980","Vicksburg, MS","Micropolitan Statistical Area","2","4.51","10385","2664","0.2565",""
"08077","Chin","Merrell","James","CO","Grand Junction","81506","1","FALSE","ABO, NPI, ENT Health","all_three_agree","","","","","","","","","","Incomplete","588","1134330434","TRUE","FALSE","","","","missing","Urban","","","","FALSE","","0.83","District 7","Mountain/Southwest","0.3713","0.2877","0.4711","0.2388","0.5569","24300","Grand Junction, CO","Metropolitan Statistical Area","7","4.48","41005","5412","0.132","5975.48021969045"
"26041","Chin","Carlson","Thomas","MI","Escanaba","49829","4","FALSE","ABO, NPI but not ENT Health","aboto_nppes_agree_enthealth_missing","","","","","","","","","","Incomplete","589","1699732834","TRUE","FALSE","","","","missing","Rural","","","","FALSE","","0.76","District 5","Midwest","0.5853","0.5357","0.5473","0.169","0.7067","21540","Escanaba, MI","Micropolitan Statistical Area","1","2.71","11653","1599","0.1372",""
"06037","Deol","Hershcovitch","Meir","CA","West Hills","91307","1","FALSE","ABO, NPI, ENT Health","all_three_agree","","","","","","","","","","Incomplete","590","1427283340","TRUE","FALSE","","","","missing","Urban","","","","FALSE","","0.67","District 8","Pacific","0.361","0.3868","0.3779","0.5869","0.3379","31080","Los Angeles-Long Beach-Anaheim, CA","Metropolitan Statistical Area","391","3.93","1680860","546396","0.3251","645.954567429514"
"09005","Deol","Luzzi","Frank","CT","Torrington","06790","4","FALSE","ABO, NPI but not ENT Health","aboto_nppes_agree_enthealth_missing","TRUE","860.496.9565","General","2026-07-02","TRUE","Yes","Yes","Yes","2026-07-21","Complete","591","1023046349","TRUE","TRUE","860","CT","","valid","Rural","Accepting","With sampled physician","12","TRUE","TRUE","0.79","District 1","New England","","","","","","45860","Torrington, CT","Micropolitan Statistical Area","","","","","",""
"48009","Deol","Lerew","Melanie","TX","Wichita Falls","76310","1","FALSE","ABO, NPI but not ENT Health","aboto_nppes_agree_enthealth_missing","TRUE","(940) 322-6953","General","2026-07-02","TRUE","Yes","Yes","Yes","2026-07-07","Complete","592","1073824983","TRUE","TRUE","940","TX","","valid","Urban","Accepting","With sampled physician","2","TRUE","TRUE","0.63","District 6","Central","0.4475","0.4054","0.6034","0.4515","0.4236","48660","Wichita Falls, TX","Metropolitan Statistical Area","7","80.93","2024","149","0.0736","9237.55191179675"
"44007","Deol","Khan","Faridoon","RI","Woonsocket","02895","1","FALSE","ABO, NPI but not ENT Health","aboto_nppes_agree_enthealth_missing","FALSE","","","","","","","","","Complete","593","1760446082","TRUE","FALSE","","","","missing","Urban","","","","FALSE","","0.52","District 1","New England","0.7826","0.7351","0.8364","0.5923","0.6527","39300","Providence-Warwick, RI-MA","Metropolitan Statistical Area","16","2.43","131512","32632","0.2481","2702.50884456163"
"42121","Deol","Fitch","Kathleen","PA","Franklin","16323","9","FALSE","ABO, NPI but not ENT Health","aboto_nppes_agree_enthealth_missing","TRUE","814-437-7266","General","2026-07-02","TRUE","No-retired or no longer practicing medicine","Not applicable","Not applicable, no appointment offered with anyone in practice","","Complete","594","1477525434","TRUE","TRUE","814","PA","","valid","Rural","Not accepting: retired/left","No appointment offered","","FALSE","FALSE","0.68","District 2","Middle Atlantic","0.4643","0.4289","0.6123","0.109","0.535","36340","Oil City, PA","Micropolitan Statistical Area","3","5.94","15050","2707","0.1799",""
"28071","Deol","Dye","Bradford","MS","Oxford","38655","4","FALSE","ABO, NPI, ENT Health","all_three_agree","TRUE","(662) 234-1337","General","2026-07-02","TRUE","Yes","Yes","Yes","2026-07-16","Complete","595","1649245549","TRUE","TRUE","662","MS","","valid","Rural","Accepting","With sampled physician","9","TRUE","TRUE","0.93","District 4","Southeast","0.3745","0.5149","0.2001","0.4511","0.457","37060","Oxford, MS","Micropolitan Statistical Area","3","5.34","9396","1550","0.165",""
"12031","Deol","Casler","John","FL","Jacksonville","32224","1","FALSE","ABO, NPI but not ENT Health","aboto_nppes_agree_enthealth_missing","TRUE","(904) 296-3103","General","2026-07-02","TRUE","No-not specified why","Not applicable","Not applicable, no appointment offered with anyone in practice","","Complete","596","1730183096","TRUE","TRUE","904","FL","","valid","Urban","Not accepting: unspecified","No appointment offered","","FALSE","FALSE","0.64","District 4","Southeast","0.4347","0.4771","0.3254","0.4871","0.4907","27260","Jacksonville, FL","Metropolitan Statistical Area","50","5.02","191702","35941","0.1875","2241.67901642127"
"05069","Deol","Shorts","Stephen","AR","Pine Bluff","71603","4","FALSE","ABO, NPI but not ENT Health","aboto_nppes_agree_enthealth_missing","TRUE","870-535-5719","General","2026-07-02","TRUE","No-practice is full but physician does still see established patients","Not applicable","No-but appointment offered with different physician","2026-07-15","Complete","597","1992771174","TRUE","TRUE","870","AR","","valid","Rural","Not accepting: practice full","With different physician","8","TRUE","FALSE","0.76","District 6","Central","0.5952","0.5794","0.5208","0.7435","0.5058","38220","Pine Bluff, AR","Metropolitan Statistical Area","4","5.98","15721","3871","0.2462",""
"37119","Deol","Smith","Daron","NC","Charlotte","28277","1","FALSE","ABO, NPI, ENT Health","all_three_agree","TRUE","(704) 703-1080","General","2026-07-02","TRUE","Yes","Yes","Yes","2026-07-23","Complete","598","1245262096","TRUE","TRUE","704","NC","","valid","Urban","Accepting","With sampled physician","14","TRUE","TRUE","0.82","District 3","Mid-Atlantic/Southeast","0.1934","0.2067","0.3709","0.5336","0.1874","16740","Charlotte-Concord-Gastonia, NC-SC","Metropolitan Statistical Area","46","4.12","164635","26280","0.1596","3805.74492088521"
"12086","Deol","Telischi","Fred","FL","Miami","33136","1","FALSE","ABO, NPI but not ENT Health","aboto_nppes_disagree_enthealth_missing","TRUE","305-243-3564","Otology/neurotology","2026-07-02","TRUE","Yes","Yes","Not applicable, no appointment offered with anyone in practice","","Complete","599","1710903588","TRUE","TRUE","305","FL","","valid","Urban","Accepting","No appointment offered","","FALSE","FALSE","0.64","District 4","Southeast","0.8956","0.9251","0.7157","0.928","0.8489","33100","Miami-Fort Lauderdale-Pompano Beach, FL","Metropolitan Statistical Area","95","3.53","514389","224760","0.4369","1246.01736914087"
"18097","Deol","Fama","Anthony","IN","Indianapolis","46237","1","FALSE","ABO, NPI but not ENT Health","aboto_nppes_agree_enthealth_missing","TRUE","317-497-6888","General","2026-07-02","TRUE","Yes","Yes","Yes","2026-08-04","Complete","600","1639279854","TRUE","TRUE","317","IN","","valid","Urban","Accepting","With sampled physician","22","TRUE","TRUE","0.96","District 5","Midwest","0.3379","0.3465","0.4655","0.3966","0.2962","26900","Indianapolis-Carmel-Anderson, IN","Metropolitan Statistical Area","50","5.15","157409","37524","0.2384","1963.74743223321"
"31141","Deol","Novotny","Nila","NE","Columbus","68601","4","FALSE","ABO, NPI, ENT Health","all_three_agree","TRUE","402-562-4720","General","2026-06-09","TRUE","Yes","Yes","Yes","2026-06-10","Complete","601","1316934029","TRUE","TRUE","402","NE","","valid","Rural","Accepting","With sampled physician","1","TRUE","TRUE","1.01","District 6","Central","0.521","0.4306","0.716","0.4114","0.4747","18100","Columbus, NE","Micropolitan Statistical Area","4","11.69","7190","607","0.0844",""
"22051","Deol","Eid","Issam","LA","New Orleans","70121","1","FALSE","ABO, NPI, ENT Health","all_three_agree","TRUE","5048424080","Facial Plastics","2026-06-09","TRUE","Yes","Yes","","","Complete","602","1609057934","TRUE","TRUE","504","LA","","valid","Urban","Accepting","","","FALSE","","0.64","District 4","Southeast","0.6866","0.5984","0.6307","0.5148","0.7375","35380","New Orleans-Metairie, LA","Metropolitan Statistical Area","38","8.71","93643","19897","0.2125","4931.39626380957"
"06019","Deol","Sherman","Bret","CA","Fresno","93720","1","FALSE","ABO, NPI but not ENT Health","aboto_nppes_agree_enthealth_missing","TRUE","559-431-0340","General","2026-06-09","TRUE","Yes","Yes","Yes","2026-06-30","Complete","603","1386604536","TRUE","TRUE","559","CA","","valid","Urban","Accepting","With sampled physician","14","TRUE","TRUE","0.67","District 8","Pacific","0.4442","0.327","0.5423","0.6607","0.4856","23420","Fresno, CA","Metropolitan Statistical Area","15","1.49","159102","51015","0.3206","4479.45564278184"
"23013","Deol","Kava","Charles","ME","Rockport","04856","10","FALSE","ABO, NPI, ENT Health","all_three_agree","TRUE","(207) 301-3660","General","2026-06-09","TRUE","No-retired or no longer practicing medicine","Not applicable","No-but appointment offered with different physician","2026-08-25","Complete","604","1043310931","TRUE","TRUE","207","ME","","valid","Rural","Not accepting: retired/left","With different physician","53","TRUE","FALSE","0.78","District 1","New England","0.3667","0.4697","0.2438","0.0406","0.5331","","","","2","4.91","13457","2781","0.2067",""
"17031","Deol","Nesemeier","Bradley","IL","Chicago","60612","1","FALSE","ABO, NPI but not ENT Health","aboto_nppes_agree_enthealth_missing","TRUE","312","Facial Plastics","2026-06-09","TRUE","Yes","Yes","Yes","2026-07-17","Complete","605","1669899803","TRUE","FALSE","","","","invalid_format","Urban","Accepting","With sampled physician","26","TRUE","TRUE","0.63","District 5","Midwest","0.6655","0.69","0.4269","0.8308","0.6796","16980","Chicago-Naperville-Elgin, IL-IN-WI","Metropolitan Statistical Area","215","4.11","878119","194550","0.2216","984.990361026572"
"42093","Deol","Wong","Jeff","PA","Danville","17822","7","FALSE","ABO, NPI, ENT Health","all_three_agree","FALSE","570-271-6211","General","2026-06-09","FALSE","No-changed practices","Not applicable","","","Complete","606","1205369485","TRUE","TRUE","570","PA","","valid","Rural","Not accepting: changed practice","","","FALSE","","0.68","District 2","Middle Atlantic","0.613","0.2973","0.7904","0.3227","0.8777","14100","Bloomsburg-Berwick, PA","Metropolitan Statistical Area","17","93.59","4773","639","0.1339",""
"53035","Deol","Maddox","Michael","WA","Bremerton","98312","1","FALSE","ABO, NPI but not ENT Health","aboto_nppes_agree_enthealth_missing","FALSE","","General","","FALSE","","Not applicable","","","Complete","607","1578533188","TRUE","FALSE","","","","missing","Urban","","","","FALSE","","0.64","District 8","Pacific","0.4943","0.3951","0.5517","0.4387","0.5794","14740","Bremerton-Silverdale-Port Orchard, WA","Metropolitan Statistical Area","10","3.63","65689","7003","0.1066","10000"
"40119","Deol","Goff","Christopher","OK","Stillwater","74074","4","FALSE","ABO, NPI but not ENT Health","aboto_nppes_agree_enthealth_missing","TRUE","405-624-8603","Pediatrics","2026-06-09","TRUE","Yes","Yes","Yes","2026-06-16","Complete","608","1740415124","TRUE","TRUE","405","OK","","valid","Rural","Accepting","With sampled physician","5","TRUE","TRUE","0.94","District 6","Central","0.3738","0.4878","0.2174","0.3825","0.5136","44660","Stillwater, OK","Micropolitan Statistical Area","2","2.44","13850","1775","0.1282",""
"47043","Deol","Roth","James","TN","Dickson","37055","4","FALSE","ABO, NPI, ENT Health","aboto_enthealth_agree_nppes_disagree","TRUE","(615) 838-5866","General","2026-06-09","FALSE","","Not applicable","","","Complete","609","1144227778","TRUE","TRUE","615","TN","","valid","Rural","","","","FALSE","","","District 4","Southeast","0.5757","0.5344","0.6411","0.2379","0.6165","34980","Nashville-Davidson--Murfreesboro--Franklin, TN","Metropolitan Statistical Area","1","1.83","12452","1789","0.1437","2584.58621056026"
"55141","Deol","Boyle","Timothy","WI","Marshfield","54449","4","FALSE","ABO, NPI, ENT Health","all_three_agree","TRUE","715-387-5245","General","2026-06-09","TRUE","Yes","Yes","Yes","2026-07-15","Complete","610","1063523207","TRUE","TRUE","715","WI","","valid","Rural","Accepting","With sampled physician","24","TRUE","TRUE","0.66","District 5","Midwest","0.3303","0.2385","0.3661","0.1197","0.6473","49220","Wisconsin Rapids-Marshfield, WI","Micropolitan Statistical Area","6","8.09","20707","3008","0.1453",""
"42093","Deol","Azeredo","William","PA","Danville","17822","7","FALSE","ABO, NPI, ENT Health","all_three_agree","TRUE","800-275-6401","Otology/neurotology","2026-06-09","TRUE","Yes","Yes","Not applicable, no appointment offered with anyone in practice","","Complete","611","1972795961","TRUE","TRUE","800","toll-free","","valid","Rural","Accepting","No appointment offered","","FALSE","FALSE","0.68","District 2","Middle Atlantic","0.613","0.2973","0.7904","0.3227","0.8777","14100","Bloomsburg-Berwick, PA","Metropolitan Statistical Area","17","93.59","4773","639","0.1339",""
"48099","Deol","Tran","Daniel","TX","Fort Hood","76544","1","FALSE","ABO, NPI but not ENT Health","aboto_nppes_agree_enthealth_missing","FALSE","","Facial Plastics","","","","","","","Complete","612","1215173539","TRUE","FALSE","","","","missing","Urban","","","","FALSE","","0.63","District 6","Central","0.428","0.6487","0.3212","0.6767","0.2288","28660","Killeen-Temple, TX","Metropolitan Statistical Area","4","4.82","12261","1424","0.1161","5463.55416797181"
"12091","Deol","Granger","Kleve","FL","Eglin AFB","32542","1","FALSE","ABO, NPI but not ENT Health","aboto_nppes_agree_enthealth_missing","FALSE","","","","","No-changed practices","","","","Complete","613","1972023323","TRUE","FALSE","","","","missing","Urban","Not accepting: changed practice","","","FALSE","","0.64","District 4","Southeast","0.3908","0.3006","0.3555","0.5099","0.5743","18880","Crestview-Fort Walton Beach-Destin, FL","Metropolitan Statistical Area","10","4.72","46387","4784","0.1031","4099.6441080307"
"39061","Deol","Shott","Sally","OH","Cincinnati","45229","1","FALSE","ABO, NPI but not ENT Health","aboto_nppes_disagree_enthealth_missing","TRUE","5136364355","Pediatrics","2026-06-09","TRUE","No-changed practices","Yes","No-but appointment offered with different physician","2026-06-17","Complete","614","1891715405","TRUE","TRUE","513","OH","","valid","Urban","Not accepting: changed practice","With different physician","6","TRUE","FALSE","0.63","District 5","Midwest","0.7403","0.7602","0.535","0.7914","0.7379","17140","Cincinnati, OH-KY-IN","Metropolitan Statistical Area","79","9.54","161716","28515","0.1763","1652.48674989113"
"22033","Deol","LeBlanc","Charles","LA","Baton Rouge","70808","1","FALSE","ABO, NPI, ENT Health","all_three_agree","TRUE","2257691090","General","2026-06-09","TRUE","Yes","Yes","Yes","2026-06-09","Complete","615","1548255722","TRUE","TRUE","225","LA","","valid","Urban","Accepting","With sampled physician","0","TRUE","TRUE","0.64","District 4","Southeast","0.3146","0.3909","0.2083","0.4527","0.3976","12940","Baton Rouge, LA","Metropolitan Statistical Area","50","11","83208","18462","0.2219","2919.65220494843"
"39141","Deol","Barton","Chester","OH","Chillicothe","45601","4","FALSE","ABO, NPI but not ENT Health","aboto_nppes_agree_enthealth_missing","TRUE","7407794393","General","2026-06-09","TRUE","No-changed practices","Not applicable","Not applicable, no appointment offered with anyone in practice","2026-06-09","Complete","616","1437163987","TRUE","TRUE","740","OH","","valid","Rural","Not accepting: changed practice","No appointment offered","0","TRUE","FALSE","0.63","District 5","Midwest","0.4933","0.5482","0.5028","0.2064","0.5047","17060","Chillicothe, OH","Micropolitan Statistical Area","2","2.6","17250","3367","0.1952",""
"39141","Deol","Cheresnick","Corey","OH","Chillicothe","45601","4","FALSE","ABO, NPI, ENT Health","all_three_agree","TRUE","740-779-7500","General","2026-06-09","TRUE","Yes","Yes","Yes","2026-06-23","Complete","617","1154737443","TRUE","TRUE","740","OH","","valid","Rural","Accepting","With sampled physician","9","TRUE","TRUE","0.63","District 5","Midwest","0.4933","0.5482","0.5028","0.2064","0.5047","17060","Chillicothe, OH","Micropolitan Statistical Area","2","2.6","17250","3367","0.1952",""
"05069","Deol","King","Deanne","AR","Pine Bluff","71603","4","FALSE","ABO, NPI but not ENT Health","aboto_nppes_agree_enthealth_missing","FALSE","8705355719","General","2026-06-09","TRUE","No-changed practices","Not applicable","No-but appointment offered with different physician","2026-06-16","Complete","618","1679861330","TRUE","TRUE","870","AR","","valid","Rural","Not accepting: changed practice","With different physician","5","TRUE","FALSE","0.76","District 6","Central","0.5952","0.5794","0.5208","0.7435","0.5058","38220","Pine Bluff, AR","Metropolitan Statistical Area","4","5.98","15721","3871","0.2462",""
"05115","Deol","Killingsworth","Stephen","AR","Russellville","72801","4","FALSE","ABO, NPI but not ENT Health","aboto_nppes_disagree_enthealth_missing","TRUE","4798900368","General","2026-06-09","TRUE","No-retired or no longer practicing medicine","Not applicable","No-but appointment offered with different physician","2026-11-02","Complete","619","1013985969","TRUE","TRUE","479","AR","","valid","Rural","Not accepting: retired/left","With different physician","100","TRUE","FALSE","0.76","District 6","Central","0.718","0.7112","0.7216","0.4425","0.6067","40780","Russellville, AR","Micropolitan Statistical Area","2","3.15","14118","2863","0.2028",""
"18097","Deol","Yates","Charles","IN","Indianapolis","46202","1","FALSE","ABO, NPI, ENT Health","aboto_enthealth_agree_nppes_disagree","TRUE","(317) 948-3226","Otology/neurotology","2026-06-09","TRUE","Yes","Yes","Not applicable, no appointment offered with anyone in practice","","Complete","620","1275709958","TRUE","TRUE","317","IN","","valid","Urban","Accepting","No appointment offered","","FALSE","FALSE","0.96","District 5","Midwest","0.453","0.5827","0.1175","0.5377","0.7015","26900","Indianapolis-Carmel-Anderson, IN","Metropolitan Statistical Area","50","5.15","157409","37524","0.2384","1963.74743223321"
"55117","Deol","Cretney","Evan","WI","Sheboygan","53081","1","FALSE","ABO, NPI but not ENT Health","aboto_nppes_agree_enthealth_missing","TRUE","9204574461","General","2026-06-09","TRUE","Yes","Yes","Yes","2026-07-27","Complete","621","1528563442","TRUE","TRUE","920","WI","","valid","Urban","Accepting","With sampled physician","32","TRUE","TRUE","0.66","District 5","Midwest","0.589","0.4286","0.6579","0.439","0.6957","43100","Sheboygan, WI","Metropolitan Statistical Area","3","2.55","28934","3522","0.1217","6818.70494505011"
"24009","Deol","Daidone","Mara","MD","Prince Frederick","20678","10","FALSE","ABO, NPI but not ENT Health","aboto_nppes_agree_enthealth_missing","FALSE","4105354471","","2026-06-09","FALSE","","","","","Complete","622","1841296407","TRUE","TRUE","410","MD","","valid","Rural","","","","FALSE","","0.95","District 3","Mid-Atlantic/Southeast","0.3017","0.2786","0.2142","0.4749","0.4372","47900","Washington-Arlington-Alexandria, DC-VA-MD-WV","Metropolitan Statistical Area","1","1.07","19006","1615","0.085","1110.8637569665"
"39053","Deol","Massick","Douglas","OH","Gallipolis","45631","4","FALSE","ABO, NPI, ENT Health","all_three_agree","TRUE","7404465937","General","2026-06-09","TRUE","Yes","Yes","Yes","2026-06-10","Complete","623","1881666287","TRUE","TRUE","740","OH","","valid","Rural","Accepting","With sampled physician","1","TRUE","TRUE","0.63","District 5","Midwest","0.5815","0.5739","0.6239","0.1361","0.6531","38580","Point Pleasant, WV-OH","Micropolitan Statistical Area","4","13.66","7364","1646","0.2235",""
"21209","Deol","Shashy","Ronald","KY","Georgetown","40324","4","FALSE","ABO, NPI but not ENT Health","aboto_nppes_disagree_enthealth_missing","TRUE","502-867-7806","Sleep","2026-06-09","TRUE","Yes","Yes","Yes","2026-06-24","Complete","624","1215987144","TRUE","TRUE","502","KY","","valid","Rural","Accepting","With sampled physician","10","TRUE","TRUE","0.69","District 4","Southeast","0.3108","0.2851","0.4723","0.2452","0.3794","30460","Lexington-Fayette, KY","Metropolitan Statistical Area","1","1.75","10311","1182","0.1146","3358.29569854849"
"34019","Deol","Sheft","Stanley","NJ","Flemington","08822","4","FALSE","ABO, NPI but not ENT Health","aboto_nppes_agree_enthealth_missing","TRUE","(908) 788-9131","General","2026-06-09","TRUE","No-retired or no longer practicing medicine","Not applicable","","","Complete","625","1285662072","TRUE","TRUE","908","NJ","","valid","Rural","Not accepting: retired/left","","","FALSE","","0.61","District 2","Middle Atlantic","0.2225","0.2102","0.2922","0.3742","0.3027","35620","New York-Newark-Jersey City, NY-NJ-PA","Metropolitan Statistical Area","6","4.65","31553","1917","0.0608","675.82644634067"
"48157","Deol","Shoss","Stanford","TX","Sugar Land","77479","1","FALSE","ABO, NPI but not ENT Health","aboto_nppes_agree_enthealth_missing","TRUE","(281) 649-7200","General","2026-06-09","TRUE","No-retired or no longer practicing medicine","Not applicable","","","Complete","626","1972587129","TRUE","TRUE","281","TX","","valid","Urban","Not accepting: retired/left","","","FALSE","","0.63","District 6","Central","0.2317","0.2539","0.3545","0.783","0.1653","26420","Houston-The Woodlands-Sugar Land, TX","Metropolitan Statistical Area","14","1.68","131451","15162","0.1153","2267.03553574242"
"48029","Deol","McEvoy","Timothy","TX","San Antonio","78258","1","FALSE","ABO, NPI, ENT Health","aboto_enthealth_agree_nppes_disagree","TRUE","210.890.5444","Pediatrics","2026-06-09","TRUE","Yes","Yes","Yes","2026-09-10","Complete","627","1487857660","TRUE","TRUE","210","TX","","valid","Urban","Accepting","With sampled physician","64","TRUE","TRUE","0.63","District 6","Central","0.3683","0.2831","0.3919","0.6902","0.4315","41700","San Antonio-New Braunfels, TX","Metropolitan Statistical Area","92","4.57","335213","56215","0.1677","3211.30893739928"
"06111","Deol","Vaidya","Abhay","CA","Westlake Village","91361","1","FALSE","ABO, NPI, ENT Health","all_three_agree","TRUE","(805) 379-9646","General","2026-06-09","TRUE","No-not specified why","","","","Complete","628","1639186075","TRUE","TRUE","805","CA","","valid","Urban","Not accepting: unspecified","","","FALSE","","0.67","District 8","Pacific","0.3227","0.2881","0.3174","0.4394","0.4521","37100","Oxnard-Thousand Oaks-Ventura, CA","Metropolitan Statistical Area","28","3.33","174151","30100","0.1728","2136.38778047972"
"50023","Deol","Rose","James","VT","Montpelier","05602","4","FALSE","ABO, NPI but not ENT Health","aboto_nppes_agree_enthealth_missing","TRUE","(802) 225-7025","General","2026-06-09","TRUE","Yes","Yes","Yes","2026-08-28","Complete","629","1497778112","TRUE","TRUE","802","VT","","valid","Rural","Accepting","With sampled physician","56","TRUE","TRUE","0.87","District 1","New England","0.2647","0.1854","0.3655","0.1348","0.5044","12740","Barre, VT","Micropolitan Statistical Area","2","3.35","15537","2421","0.1558",""
"12099","Deol","Moffitt","Bayard","FL","Palm Beach Gardens","33410","1","FALSE","ABO, NPI but not ENT Health","aboto_nppes_agree_enthealth_missing","FALSE","","","2026-06-09","","","","","","Complete","630","1194754473","TRUE","FALSE","","","","missing","Urban","","","","FALSE","","0.64","District 4","Southeast","0.4417","0.4309","0.4462","0.3731","0.4954","33100","Miami-Fort Lauderdale-Pompano Beach, FL","Metropolitan Statistical Area","65","4.35","365815","47098","0.1287","1246.01736914087"
"48201","Deol","Jain","Kunal","TX","Houston","77030","1","FALSE","ABO, NPI, ENT Health","all_three_agree","TRUE","(713) 486-5000","Head and Neck Cancer","2026-06-09","TRUE","Yes","Yes","Yes","2026-07-15","Complete","631","1033344387","TRUE","TRUE","713","TX","","valid","Urban","Accepting","With sampled physician","24","TRUE","TRUE","0.63","District 6","Central","0.3657","0.3063","0.0952","0.6222","0.7287","26420","Houston-The Woodlands-Sugar Land, TX","Metropolitan Statistical Area","229","4.85","649936","101124","0.1556","2267.03553574242"
"45043","Deol","Fry","Terry","SC","Georgetown","29440","5","FALSE","ABO, NPI but not ENT Health","aboto_nppes_agree_enthealth_missing","TRUE","843-546-7272","General","2026-06-09","FALSE","","","","","Complete","632","1104873017","TRUE","TRUE","843","SC","","valid","Rural","","","","FALSE","","0.89","District 4","Southeast","0.5689","0.6155","0.4607","0.5713","0.4892","23860","Georgetown, SC","Micropolitan Statistical Area","1","1.57","21982","2557","0.1163",""
"06017","Deol","Baumgartner","Brian","CA","Placerville","95667","4","FALSE","ABO, NPI but not ENT Health","aboto_nppes_disagree_enthealth_missing","TRUE","5303442000","Sleep","2026-06-09","TRUE","Yes","Yes","Yes","2026-07-15","Complete","633","1033181706","TRUE","TRUE","530","CA","","valid","Rural","Accepting","With sampled physician","24","TRUE","TRUE","0.67","District 8","Pacific","0.4962","0.4396","0.4763","0.3443","0.6168","40900","Sacramento-Roseville-Folsom, CA","Metropolitan Statistical Area","4","2.09","51478","5968","0.1159","2489.35220182737"
"30029","Deol","Bartels","Jeffrey","MT","Kalispell","59901","4","FALSE","ABO, NPI but not ENT Health","aboto_nppes_agree_enthealth_missing","TRUE","(406) 752-8330","General","2026-06-09","TRUE","No-retired or no longer practicing medicine","Not applicable","Not applicable, no appointment offered with anyone in practice","","Complete","634","1700837523","TRUE","TRUE","406","MT","","valid","Rural","Not accepting: retired/left","No appointment offered","","FALSE","FALSE","1.32","District 7","Mountain/Southwest","0.4125","0.4377","0.4099","0.1483","0.5445","28060","Kalispell, MT","Micropolitan Statistical Area","6","5.66","28493","2205","0.0774",""
"17001","Deol","Mount","Mark","IL","Quincy","62301","4","FALSE","ABO, NPI, ENT Health","all_three_agree","TRUE","217 214 3844","General","2026-06-09","FALSE","Yes","Yes","Yes","2026-07-21","Complete","635","1811950264","TRUE","TRUE","217","IL","","valid","Rural","Accepting","With sampled physician","28","TRUE","TRUE","0.63","District 5","Midwest","0.4621","0.4389","0.5338","0.2125","0.5528","39500","Quincy, IL-MO","Micropolitan Statistical Area","10","15.25","15736","2401","0.1526",""
"39045","Deol","Gokhale","Anil","OH","Lancaster","43130","4","FALSE","ABO, NPI, ENT Health","all_three_agree","TRUE","(740) 687-5445","General","2026-06-12","TRUE","Yes","Yes","Yes","2026-06-17","Complete","636","1740353879","TRUE","TRUE","740","OH","","valid","Rural","Accepting","With sampled physician","3","TRUE","TRUE","0.63","District 5","Midwest","0.4402","0.4792","0.4846","0.1191","0.5044","18140","Columbus, OH","Metropolitan Statistical Area","3","1.88","32343","4107","0.127","2961.67116820975"
"06001","Deol","Rosen","Elizabeth","CA","Union City","94587","1","FALSE","ABO, NPI, ENT Health","all_three_agree","TRUE","510-675-4241","General","2026-06-16","TRUE","Yes","Yes","Yes","2026-06-18","Complete","637","1376615195","TRUE","TRUE","510","CA","","valid","Urban","Accepting","With sampled physician","2","TRUE","TRUE","0.67","District 8","Pacific","0.48","0.2762","0.4015","0.8889","0.6158","41860","San Francisco-Oakland-Berkeley, CA","Metropolitan Statistical Area","59","3.55","273738","69038","0.2522","1665.90502828119"
"48085","Deol","Ehmer","Dale","TX","Frisco","75035","1","FALSE","ABO, NPI but not ENT Health","aboto_nppes_agree_enthealth_missing","TRUE","(972) 731-7654","General","2026-06-09","TRUE","Yes","Yes","Yes","2026-07-01","Complete","638","1710030473","TRUE","TRUE","972","TX","","valid","Urban","Accepting","With sampled physician","15","TRUE","TRUE","0.63","District 6","Central","0.1857","0.1813","0.3241","0.7118","0.1464","19100","Dallas-Fort Worth-Arlington, TX","Metropolitan Statistical Area","39","3.61","155450","12330","0.0793","1622.88265198409"
"37097","Deol","Prendergast","Mark","NC","Statesville","28677","4","FALSE","ABO, NPI but not ENT Health","aboto_nppes_agree_enthealth_missing","TRUE","704-873-5224","General","2026-06-09","TRUE","No-retired or no longer practicing medicine","Not applicable","No-but appointment offered with different physician","2026-06-11","Complete","639","1255322681","TRUE","TRUE","704","NC","","valid","Rural","Not accepting: retired/left","With different physician","2","TRUE","FALSE","0.82","District 3","Mid-Atlantic/Southeast","0.6778","0.6784","0.6793","0.5021","0.5916","16740","Charlotte-Concord-Gastonia, NC-SC","Metropolitan Statistical Area","10","5.32","40978","5098","0.1244","3805.74492088521"
"17031","Deol","Stein","Andrew","IL","Chicago","60611","1","FALSE","ABO, NPI, ENT Health","all_three_agree","TRUE","3126958182","Laryngology","2026-06-09","TRUE","Yes","Yes","Yes","2026-08-07","Complete","640","1922492164","TRUE","TRUE","312","IL","","valid","Urban","Accepting","With sampled physician","41","TRUE","TRUE","0.63","District 5","Midwest","0.1694","0.1063","0.0499","0.5244","0.6993","16980","Chicago-Naperville-Elgin, IL-IN-WI","Metropolitan Statistical Area","215","4.11","878119","194550","0.2216","984.990361026572"
"55003","Deol","Tuominen","Terrence","WI","Ashland","54806","7","FALSE","ABO, NPI but not ENT Health","aboto_nppes_agree_enthealth_missing","TRUE","7156855500","General","2026-06-09","TRUE","No-retired or no longer practicing medicine","Not applicable","Not applicable, no appointment offered with anyone in practice","","Complete","641","1275694648","TRUE","TRUE","715","WI","","valid","Rural","Not accepting: retired/left","No appointment offered","","FALSE","FALSE","0.66","District 5","Midwest","0.535","0.4224","0.4341","0.3276","0.7569","","","","2","12.47","4442","866","0.195",""
"13171","Deol","Thomson","David","GA","Barnesville","30204","7","FALSE","ABO, NPI, ENT Health","all_three_agree","TRUE","770-872-2321","General","2026-06-09","TRUE","Yes","Yes","Yes","2026-07-07","Complete","642","1538148499","TRUE","TRUE","770","GA","","valid","Rural","Accepting","With sampled physician","18","TRUE","TRUE","0.83","District 4","Southeast","0.5184","0.5869","0.3288","0.547","0.5251","12060","Atlanta-Sandy Springs-Alpharetta, GA","Metropolitan Statistical Area","1","5.35","4515","1001","0.2217","2026.24940839798"
"06085","Deol","Hinrichs","Brad","CA","Palo Alto","94301","1","FALSE","ABO, NPI, ENT Health","all_three_agree","TRUE","6508532952","General","2026-06-09","TRUE","Yes","Yes","Yes","2026-07-14","Complete","643","1841202033","TRUE","TRUE","650","CA","","valid","Urban","Accepting","With sampled physician","23","TRUE","TRUE","0.67","District 8","Pacific","0.2981","0.0999","0.5327","0.5917","0.4978","41940","San Jose-Sunnyvale-Santa Clara, CA","Metropolitan Statistical Area","133","6.94","306874","70635","0.2302","2149.93630005899"
"06109","Deol","DuBose","Daniel","CA","Sonora","95370","4","FALSE","ABO, NPI, ENT Health","aboto_enthealth_agree_nppes_disagree","TRUE","209-536-3680","General","2026-06-09","TRUE","Yes","Yes","Yes","2026-06-10","Complete","644","1164437471","TRUE","TRUE","209","CA","","valid","Rural","Accepting","With sampled physician","1","TRUE","TRUE","0.67","District 8","Pacific","0.5876","0.5382","0.611","0.2757","0.6598","43760","Sonora, CA","Micropolitan Statistical Area","2","3.64","16523","2743","0.166",""
"36005","Deol","Alexander","Ronda","NY","Bronx","10467","1","FALSE","ABO, NPI, ENT Health","all_three_agree","TRUE","718-920-4646","Laryngology","2026-06-15","TRUE","Yes","Yes","Yes","2026-08-04","Complete","645","1679761886","TRUE","TRUE","718","NY","","valid","Urban","Accepting","With sampled physician","34","TRUE","TRUE","0.76","District 2","Middle Atlantic","0.953","0.9053","0.8305","0.924","0.9137","35620","New York-Newark-Jersey City, NY-NJ-PA","Metropolitan Statistical Area","28","1.94","229828","135056","0.5876","675.82644634067"
"29019","Deol","Franzese","Christine","MO","Columbia","65201","1","FALSE","ABO, NPI, ENT Health","all_three_agree","TRUE","5738173000","General","2026-06-09","TRUE","Yes","Yes","Yes","2026-06-30","Complete","646","1932171352","TRUE","TRUE","573","MO","","valid","Urban","Accepting","With sampled physician","14","TRUE","TRUE","0.86","District 6","Central","0.4559","0.5859","0.189","0.3806","0.685","17860","Columbia, MO","Metropolitan Statistical Area","19","10.32","31939","4043","0.1266","5763.31178327404"
"31019","Deol","Connely","Thomas","NE","Kearney","68845","4","FALSE","ABO, NPI, ENT Health","all_three_agree","TRUE","308-865-2277","General","2026-06-09","TRUE","No-changed practices","Not applicable","","","Complete","647","1669462305","TRUE","TRUE","308","NE","","valid","Rural","Not accepting: changed practice","","","FALSE","","1.01","District 6","Central","0.4336","0.3948","0.4339","0.219","0.6139","28260","Kearney, NE","Micropolitan Statistical Area","3","5.99","9688","942","0.0972",""
"18005","Deol","Hollenkamp","Nicholas","IN","Columbus","47201","1","FALSE","ABO, NPI, ENT Health","all_three_agree","TRUE","812-376-3071","General","2026-06-15","TRUE","Yes","Yes","Yes","2026-08-19","Complete","648","1891792149","TRUE","TRUE","812","IN","","valid","Urban","Accepting","With sampled physician","45","TRUE","TRUE","0.96","District 5","Midwest","0.3665","0.3684","0.4098","0.3519","0.4255","18020","Columbus, IN","Metropolitan Statistical Area","4","4.86","17144","2679","0.1563","10000"
"33009","Deol","Chen","Eunice","NH","Lebanon","03756","4","FALSE","ABO, NPI, ENT Health","aboto_nppes_agree_enthealth_disagree","TRUE","603-650-8123","Pediatrics","2026-06-15","TRUE","Yes","Yes","Not applicable, no appointment offered with anyone in practice","","Complete","649","1306877725","TRUE","TRUE","603","NH","","valid","Rural","Accepting","No appointment offered","","FALSE","FALSE","0.73","District 1","New England","","","","","","30100","Lebanon, NH-VT","Micropolitan Statistical Area","16","17.61","25085","1968","0.0785",""
"49021","Deol","Pearson","Robert","UT","Cedar City","84720","4","FALSE","ABO, NPI, ENT Health","all_three_agree","TRUE","435-867-8719","Sleep","2026-06-09","TRUE","Yes","Yes","Yes","2026-07-01","Complete","650","1295793834","TRUE","TRUE","435","UT","","valid","Rural","Accepting","With sampled physician","15","TRUE","TRUE","0.8","District 7","Mountain/Southwest","0.4598","0.4433","0.4268","0.2454","0.6534","16260","Cedar City, UT","Micropolitan Statistical Area","1","1.72","10938","867","0.0793",""
"48277","Deol","Gibbons","Mark","TX","Paris","75460","4","FALSE","ABO, NPI, ENT Health","all_three_agree","TRUE","903","General","2026-06-09","TRUE","Yes","Yes","Yes","2026-06-22","Complete","651","1952484784","TRUE","FALSE","","","","invalid_format","Rural","Accepting","With sampled physician","8","TRUE","TRUE","0.63","District 6","Central","0.8154","0.7686","0.8124","0.5645","0.7445","37580","Paris, TX","Micropolitan Statistical Area","2","3.99","11931","1887","0.1582",""
"40101","Deol","Zollinger","William","OK","Muskogee","74401","4","FALSE","ABO, NPI but not ENT Health","aboto_nppes_agree_enthealth_missing","FALSE","(918) 683-3261","","2026-06-09","","No-retired or no longer practicing medicine","","","","Complete","652","1962424085","TRUE","TRUE","918","OK","","valid","Rural","Not accepting: retired/left","","","FALSE","","0.94","District 6","Central","0.8707","0.8477","0.7619","0.6881","0.8338","34780","Muskogee, OK","Micropolitan Statistical Area","3","4.5","16248","3301","0.2032",""
"24001","Deol","Litman","David","MD","Cumberland","21502","4","FALSE","ABO, NPI, ENT Health","all_three_agree","TRUE","301-723-6476","General","2026-06-09","TRUE","Yes","Yes","Yes","","Unverified","653","1982606935","TRUE","TRUE","301","MD","","valid","Rural","Accepting","With sampled physician","","FALSE","TRUE","0.95","District 3","Mid-Atlantic/Southeast","0.5329","0.4735","0.5574","0.2464","0.6354","19060","Cumberland, MD-WV","Metropolitan Statistical Area","2","2.93","17348","3377","0.1947",""
"09015","Deol","Culviner","William","CT","Willimantic","06226","4","FALSE","ABO, NPI, ENT Health","all_three_agree","TRUE","(860) 442-0407","General","2026-06-15","FALSE","","","","","Complete","654","1558312074","TRUE","TRUE","860","CT","","valid","Rural","","","","FALSE","","0.79","District 1","New England","","","","","","49340","Worcester, MA-CT","Metropolitan Statistical Area","","","","","","5708.89732723838"
"12086","Deol","Pernas","Francisco","FL","Miami","33196","1","FALSE","ABO, NPI but not ENT Health","aboto_nppes_agree_enthealth_missing","TRUE","305-595-6200","General","2026-06-15","TRUE","Yes","Yes","Yes","2026-06-24","Complete","655","1932309754","TRUE","TRUE","305","FL","","valid","Urban","Accepting","With sampled physician","6","TRUE","TRUE","0.64","District 4","Southeast","0.5324","0.5456","0.5222","0.9068","0.3502","33100","Miami-Fort Lauderdale-Pompano Beach, FL","Metropolitan Statistical Area","95","3.53","514389","224760","0.4369","1246.01736914087"
"42043","Deol","Kupferman","Michael","PA","Hershey","17033","1","FALSE","ABO, NPI but not ENT Health","aboto_nppes_agree_enthealth_missing","FALSE","","","","","No-retired or no longer practicing medicine","","","","Complete","656","1902833452","TRUE","FALSE","","","","missing","Urban","Not accepting: retired/left","","","FALSE","","0.68","District 2","Middle Atlantic","0.3606","0.3055","0.405","0.3347","0.495","25420","Harrisburg-Carlisle, PA","Metropolitan Statistical Area","14","4.89","62462","10707","0.1714","5018.0171139112"
"48113","Deol","Venkatesan","Naren","TX","Dallas","75246","1","FALSE","ABO, NPI, ENT Health","aboto_enthealth_agree_nppes_disagree","TRUE","469-800-7700","Laryngology","2026-06-09","TRUE","Yes","Yes","Yes","2026-07-27","Complete","657","1346484318","TRUE","TRUE","469","TX","","valid","Urban","Accepting","With sampled physician","32","TRUE","TRUE","0.63","District 6","Central","0.8416","0.7625","0.4413","0.7535","0.9695","19100","Dallas-Fort Worth-Arlington, TX","Metropolitan Statistical Area","98","3.76","360658","54291","0.1505","1622.88265198409"
"21047","Deol","Baugh","Tiffany","KY","Hopkinsville","42240","4","FALSE","ABO, NPI but not ENT Health","aboto_nppes_agree_enthealth_missing","TRUE","812-523-5808","General","2026-06-09","FALSE","","","","","Unverified","658","1023456936","TRUE","TRUE","812","IN","","valid","Rural","","","","FALSE","","0.69","District 4","Southeast","0.6912","0.7048","0.7079","0.4732","0.5722","17300","Clarksville, TN-KY","Metropolitan Statistical Area","3","4.12","11975","2399","0.2003","6545.16407934394"
"18097","Deol","Matt","Bruce","IN","Indianapolis","46202","1","FALSE","ABO, NPI, ENT Health","aboto_nppes_agree_enthealth_disagree","TRUE","(317) 944-6467","Pediatrics","2026-06-15","TRUE","Yes","Yes","Yes","2026-07-14","Complete","659","1013941558","TRUE","TRUE","317","IN","","valid","Urban","Accepting","With sampled physician","19","TRUE","TRUE","0.96","District 5","Midwest","0.453","0.5827","0.1175","0.5377","0.7015","26900","Indianapolis-Carmel-Anderson, IN","Metropolitan Statistical Area","50","5.15","157409","37524","0.2384","1963.74743223321"
"40137","Deol","McGath","John","OK","Duncan","73533","4","FALSE","ABO, NPI but not ENT Health","aboto_nppes_agree_enthealth_missing","TRUE","(580) 252-0100","General","2026-06-15","FALSE","Yes","Yes","Yes","2026-08-03","Complete","660","1699721977","TRUE","TRUE","580","OK","","valid","Rural","Accepting","With sampled physician","33","TRUE","TRUE","0.94","District 6","Central","0.6672","0.6739","0.7965","0.368","0.5241","20340","Duncan, OK","Micropolitan Statistical Area","1","2.32","11199","1815","0.1621",""
"06037","Deol","Kreicher","Kathryn","CA","Marina del Rey","90292","1","FALSE","ABO, NPI, ENT Health","all_three_agree","TRUE","310-423-1220","General","2026-06-16","TRUE","Yes","Yes","Yes","2026-07-28","Complete","661","1407387822","TRUE","TRUE","310","CA","","valid","Urban","Accepting","With sampled physician","28","TRUE","TRUE","0.67","District 8","Pacific","0.282","0.3143","0.1264","0.515","0.4652","31080","Los Angeles-Long Beach-Anaheim, CA","Metropolitan Statistical Area","391","3.93","1680860","546396","0.3251","645.954567429514"
"48201","Deol","Agbetoba","Abib","TX","Bellaire","77401","1","FALSE","ABO, NPI, ENT Health","all_three_agree","TRUE","713-791-9363","Rhinology","2026-06-10","TRUE","Yes","Yes","Yes","2026-08-04","Complete","662","1164656633","TRUE","TRUE","713","TX","","valid","Urban","Accepting","With sampled physician","37","TRUE","TRUE","0.63","District 6","Central","0.0682","0.0381","0.3399","0.5355","0.0724","26420","Houston-The Woodlands-Sugar Land, TX","Metropolitan Statistical Area","229","4.85","649936","101124","0.1556","2267.03553574242"
"29161","Deol","Rusten","Mark","MO","Rolla","65401","4","TRUE","ABO, NPI, ENT Health","all_three_agree","TRUE","5733645719","General","2026-06-10","TRUE","Yes","Yes","Yes","2026-07-01","Complete","663","1912930777","TRUE","TRUE","573","MO","","valid","Rural","Accepting","With sampled physician","14","TRUE","TRUE","0.86","District 6","Central","0.5111","0.5335","0.4909","0.2455","0.5708","40620","Rolla, MO","Micropolitan Statistical Area","3","6.69","9809","1684","0.1717",""
"18057","Deol","Youkilis","Robert","IN","Carmel","46032","1","FALSE","ABO, NPI, ENT Health","all_three_agree","TRUE","(317) 844-5656","General","2026-06-10","TRUE","Yes","Yes","Yes","2026-07-09","Complete","664","1508814740","TRUE","TRUE","317","IN","","valid","Urban","Accepting","With sampled physician","19","TRUE","TRUE","0.96","District 5","Midwest","0.1734","0.1437","0.2557","0.3611","0.2696","26900","Indianapolis-Carmel-Anderson, IN","Metropolitan Statistical Area","27","7.72","61687","4659","0.0755","1963.74743223321"
"37107","Deol","Beasley","Charles","NC","Kinston","28501","4","FALSE","ABO, NPI but not ENT Health","aboto_nppes_agree_enthealth_missing","TRUE","(252) 523-0687","General","2026-06-10","TRUE","No-retired or no longer practicing medicine","Not applicable","Not applicable, no appointment offered with anyone in practice","","Complete","665","1184794646","TRUE","TRUE","252","NC","","valid","Rural","Not accepting: retired/left","No appointment offered","","FALSE","FALSE","0.82","District 3","Mid-Atlantic/Southeast","0.8708","0.8424","0.8785","0.8209","0.6556","28820","Kinston, NC","Micropolitan Statistical Area","3","5.45","15284","4212","0.2756",""
"42093","Deol","Mock","Jeremy","PA","Danville","17822","7","FALSE","ABO, NPI, ENT Health","aboto_enthealth_agree_nppes_disagree","TRUE","800-275-6401","General","2026-06-10","FALSE","","","","","Unverified","666","1063657310","TRUE","TRUE","800","toll-free","","valid","Rural","","","","FALSE","","0.68","District 2","Middle Atlantic","0.613","0.2973","0.7904","0.3227","0.8777","14100","Bloomsburg-Berwick, PA","Metropolitan Statistical Area","17","93.59","4773","639","0.1339",""
"53033","Deol","Bohannon","Isaac","WA","Bellevue","98004","1","FALSE","ABO, NPI but not ENT Health","aboto_nppes_agree_enthealth_missing","TRUE","425-502-3770","Head and Neck Cancer","2026-06-10","TRUE","Yes","Yes","Yes","2026-07-13","Complete","667","1497964720","TRUE","TRUE","425","WA","","valid","Urban","Accepting","With sampled physician","21","TRUE","TRUE","0.64","District 8","Pacific","0.2933","0.1279","0.2324","0.6823","0.6047","42660","Seattle-Tacoma-Bellevue, WA","Metropolitan Statistical Area","153","6.79","360943","57362","0.1589","2219.59967329526"
"35001","Deol","Brennan","Tara","NM","Albuquerque","87131","1","FALSE","ABO, NPI but not ENT Health","aboto_nppes_disagree_enthealth_missing","TRUE","505-272-2111","Facial Plastics","2026-06-10","TRUE","No-practice is full but physician does still see established patients","Not applicable","Not applicable, no appointment offered with anyone in practice","","Complete","668","1841432473","TRUE","TRUE","505","NM","","valid","Urban","Not accepting: practice full","No appointment offered","","FALSE","FALSE","1.21","District 7","Mountain/Southwest","","","","","","10740","Albuquerque, NM","Metropolitan Statistical Area","35","5.19","141191","28980","0.2053","3705.64561087889"
"05069","Deol","Potts","Jerry","AR","Pine Bluff","71603","4","FALSE","ABO, NPI but not ENT Health","aboto_nppes_agree_enthealth_missing","TRUE","(870) 535-5719","General","2026-06-10","TRUE","No-retired or no longer practicing medicine","Not applicable","Not applicable, no appointment offered with anyone in practice","","Complete","669","1447226477","TRUE","TRUE","870","AR","","valid","Rural","Not accepting: retired/left","No appointment offered","","FALSE","FALSE","0.76","District 6","Central","0.5952","0.5794","0.5208","0.7435","0.5058","38220","Pine Bluff, AR","Metropolitan Statistical Area","4","5.98","15721","3871","0.2462",""
"21071","Deol","Helton","William","KY","Prestonsburg","41653","8","TRUE","ABO, NPI but not ENT Health","aboto_nppes_agree_enthealth_missing","TRUE","606-886-2712","General","2026-06-10","TRUE","Yes","Yes","Yes","2026-07-07","Complete","670","1174786115","TRUE","TRUE","606","KY","","valid","Rural","Accepting","With sampled physician","17","TRUE","TRUE","0.69","District 4","Southeast","0.6813","0.7269","0.7023","0.0605","0.6883","","","","1","2.79","9875","2742","0.2777",""
"06017","Deol","Chase","Robert","CA","Placerville","95667","4","FALSE","ABO, NPI, ENT Health","all_three_agree","TRUE","530-344-2010","General","2026-06-10","TRUE","Yes","Yes","Yes","2026-06-24","Complete","671","1487757779","TRUE","TRUE","530","CA","","valid","Rural","Accepting","With sampled physician","9","TRUE","TRUE","0.67","District 8","Pacific","0.4962","0.4396","0.4763","0.3443","0.6168","40900","Sacramento-Roseville-Folsom, CA","Metropolitan Statistical Area","4","2.09","51478","5968","0.1159","2489.35220182737"
"21083","Deol","Triana","Rudolph,","KY","Mayfield","42066","4","FALSE","ABO, NPI but not ENT Health","aboto_nppes_disagree_enthealth_missing","TRUE","270-251-4080","Facial Plastics","2026-06-10","TRUE","No-changed practices","Not applicable","Not applicable, no appointment offered with anyone in practice","","Complete","672","1811959661","TRUE","TRUE","270","KY","","valid","Rural","Not accepting: changed practice","No appointment offered","","FALSE","FALSE","0.69","District 4","Southeast","0.6466","0.5598","0.6696","0.3086","0.7373","32460","Mayfield, KY","Micropolitan Statistical Area","1","2.72","8951","1583","0.1769",""
"42093","Deol","Greene","Joseph","PA","Danville","17822","7","FALSE","ABO, NPI, ENT Health","all_three_agree","TRUE","800-275-6401","General","2026-06-10","FALSE","","","","","Complete","673","1235108291","TRUE","TRUE","800","toll-free","","valid","Rural","","","","FALSE","","0.68","District 2","Middle Atlantic","0.613","0.2973","0.7904","0.3227","0.8777","14100","Bloomsburg-Berwick, PA","Metropolitan Statistical Area","17","93.59","4773","639","0.1339",""
"37107","Deol","Hosea","Robert","NC","Kinston","28501","4","FALSE","ABO, NPI but not ENT Health","aboto_nppes_agree_enthealth_missing","TRUE","(252) 523-0687","General","2026-06-10","TRUE","No-retired or no longer practicing medicine","Not applicable","Not applicable, no appointment offered with anyone in practice","","Complete","674","1083784557","TRUE","TRUE","252","NC","","valid","Rural","Not accepting: retired/left","No appointment offered","","FALSE","FALSE","0.82","District 3","Mid-Atlantic/Southeast","0.8708","0.8424","0.8785","0.8209","0.6556","28820","Kinston, NC","Micropolitan Statistical Area","3","5.45","15284","4212","0.2756",""
"17043","Deol","Ortega","John","IL","Elmhurst","60126","1","FALSE","ABO, NPI but not ENT Health","aboto_nppes_disagree_enthealth_missing","TRUE","331-221-9004","General","2026-06-10","TRUE","Yes","Yes","Yes","2026-06-16","Complete","675","1740231810","TRUE","TRUE","331","IL","","valid","Urban","Accepting","With sampled physician","4","TRUE","TRUE","0.63","District 5","Midwest","0.1897","0.167","0.2827","0.3567","0.3309","16980","Chicago-Naperville-Elgin, IL-IN-WI","Metropolitan Statistical Area","53","5.7","183216","18481","0.1009","984.990361026572"
"51015","Deol","Plautz","Michael","VA","Fishersville","22939","1","FALSE","ABO, NPI, ENT Health","all_three_agree","","540-221-7010","General","2026-06-10","TRUE","Yes","Yes","Yes","2026-07-29","Complete","676","1932173408","TRUE","TRUE","540","VA","","valid","Urban","Accepting","With sampled physician","33","TRUE","TRUE","0.83","District 3","Mid-Atlantic/Southeast","0.5568","0.5076","0.427","0.2637","0.7362","44420","Staunton, VA","Metropolitan Statistical Area","4","5.17","18748","1545","0.0824","10000"
"48113","Deol","Chung","Sei","TX","Dallas","75390","1","FALSE","ABO, NPI but not ENT Health","aboto_nppes_agree_enthealth_missing","TRUE","214-645-8898","Rhinology","2026-06-10","TRUE","Yes","Yes","Yes","2026-09-10","Complete","677","1972038255","TRUE","TRUE","214","TX","","valid","Urban","Accepting","With sampled physician","63","TRUE","TRUE","0.63","District 6","Central","0.9998","0.9981","0.9993","0.83","0.9545","19100","Dallas-Fort Worth-Arlington, TX","Metropolitan Statistical Area","98","3.76","360658","54291","0.1505","1622.88265198409"
"55079","Deol","Rhee","John","WI","Milwaukee","53226","1","FALSE","ABO, NPI, ENT Health","all_three_agree","TRUE","414-955-1050","Facial Plastics","2026-06-10","TRUE","Yes","Yes","Yes","2026-09-01","Complete","678","1497708143","TRUE","TRUE","414","WI","","valid","Urban","Accepting","With sampled physician","57","TRUE","TRUE","0.66","District 5","Midwest","0.2714","0.1847","0.2822","0.3352","0.4706","33340","Milwaukee-Waukesha, WI","Metropolitan Statistical Area","68","7.29","164559","40316","0.245","2942.33595720597"
"12086","Deol","Hjelm","Nikolaus","FL","Miami","33136","1","FALSE","ABO, NPI but not ENT Health","aboto_nppes_disagree_enthealth_missing","TRUE","856-435-9100","Facial Plastics","2026-06-10","TRUE","Yes","Yes","Yes","2026-06-12","Complete","679","1942610761","TRUE","TRUE","856","NJ","","valid","Urban","Accepting","With sampled physician","2","TRUE","TRUE","0.64","District 4","Southeast","0.8956","0.9251","0.7157","0.928","0.8489","33100","Miami-Fort Lauderdale-Pompano Beach, FL","Metropolitan Statistical Area","95","3.53","514389","224760","0.4369","1246.01736914087"
"16001","Deol","Robison","Jacob","ID","Boise","83712","1","FALSE","ABO, NPI, ENT Health","aboto_nppes_agree_enthealth_disagree","TRUE","208-381-8050","Pediatrics","2026-06-10","TRUE","Yes","Yes","Yes","2026-07-08","Complete","680","1255596771","TRUE","TRUE","208","ID","","valid","Urban","Accepting","With sampled physician","18","TRUE","TRUE","0.94","District 8","Pacific","0.2357","0.0933","0.2048","0.2239","0.6617","14260","Boise City, ID","Metropolitan Statistical Area","18","3.62","103573","10256","0.099","4574.29153521168"
"19061","Deol","Parker","Charles","IA","Dubuque","52001","1","FALSE","ABO, NPI but not ENT Health","aboto_nppes_agree_enthealth_missing","TRUE","563-584-3475","General","2026-06-10","TRUE","Yes","Yes","Yes","2026-07-01","Complete","681","1063738342","TRUE","TRUE","563","IA","","valid","Urban","Accepting","With sampled physician","14","TRUE","TRUE","0.77","District 5","Midwest","0.4355","0.4642","0.353","0.2195","0.5897","20220","Dubuque, IA","Metropolitan Statistical Area","7","7.08","22997","2571","0.1118","5394.65678497188"
"36123","Deol","Falk","Stephen","NY","Rushville","14544","6","FALSE","ABO, NPI but not ENT Health","aboto_nppes_agree_enthealth_missing","FALSE","(585) 554-5444","","2026-06-15","FALSE","No-retired or no longer practicing medicine","Not applicable","Not applicable, no appointment offered with anyone in practice","","Complete","682","1801922653","TRUE","TRUE","585","NY","","valid","Rural","Not accepting: retired/left","No appointment offered","","FALSE","FALSE","0.76","District 2","Middle Atlantic","0.6581","0.6009","0.6553","0.1031","0.8084","40380","Rochester, NY","Metropolitan Statistical Area","1","4.05","6418","1330","0.2072","4802.72667414952"
"01127","Deol","Blount","Angela","AL","Jasper","35501","4","FALSE","ABO, NPI, ENT Health","all_three_agree","TRUE","205-933-9236","General","2026-06-10","TRUE","Yes","Yes","Yes","2026-07-02","Complete","683","1811190804","TRUE","TRUE","205","AL","","valid","Rural","Accepting","With sampled physician","15","TRUE","TRUE","0.92","District 4","Southeast","0.7709","0.6882","0.7961","0.3417","0.7925","27530","Jasper, AL","Micropolitan Statistical Area","1","1.54","17148","3974","0.2317",""
"17195","Deol","Donat","Terry","IL","Sterling","61081","4","FALSE","ABO, NPI but not ENT Health","aboto_nppes_disagree_enthealth_missing","TRUE","815-971-2000","Facial Plastics","2026-06-10","TRUE","Yes","Yes","Yes","2026-06-23","Complete","684","1891760385","TRUE","TRUE","815","IL","","valid","Rural","Accepting","With sampled physician","8","TRUE","TRUE","0.63","District 5","Midwest","0.4793","0.4241","0.6906","0.4222","0.4141","44580","Sterling, IL","Micropolitan Statistical Area","4","7.2","14610","2187","0.1497",""
"34023","Deol","Horowitz","Jay","NJ","East Brunswick","08816","1","FALSE","ABO, NPI, ENT Health","all_three_agree","TRUE","732-613-0600","General","2026-06-10","TRUE","Yes","Yes","Yes","2026-06-11","Complete","685","1255421673","TRUE","TRUE","732","NJ","","valid","Urban","Accepting","With sampled physician","1","TRUE","TRUE","0.61","District 2","Middle Atlantic","0.3318","0.2358","0.4297","0.6386","0.3854","35620","New York-Newark-Jersey City, NY-NJ-PA","Metropolitan Statistical Area","31","3.6","154665","21361","0.1381","675.82644634067"
"12105","Deol","Briggs","Deane","FL","Winter Haven","33881","1","FALSE","ABO, NPI but not ENT Health","aboto_nppes_agree_enthealth_missing","TRUE","(863) 299-1251","General","2026-06-10","TRUE","No-retired or no longer practicing medicine","Not applicable","No-but appointment offered with different physician","2026-06-16","Complete","686","1841218179","TRUE","TRUE","863","FL","","valid","Urban","Not accepting: retired/left","With different physician","4","TRUE","FALSE","0.64","District 4","Southeast","0.7423","0.7443","0.7421","0.6932","0.5771","29460","Lakeland-Winter Haven, FL","Metropolitan Statistical Area","21","2.85","181035","35804","0.1978","4191.355568186"
"41061","Deol","Funk","Gerry","OR","La Grande","97850","4","FALSE","ABO, NPI, ENT Health","all_three_agree","TRUE","541-663-3100","General","2026-06-10","TRUE","Yes","Yes","Yes","2026-08-03","Complete","687","1467443515","TRUE","TRUE","541","OR","","valid","Rural","Accepting","With sampled physician","36","TRUE","TRUE","0.88","District 8","Pacific","0.763","0.6351","0.6947","0.2524","0.8987","29260","La Grande, OR","Micropolitan Statistical Area","2","7.61","6887","1186","0.1722",""
"33013","Deol","Falcone","Carl","NH","Concord","03301","4","FALSE","ABO, NPI but not ENT Health","aboto_nppes_disagree_enthealth_missing","TRUE","(603) 789-9150","General","2026-06-10","TRUE","No-retired or no longer practicing medicine","Not applicable","Not applicable, no appointment offered with anyone in practice","","Complete","688","1801954144","TRUE","TRUE","603","NH","","valid","Rural","Not accepting: retired/left","No appointment offered","","FALSE","FALSE","0.73","District 1","New England","0.5043","0.4774","0.4395","0.2436","0.6561","18180","Concord, NH","Micropolitan Statistical Area","10","6.5","39814","4267","0.1072",""
"08059","Deol","Hartemink","David","CO","Arvada","80003","1","FALSE","ABO, NPI but not ENT Health","aboto_nppes_agree_enthealth_missing","TRUE","303-431-8881","General","2026-06-10","TRUE","Yes","Yes","Yes","2026-06-30","Complete","689","1649354549","TRUE","TRUE","303","CO","","valid","Urban","Accepting","With sampled physician","13","TRUE","TRUE","0.83","District 7","Mountain/Southwest","0.4189","0.4532","0.4354","0.5319","0.3679","19740","Denver-Aurora-Lakewood, CO","Metropolitan Statistical Area","17","2.93","122497","10294","0.084","2231.73710758552"
"56025","Deol","Podrazik","Eugene","WY","Casper","82604","1","FALSE","ABO, NPI, ENT Health","all_three_agree","TRUE","307-577-4240","General","2026-06-10","TRUE","No-retired or no longer practicing medicine","Not applicable","Not applicable, no appointment offered with anyone in practice","","Complete","690","1265418834","TRUE","TRUE","307","WY","","valid","Urban","Not accepting: retired/left","No appointment offered","","FALSE","FALSE","1","District 7","Mountain/Southwest","0.4258","0.4122","0.6149","0.2015","0.4411","16220","Casper, WY","Metropolitan Statistical Area","4","5.03","17048","2136","0.1253","9833.59269583088"
"06037","Deol","Landman","Michael","CA","Tarzana","91356","1","FALSE","ABO, NPI but not ENT Health","aboto_nppes_agree_enthealth_missing","TRUE","(818) 609-0600","Facial Plastics","","","No-retired or no longer practicing medicine","","","","Complete","691","1245237833","TRUE","TRUE","818","CA","","valid","Urban","Not accepting: retired/left","","","FALSE","","0.67","District 8","Pacific","0.4609","0.4282","0.5063","0.5252","0.5136","31080","Los Angeles-Long Beach-Anaheim, CA","Metropolitan Statistical Area","391","3.93","1680860","546396","0.3251","645.954567429514"
"34007","Deol","Spalla","Thomas","NJ","Camden","08103","1","FALSE","ABO, NPI, ENT Health","all_three_agree","TRUE","856-342-3113","General","2026-06-10","TRUE","No-not specified why","","","","Complete","692","1174732200","TRUE","TRUE","856","NJ","","valid","Urban","Not accepting: unspecified","","","FALSE","","0.61","District 2","Middle Atlantic","0.923","0.9546","0.847","0.9429","0.6499","37980","Philadelphia-Camden-Wilmington, PA-NJ-DE-MD","Metropolitan Statistical Area","20","3.83","105158","17529","0.1667","1307.1063181523"
"17001","Deol","Jones","Myron","IL","Quincy","62301","4","FALSE","ABO, NPI but not ENT Health","aboto_nppes_agree_enthealth_missing","TRUE","217 214 3844","General","2026-06-10","TRUE","No-practice is full but physician does still see established patients","Not applicable","Yes","2026-07-02","Complete","693","1225106420","TRUE","TRUE","217","IL","","valid","Rural","Not accepting: practice full","With sampled physician","15","TRUE","TRUE","0.63","District 5","Midwest","0.4621","0.4389","0.5338","0.2125","0.5528","39500","Quincy, IL-MO","Micropolitan Statistical Area","10","15.25","15736","2401","0.1526",""
"06037","Deol","Kang","Robert","CA","Los Angeles","90095","1","FALSE","ABO, NPI, ENT Health","all_three_agree","TRUE","310-206-6688","Facial Plastics","2026-06-10","TRUE","Yes","Yes","Yes","2026-06-30","Complete","694","1316059348","TRUE","TRUE","310","CA","","valid","Urban","Accepting","With sampled physician","13","TRUE","TRUE","0.67","District 8","Pacific","0.8019","0.7947","0.0183","0.8003","1","31080","Los Angeles-Long Beach-Anaheim, CA","Metropolitan Statistical Area","391","3.93","1680860","546396","0.3251","645.954567429514"
"21111","Deol","Hodge","Kenneth","KY","Louisville","40220","1","FALSE","ABO, NPI but not ENT Health","aboto_nppes_agree_enthealth_missing","TRUE","(502) 995-5525","Head and Neck Cancer","2026-06-10","TRUE","Yes","Yes","Yes","2026-06-24","Complete","695","1750388286","TRUE","TRUE","502","KY","","valid","Urban","Accepting","With sampled physician","9","TRUE","TRUE","0.69","District 4","Southeast","0.3256","0.2801","0.4308","0.4083","0.4186","31140","Louisville/Jefferson County, KY-IN","Metropolitan Statistical Area","48","6.16","161143","23838","0.1479","3460.94967946345"
"33013","Deol","Romanow","John","NH","Concord","03301","4","FALSE","ABO, NPI, ENT Health","all_three_agree","TRUE","(603) 789-9150","General","2026-06-10","TRUE","Yes","Yes","Yes","","Unverified","696","1295831626","TRUE","TRUE","603","NH","","valid","Rural","Accepting","With sampled physician","","FALSE","TRUE","0.73","District 1","New England","0.5043","0.4774","0.4395","0.2436","0.6561","18180","Concord, NH","Micropolitan Statistical Area","10","6.5","39814","4267","0.1072",""
"12086","Deol","Hanlon","Jennifer","FL","Miami","33156","1","FALSE","ABO, NPI, ENT Health","all_three_agree","TRUE","786-386-2076","Facial Plastics","2026-06-10","TRUE","Yes","Yes","Yes","2026-06-19","Complete","697","1891144911","TRUE","TRUE","786","FL","","valid","Urban","Accepting","With sampled physician","6","TRUE","TRUE","0.64","District 4","Southeast","0.3493","0.2623","0.4312","0.7443","0.3871","33100","Miami-Fort Lauderdale-Pompano Beach, FL","Metropolitan Statistical Area","95","3.53","514389","224760","0.4369","1246.01736914087"
"36017","Deol","Hayes","Margaret","NY","Norwich","13815","7","FALSE","ABO, NPI but not ENT Health","aboto_nppes_agree_enthealth_missing","TRUE","(607) 337-4834","General","2026-06-10","FALSE","No-not specified why","Not applicable","Not applicable, no appointment offered with anyone in practice","","Complete","698","1821070715","TRUE","TRUE","607","NY","","valid","Rural","Not accepting: unspecified","No appointment offered","","FALSE","FALSE","0.76","District 2","Middle Atlantic","0.6159","0.5168","0.6132","0.1503","0.7746","","","","1","2.12","13031","3550","0.2724",""
"47149","Deol","Celmer","Andrew","TN","Murfreesboro","37129","1","FALSE","ABO, NPI but not ENT Health","aboto_nppes_agree_enthealth_missing","TRUE","615-867-8110","Laryngology","2026-06-10","FALSE","Yes","Yes","Yes","2026-06-22","Complete","699","1376571604","TRUE","TRUE","615","TN","","valid","Urban","Accepting","With sampled physician","7","TRUE","TRUE","","District 4","Southeast","0.3335","0.3436","0.426","0.4163","0.3432","34980","Nashville-Davidson--Murfreesboro--Franklin, TN","Metropolitan Statistical Area","5","1.45","51953","5969","0.1149","2584.58621056026"
"24045","Deol","Ahmad","Sidrah","MD","Salisbury","21804","1","FALSE","ABO, NPI, ENT Health","aboto_nppes_agree_enthealth_disagree","TRUE","631-444-8410","Pediatrics","2026-06-10","TRUE","No-changed practices","Not applicable","No-but appointment offered with different physician","2026-07-30","Complete","700","1083935779","TRUE","TRUE","631","NY","","valid","Urban","Not accepting: changed practice","With different physician","34","TRUE","FALSE","0.95","District 3","Mid-Atlantic/Southeast","0.636","0.6254","0.6011","0.5822","0.5716","41540","Salisbury, MD-DE","Metropolitan Statistical Area","6","5.78","21918","3754","0.1713","10000"
"36069","Deol","DeCicco","Michael","NY","Geneva","14456","4","FALSE","ABO, NPI but not ENT Health","aboto_nppes_disagree_enthealth_missing","TRUE","(315) 789-2153","General","2026-06-10","TRUE","Yes","Yes","Yes","2026-08-24","Complete","701","1255355202","TRUE","TRUE","315","NY","","valid","Rural","Accepting","With sampled physician","51","TRUE","TRUE","0.76","District 2","Middle Atlantic","0.4788","0.4084","0.4829","0.344","0.6749","40380","Rochester, NY","Metropolitan Statistical Area","4","3.56","29686","4965","0.1673","4802.72667414952"
"41019","Deol","Yun","James","OR","Roseburg","97471","4","FALSE","ABO, NPI, ENT Health","all_three_agree","TRUE","541-677-3400","General","2026-06-10","TRUE","Yes","Yes","No-but appointment offered with APP","2026-06-12","Complete","702","1144273566","TRUE","TRUE","541","OR","","valid","Rural","Accepting","With APP only","2","TRUE","FALSE","0.88","District 8","Pacific","0.6047","0.4682","0.7176","0.2687","0.715","40700","Roseburg, OR","Micropolitan Statistical Area","4","3.59","36282","7235","0.1994",""
"49011","Deol","Mellor","Robert","UT","Layton","84041","1","FALSE","ABO, NPI, ENT Health","all_three_agree","TRUE","801-773-4840","General","2026-06-10","TRUE","Yes","Yes","Yes","2026-07-01","Complete","703","1023094992","TRUE","TRUE","801","UT","","valid","Urban","Accepting","With sampled physician","14","TRUE","TRUE","0.8","District 7","Mountain/Southwest","0.3809","0.335","0.4592","0.3701","0.4451","36260","Ogden-Clearfield, UT","Metropolitan Statistical Area","13","3.58","48512","2707","0.0558","4438.40204298179"
"55141","Deol","Ahmed","Jamal","WI","Marshfield","54449","4","FALSE","ABO, NPI, ENT Health","all_three_agree","TRUE","715-387-5245","Head and Neck Cancer","2026-06-10","FALSE","No-changed practices","Not applicable","Not applicable, no appointment offered with anyone in practice","","Complete","704","1265877666","TRUE","TRUE","715","WI","","valid","Rural","Not accepting: changed practice","No appointment offered","","FALSE","FALSE","0.66","District 5","Midwest","0.3303","0.2385","0.3661","0.1197","0.6473","49220","Wisconsin Rapids-Marshfield, WI","Micropolitan Statistical Area","6","8.09","20707","3008","0.1453",""
"09009","Deol","Cardoso","Bruno","CT","New Haven","06519","1","FALSE","ABO, NPI but not ENT Health","aboto_nppes_agree_enthealth_missing","TRUE","(877) 925-3637","General","2026-06-10","TRUE","No-practice is full but physician does still see established patients","Not applicable","Not applicable, no appointment offered with anyone in practice","","Complete","705","1023496122","TRUE","TRUE","877","toll-free","","valid","Urban","Not accepting: practice full","No appointment offered","","FALSE","FALSE","0.79","District 1","New England","","","","","","35300","New Haven-Milford, CT","Metropolitan Statistical Area","","","","","","7604.89561870134"
"31141","Deol","Jazwick","Lauren","NE","Columbus","68601","4","FALSE","ABO, NPI but not ENT Health","aboto_nppes_agree_enthealth_missing","TRUE","402-562-4720","General","2026-06-10","TRUE","Yes","Yes","Yes","2026-06-15","Complete","706","1124548631","TRUE","TRUE","402","NE","","valid","Rural","Accepting","With sampled physician","3","TRUE","TRUE","1.01","District 6","Central","0.521","0.4306","0.716","0.4114","0.4747","18100","Columbus, NE","Micropolitan Statistical Area","4","11.69","7190","607","0.0844",""
"51143","Deol","Smith","Richard","VA","Danville","24541","4","FALSE","ABO, NPI but not ENT Health","aboto_nppes_agree_enthealth_missing","TRUE","434-792-0830","General","2026-06-10","TRUE","No-not specified why","Not applicable","Not applicable, no appointment offered with anyone in practice","","Complete","707","1063484863","TRUE","TRUE","434","VA","","valid","Rural","Not accepting: unspecified","No appointment offered","","FALSE","FALSE","0.83","District 3","Mid-Atlantic/Southeast","0.7046","0.7045","0.7396","0.6128","0.5386","19260","Danville, VA","Micropolitan Statistical Area","4","6.61","16164","2637","0.1631",""
"17177","Deol","Levine","Toni","IL","Freeport","61032","4","FALSE","ABO, NPI but not ENT Health","aboto_nppes_agree_enthealth_missing","TRUE","8155997770","General","2026-06-10","TRUE","No-retired or no longer practicing medicine","Not applicable","Not applicable, no appointment offered with anyone in practice","","Complete","708","1245300821","TRUE","TRUE","815","IL","","valid","Rural","Not accepting: retired/left","No appointment offered","","FALSE","FALSE","0.63","District 5","Midwest","0.5863","0.5633","0.6413","0.385","0.5839","23300","Freeport, IL","Micropolitan Statistical Area","2","4.5","12178","1696","0.1393",""
"50007","Deol","Millay","Donna","VT","Burlington","05401","1","FALSE","ABO, NPI but not ENT Health","aboto_nppes_agree_enthealth_missing","TRUE","802-847-4537","General","2026-06-10","TRUE","No-retired or no longer practicing medicine","Not applicable","Not applicable, no appointment offered with anyone in practice","","Complete","709","1346275617","TRUE","TRUE","802","VT","","valid","Urban","Not accepting: retired/left","No appointment offered","","FALSE","FALSE","0.87","District 1","New England","0.4193","0.5266","0.118","0.2229","0.7653","15540","Burlington-South Burlington, VT","Metropolitan Statistical Area","13","7.72","35663","5216","0.1463","8263.71577206744"
"48223","Deol","Sargent","David","TX","Sulphur Springs","75482","4","FALSE","ABO, NPI but not ENT Health","aboto_nppes_agree_enthealth_missing","TRUE","(903) 885-6534","","2026-06-10","TRUE","No-retired or no longer practicing medicine","Not applicable","Not applicable, no appointment offered with anyone in practice","","Complete","710","1710973748","TRUE","TRUE","903","TX","","valid","Rural","Not accepting: retired/left","No appointment offered","","FALSE","FALSE","0.63","District 6","Central","0.6569","0.6639","0.6704","0.4601","0.5866","44860","Sulphur Springs, TX","Micropolitan Statistical Area","3","8.11","8635","1126","0.1304",""
"37183","Deol","Meredith","Scott","NC","Raleigh","27607","1","FALSE","ABO, NPI but not ENT Health","aboto_nppes_agree_enthealth_missing","TRUE","(919) 781-7070","Head and Neck Cancer","2026-06-10","TRUE","No-retired or no longer practicing medicine","Not applicable","Not applicable, no appointment offered with anyone in practice","","Complete","711","1801805080","TRUE","TRUE","919","NC","","valid","Urban","Not accepting: retired/left","No appointment offered","","FALSE","FALSE","0.82","District 3","Mid-Atlantic/Southeast","0.2949","0.448","0.0781","0.3667","0.5692","39580","Raleigh-Cary, NC","Metropolitan Statistical Area","46","4.06","186558","18986","0.1018","4225.24118547584"
"06013","Deol","Tamplen","Matthew","CA","Orinda","94563","1","FALSE","ABO, NPI but not ENT Health","aboto_nppes_agree_enthealth_missing","TRUE","925 444 0824","Facial Plastics","2026-06-10","TRUE","Yes","Yes","Yes","2026-11-02","Complete","712","1801148242","TRUE","TRUE","925","CA","","valid","Urban","Accepting","With sampled physician","99","TRUE","TRUE","0.67","District 8","Pacific","0.1344","0.0722","0.3543","0.4691","0.2506","41860","San Francisco-Oakland-Berkeley, CA","Metropolitan Statistical Area","42","3.61","224836","39211","0.1744","1665.90502828119"
"36019","Deol","Powell","Angela","NY","Plattsburgh","12901","4","FALSE","ABO, NPI, ENT Health","all_three_agree","TRUE","(518) 566-7930","","","","","","","","Incomplete","713","1215005699","TRUE","TRUE","518","NY","","valid","Rural","","","","FALSE","","0.76","District 2","Middle Atlantic","0.4831","0.4257","0.4543","0.1885","0.6817","38460","Plattsburgh, NY","Micropolitan Statistical Area","3","3.76","20343","5227","0.2569",""
"22045","Deol","Walker","James","LA","New Iberia","70560","4","FALSE","ABO, NPI but not ENT Health","aboto_nppes_agree_enthealth_missing","FALSE","337-364-9681","General","2026-06-15","FALSE","No-not specified why","Not applicable","Not applicable, no appointment offered with anyone in practice","","Complete","714","1235271479","TRUE","TRUE","337","LA","","valid","Rural","Not accepting: unspecified","No appointment offered","","FALSE","FALSE","0.64","District 4","Southeast","0.7385","0.7509","0.616","0.6026","0.6701","29180","Lafayette, LA","Metropolitan Statistical Area","5","7.15","15943","4509","0.2828","4668.26232712188"
"49057","Deol","Gordon","Ronald","UT","Ogden","84403","1","FALSE","ABO, NPI but not ENT Health","aboto_nppes_agree_enthealth_missing","FALSE","801-627-1363","","","FALSE","No-not specified why","Not applicable","Not applicable, no appointment offered with anyone in practice","","Complete","715","1619082799","TRUE","TRUE","801","UT","","valid","Urban","Not accepting: unspecified","No appointment offered","","FALSE","FALSE","0.8","District 7","Mountain/Southwest","0.3943","0.4149","0.4542","0.421","0.4164","36260","Ogden-Clearfield, UT","Metropolitan Statistical Area","11","4.18","42009","3748","0.0892","4438.40204298179"
"28145","Deol","Tucker","Byron","MS","New Albany","38652","7","FALSE","ABO, NPI, ENT Health","all_three_agree","TRUE","(601) 703-9595","General","2026-06-10","TRUE","Yes","Yes","Yes","2026-06-11","Complete","716","1235155979","TRUE","TRUE","601","MS","","valid","Rural","Accepting","With sampled physician","1","TRUE","TRUE","0.93","District 4","Southeast","0.6944","0.6173","0.7935","0.44","0.6141","","","","1","3.59","6427","1517","0.236",""
"42039","Deol","White","Michelle","PA","Meadville","16335","4","TRUE","ABO, NPI but not ENT Health","aboto_nppes_agree_enthealth_missing","TRUE","814-373-3070","General","2026-06-10","TRUE","Yes","Yes","Yes","2026-07-28","Complete","717","1356879894","TRUE","TRUE","814","PA","","valid","Rural","Accepting","With sampled physician","32","TRUE","TRUE","0.68","District 2","Middle Atlantic","0.5013","0.4505","0.6703","0.1328","0.5712","32740","Meadville, PA","Micropolitan Statistical Area","2","2.38","22797","3860","0.1693",""
"37055","Deol","Lait","Marci","NC","Nags Head","27959","4","FALSE","ABO, NPI, ENT Health","all_three_agree","TRUE","(252) 489-4682","General","2026-06-10","TRUE","Yes","Yes","Yes","2026-07-09","Complete","718","1649258617","TRUE","TRUE","252","NC","","valid","Rural","Accepting","With sampled physician","19","TRUE","TRUE","0.82","District 3","Mid-Atlantic/Southeast","0.1376","0.2041","0.0569","0.1161","0.4331","28620","Kill Devil Hills, NC","Micropolitan Statistical Area","1","2.69","11059","641","0.058",""
"12127","Deol","Collette","Robert","FL","Orange City","32763","1","FALSE","ABO, NPI, ENT Health","all_three_agree","TRUE","(386) 775-4467","General","2026-06-10","TRUE","Yes","Yes","Yes","2026-06-23","Complete","719","1659332732","TRUE","TRUE","386","FL","","valid","Urban","Accepting","With sampled physician","8","TRUE","TRUE","0.64","District 4","Southeast","0.6406","0.6242","0.6566","0.4172","0.6411","19660","Deltona-Daytona Beach-Ormond Beach, FL","Metropolitan Statistical Area","9","1.61","170938","22300","0.1305","5961.32531473669"
"25025","Deol","Faden","Daniel","MA","Boston","02118","1","FALSE","ABO, NPI but not ENT Health","aboto_nppes_agree_enthealth_missing","TRUE","617-573-3489","Head and Neck Cancer","2026-06-10","TRUE","Yes","Not applicable","Not applicable, no appointment offered with anyone in practice","","Complete","720","1366739153","TRUE","TRUE","617","MA","","valid","Urban","Accepting","No appointment offered","","FALSE","FALSE","0.74","District 1","New England","0.7037","0.6067","0.5251","0.6678","0.8287","14460","Boston-Cambridge-Newton, MA-NH","Metropolitan Statistical Area","139","17.7","113713","50389","0.4431","2023.04610416402"
"56005","Walsh","Davis","Thomas","WY","Gillette","82716","4","FALSE","ABO, NPI, ENT Health","nppes_enthealth_agree_aboto_disagree","TRUE","(307) 686-7346","General","2026-06-01","TRUE","Yes","Yes","Yes","2026-06-17","Complete","721","1336139120","TRUE","TRUE","307","WY","","valid","Rural","Accepting","With sampled physician","12","TRUE","TRUE","1","District 7","Mountain/Southwest","0.5268","0.4593","0.6169","0.1865","0.6212","23940","Gillette, WY","Micropolitan Statistical Area","1","2.13","7864","708","0.09",""
"39063","Walsh","Nielsen","Erik","OH","Findlay","45840","4","FALSE","ABO, NPI but not ENT Health","aboto_nppes_agree_enthealth_missing","TRUE","419-423-5492","General","2026-06-01","TRUE","Yes","Yes","Yes","","Complete","722","1003803834","TRUE","TRUE","419","OH","","valid","Rural","Accepting","With sampled physician","","FALSE","TRUE","0.63","District 5","Midwest","0.4027","0.374","0.4702","0.229","0.5277","22300","Findlay, OH","Micropolitan Statistical Area","4","5.33","16469","2042","0.124",""
"51087","Walsh","Milien","Annesha","VA","Henrico","23233","1","FALSE","ABO, NPI, ENT Health","all_three_agree","TRUE","(804) 484-3700","General","2026-06-01","TRUE","Yes","Yes","Yes","2026-06-05","Complete","723","1003313578","TRUE","TRUE","804","VA","","valid","Urban","Accepting","With sampled physician","4","TRUE","TRUE","0.83","District 3","Mid-Atlantic/Southeast","0.1847","0.1063","0.2948","0.4667","0.3722","40060","Richmond, VA","Metropolitan Statistical Area","3","0.9","66694","6910","0.1036","3469.11090994698"
"33001","Walsh","Schrage","Carly","NH","Laconia","03246","4","TRUE","ABO, NPI, ENT Health","all_three_agree","TRUE","(603) 524-7402","General","2026-06-01","TRUE","Yes","Yes","Yes","2026-07-08","Complete","724","1063778363","TRUE","TRUE","603","NH","","valid","Rural","Accepting","With sampled physician","25","TRUE","TRUE","0.73","District 1","New England","0.6125","0.5057","0.6621","0.1071","0.8016","29060","Laconia, NH","Micropolitan Statistical Area","6","9.39","21114","1869","0.0885",""
"36037","Walsh","Pierce","William","NY","Batavia","14020","4","FALSE","ABO, NPI but not ENT Health","aboto_nppes_agree_enthealth_missing","TRUE","(585) 344-0007","General","2026-06-01","FALSE","","","","","Complete","725","1831194554","TRUE","TRUE","585","NY","","valid","Rural","","","","FALSE","","0.76","District 2","Middle Atlantic","0.4522","0.4231","0.4723","0.2031","0.5947","12860","Batavia, NY","Micropolitan Statistical Area","2","3.44","14607","2798","0.1916",""
"10003","Walsh","Sheppard","William","DE","Newark","19713","1","FALSE","ABO, NPI, ENT Health","all_three_agree","TRUE","(302) 998-0300","General","2026-06-18","TRUE","Yes","Yes","Yes","2026-07-08","Complete","726","1427092501","TRUE","TRUE","302","DE","","valid","Urban","Accepting","With sampled physician","12","TRUE","TRUE","0.96","District 3","Mid-Atlantic/Southeast","0.5695","0.5425","0.5241","0.6025","0.6031","37980","Philadelphia-Camden-Wilmington, PA-NJ-DE-MD","Metropolitan Statistical Area","25","4.38","115190","17058","0.1481","1307.1063181523"
"36059","Walsh","Tawfik","Bernard","NY","Glen Cove","11542","1","FALSE","ABO, NPI but not ENT Health","aboto_nppes_disagree_enthealth_missing","TRUE","(516) 671-0085","General","2026-06-01","TRUE","No-retired or no longer practicing medicine","Not applicable","No-but appointment offered with different physician","2026-06-02","Complete","727","1245223015","TRUE","TRUE","516","NY","","valid","Urban","Not accepting: retired/left","With different physician","1","TRUE","FALSE","0.76","District 2","Middle Atlantic","0.6261","0.5632","0.6892","0.5914","0.5758","35620","New York-Newark-Jersey City, NY-NJ-PA","Metropolitan Statistical Area","73","5.25","298744","54539","0.1826","675.82644634067"
"42037","Walsh","Krishnan","Geeta","PA","Bloomsburg","17815","4","FALSE","ABO, NPI but not ENT Health","aboto_nppes_agree_enthealth_missing","TRUE","(570) 389-7911","General","2026-06-11","FALSE","","","","","Complete","728","1306801451","TRUE","TRUE","570","PA","","valid","Rural","","","","FALSE","","0.68","District 2","Middle Atlantic","0.3903","0.4513","0.2703","0.1579","0.5719","14100","Bloomsburg-Berwick, PA","Metropolitan Statistical Area","1","1.54","16409","2501","0.1524",""
"42101","Walsh","Georgopoulos","Rachel","PA","Philadelphia","19140","1","FALSE","ABO, NPI but not ENT Health","aboto_nppes_disagree_enthealth_missing","TRUE","216-444-8950","Pediatrics","2026-06-01","TRUE","Yes","Yes","Yes","2026-07-17","Complete","729","1760745442","TRUE","TRUE","216","OH","","valid","Urban","Accepting","With sampled physician","32","TRUE","TRUE","0.68","District 2","Middle Atlantic","0.9187","0.9236","0.8835","0.9686","0.5722","37980","Philadelphia-Camden-Wilmington, PA-NJ-DE-MD","Metropolitan Statistical Area","120","7.53","265353","102081","0.3847","1307.1063181523"
"17001","Walsh","Marchiando","Albert","IL","Quincy","62301","4","FALSE","ABO, NPI but not ENT Health","aboto_nppes_agree_enthealth_missing","TRUE","(217) 222-6550","General","2026-06-01","TRUE","No-retired or no longer practicing medicine","Not applicable","No-but appointment offered with APP","2026-06-02","Complete","730","1932185329","TRUE","TRUE","217","IL","","valid","Rural","Not accepting: retired/left","With APP only","1","TRUE","FALSE","0.63","District 5","Midwest","0.4621","0.4389","0.5338","0.2125","0.5528","39500","Quincy, IL-MO","Micropolitan Statistical Area","10","15.25","15736","2401","0.1526",""
"27109","Walsh","Freedman","Harvey","MN","Rochester","55905","1","FALSE","ABO, NPI but not ENT Health","aboto_nppes_agree_enthealth_missing","TRUE","(507) 284-2511","General","2026-06-29","TRUE","No-retired or no longer practicing medicine","Not applicable","Not applicable, no appointment offered with anyone in practice","","Complete","731","1164431888","TRUE","TRUE","507","MN","","valid","Urban","Not accepting: retired/left","No appointment offered","","FALSE","FALSE","0.74","District 5","Midwest","0.0811","0.0959","0.1431","0.4621","0.1352","40340","Rochester, MN","Metropolitan Statistical Area","42","25.88","31846","3426","0.1076","9256.71526172725"
"18167","Walsh","Drake","Fred","IN","Terre Haute","47807","1","FALSE","ABO, NPI but not ENT Health","aboto_nppes_agree_enthealth_missing","TRUE","(812) 242-3170","General","2026-06-01","TRUE","No-retired or no longer practicing medicine","Not applicable","No-but appointment offered with different physician","2026-06-10","Complete","732","1124135967","TRUE","TRUE","812","IN","","valid","Urban","Not accepting: retired/left","With different physician","7","TRUE","FALSE","0.96","District 5","Midwest","0.7561","0.8727","0.4378","0.4304","0.7835","45460","Terre Haute, IN","Metropolitan Statistical Area","2","1.88","23129","5429","0.2347","6978.45845345807"
"35045","Walsh","Brown-Wagner","Marie","NM","Shiprock","87420","7","FALSE","ABO, NPI but not ENT Health","aboto_nppes_agree_enthealth_missing","TRUE","(505) 368-6401","General","2026-06-17","FALSE","","","","","Complete","733","1134235385","TRUE","TRUE","505","NM","","valid","Rural","","","","FALSE","","1.21","District 7","Mountain/Southwest","0.9055","0.8334","0.875","0.9831","0.785","22140","Farmington, NM","Metropolitan Statistical Area","5","4.11","24612","6051","0.2459","10000"
"39103","Walsh","McDonnell","Matthew","OH","Medina","44256","4","FALSE","ABO, NPI, ENT Health","all_three_agree","TRUE","(330) 723-6673","General","2026-06-01","FALSE","","","","","Complete","734","1841291507","TRUE","TRUE","330","OH","","valid","Rural","","","","FALSE","","0.63","District 5","Midwest","0.1817","0.1783","0.3383","0.14","0.2567","17460","Cleveland-Elyria, OH","Metropolitan Statistical Area","1","0.55","43812","3518","0.0803","3716.69367417891"
"06023","Walsh","Biteman","John","CA","Arcata","95521","4","FALSE","ABO, NPI but not ENT Health","aboto_nppes_agree_enthealth_missing","","707-822-7220","General","2026-06-01","TRUE","No-retired or no longer practicing medicine","Not applicable","Not applicable, no appointment offered with anyone in practice","","Complete","735","1366410763","TRUE","TRUE","707","CA","","valid","Rural","Not accepting: retired/left","No appointment offered","","FALSE","FALSE","0.67","District 8","Pacific","0.6649","0.7356","0.3114","0.4574","0.7219","21700","Eureka-Arcata, CA","Micropolitan Statistical Area","2","1.47","31070","8142","0.2621",""
"27065","Walsh","Patterson","Matthew","MN","Mora","55051","10","FALSE","ABO, NPI, ENT Health","nppes_enthealth_agree_aboto_disagree","","(320) 679-1313","Sleep","2026-06-01","TRUE","Yes","Yes","Yes","2026-08-04","Complete","736","1457339996","TRUE","TRUE","320","MN","","valid","Rural","Accepting","With sampled physician","44","TRUE","TRUE","0.74","District 5","Midwest","0.5126","0.4348","0.4746","0.1081","0.6849","","","","1","6.19","4158","553","0.133",""
"55025","Walsh","Zopf","David","WI","Madison","53792","1","FALSE","ABO, NPI, ENT Health","aboto_nppes_agree_enthealth_disagree","TRUE","(608) 915-0470","Pediatrics","2026-06-01","TRUE","Yes","Yes","Yes","2026-09-15","Complete","737","1346478633","TRUE","TRUE","608","WI","","valid","Urban","Accepting","With sampled physician","73","TRUE","TRUE","0.66","District 5","Midwest","0.4811","0.4757","0.0931","0.7761","0.6936","31540","Madison, WI","Metropolitan Statistical Area","42","7.5","103850","11339","0.1092","3251.41933111831"
"18037","Walsh","Phillips","David","IN","Jasper","47546","4","FALSE","ABO, NPI, ENT Health","all_three_agree","TRUE","(812) 996-5575","General","2026-06-01","TRUE","Yes","Yes","Yes","2026-07-01","Complete","738","1720425192","TRUE","TRUE","812","IN","","valid","Rural","Accepting","With sampled physician","21","TRUE","TRUE","0.96","District 5","Midwest","0.3691","0.2601","0.4025","0.1297","0.6384","27540","Jasper, IN","Micropolitan Statistical Area","3","6.88","10335","1108","0.1072",""
"06045","Walsh","Coursey","Donald","CA","Ukiah","95482","4","FALSE","ABO, NPI but not ENT Health","aboto_nppes_agree_enthealth_missing","TRUE","(707) 462-8855","General","2026-06-01","FALSE","","","","","Complete","739","1689770364","TRUE","TRUE","707","CA","","valid","Rural","","","","FALSE","","0.67","District 8","Pacific","0.8473","0.7329","0.9397","0.6044","0.7605","46380","Ukiah, CA","Micropolitan Statistical Area","3","3.29","24224","6508","0.2687",""
"37181","Walsh","Goldstein","Richard","NC","Henderson","27536","4","FALSE","ABO, NPI, ENT Health","all_three_agree","FALSE","(252) 492-5600","General","2026-06-01","FALSE","No-retired or no longer practicing medicine","","","","Complete","740","1255396198","TRUE","TRUE","252","NC","","valid","Rural","Not accepting: retired/left","","","FALSE","","0.82","District 3","Mid-Atlantic/Southeast","0.8623","0.7788","0.7704","0.8303","0.8123","25780","Henderson, NC","Micropolitan Statistical Area","1","2.35","10996","3136","0.2852",""
"37097","Walsh","Enrique","Ronel","NC","Statesville","28677","4","FALSE","ABO, NPI but not ENT Health","aboto_nppes_agree_enthealth_missing","TRUE","(704) 838-8255","General","2026-06-01","FALSE","","","","","Complete","741","1881686434","TRUE","TRUE","704","NC","","valid","Rural","","","","FALSE","","0.82","District 3","Mid-Atlantic/Southeast","0.6778","0.6784","0.6793","0.5021","0.5916","16740","Charlotte-Concord-Gastonia, NC-SC","Metropolitan Statistical Area","10","5.32","40978","5098","0.1244","3805.74492088521"
"17001","Walsh","McIntee","Rae","IL","Quincy","62301","4","FALSE","ABO, NPI, ENT Health","all_three_agree","TRUE","(217) 223-2984","General","2026-06-01","FALSE","","","","","Complete","742","1144260639","TRUE","TRUE","217","IL","","valid","Rural","","","","FALSE","","0.63","District 5","Midwest","0.4621","0.4389","0.5338","0.2125","0.5528","39500","Quincy, IL-MO","Micropolitan Statistical Area","10","15.25","15736","2401","0.1526",""
"17043","Walsh","Battista","Robert","IL","Hinsdale","60521","1","FALSE","ABO, NPI, ENT Health","aboto_enthealth_agree_nppes_disagree","TRUE","(630) 789-3110","Otology/neurotology","2026-06-18","TRUE","Yes","Yes","Yes","2026-06-29","Complete","743","1770565947","TRUE","TRUE","630","IL","","valid","Urban","Accepting","With sampled physician","6","TRUE","TRUE","0.63","District 5","Midwest","0.0974","0.0497","0.3256","0.3655","0.191","16980","Chicago-Naperville-Elgin, IL-IN-WI","Metropolitan Statistical Area","53","5.7","183216","18481","0.1009","984.990361026572"
"12086","Walsh","Dave","Sandeep","FL","Miami","33155","1","FALSE","ABO, NPI, ENT Health","aboto_enthealth_agree_nppes_disagree","TRUE","(786) 624-3687","Pediatrics","2026-06-18","TRUE","Yes","Yes","Yes","2026-07-02","Complete","744","1407072499","TRUE","TRUE","786","FL","","valid","Urban","Accepting","With sampled physician","9","TRUE","TRUE","0.64","District 4","Southeast","0.5761","0.4657","0.5748","0.8989","0.5286","33100","Miami-Fort Lauderdale-Pompano Beach, FL","Metropolitan Statistical Area","95","3.53","514389","224760","0.4369","1246.01736914087"
"27035","Walsh","Waters","Kurtis","MN","Baxter","56425","4","FALSE","ABO, NPI, ENT Health","all_three_agree","TRUE","(218) 454-8888","Facial Plastics","2026-06-01","TRUE","Yes","Yes","Yes","2026-06-12","Complete","745","1568440717","TRUE","TRUE","218","MN","","valid","Rural","Accepting","With sampled physician","9","TRUE","TRUE","0.74","District 5","Midwest","0.4842","0.3704","0.5433","0.0797","0.7543","14660","Brainerd, MN","Micropolitan Statistical Area","3","4.51","20384","2015","0.0989",""
"48029","Walsh","Khan","Nayel","TX","San Antonio","78258","1","FALSE","ABO, NPI, ENT Health","all_three_agree","TRUE","(210) 598-4300","Head and Neck Cancer","2026-06-18","TRUE","Yes","Yes","Yes","2026-06-25","Complete","746","1437507167","TRUE","TRUE","210","TX","","valid","Urban","Accepting","With sampled physician","4","TRUE","TRUE","0.63","District 6","Central","0.3683","0.2831","0.3919","0.6902","0.4315","41700","San Antonio-New Braunfels, TX","Metropolitan Statistical Area","92","4.57","335213","56215","0.1677","3211.30893739928"
"39169","Walsh","Mathur","Kevin","OH","Wooster","44691","4","FALSE","ABO, NPI, ENT Health","all_three_agree","TRUE","(330) 264-9699","General","2026-06-01","TRUE","Yes","Yes","Yes","2026-06-06","Complete","747","1598869216","TRUE","TRUE","330","OH","","valid","Rural","Accepting","With sampled physician","4","TRUE","TRUE","0.63","District 5","Midwest","0.3318","0.338","0.3004","0.135","0.5274","49300","Wooster, OH","Micropolitan Statistical Area","4","3.43","26081","3217","0.1233",""
"55055","Walsh","Hofmann","William","WI","Fort Atkinson","53538","4","FALSE","ABO, NPI, ENT Health","aboto_nppes_agree_enthealth_disagree","TRUE","(920) 563-6667","General","2026-06-01","TRUE","Yes","Yes","Yes","2026-06-08","Complete","748","1306844949","TRUE","TRUE","920","WI","","valid","Rural","Accepting","With sampled physician","5","TRUE","TRUE","0.66","District 5","Midwest","0.3248","0.2944","0.3315","0.1757","0.5515","48020","Watertown-Fort Atkinson, WI","Micropolitan Statistical Area","4","4.65","19120","2399","0.1255",""
"36081","Walsh","Moreano","Edwin","NY","Jackson Heights","11372","1","FALSE","ABO, NPI but not ENT Health","aboto_nppes_disagree_enthealth_missing","TRUE","(718) 478-2852","Facial Plastics","2026-06-01","TRUE","Yes","Yes","Yes","2026-06-04","Complete","749","1568415172","TRUE","TRUE","718","NY","","valid","Urban","Accepting","With sampled physician","3","TRUE","TRUE","0.76","District 2","Middle Atlantic","0.8376","0.7967","0.5853","0.8618","0.8264","35620","New York-Newark-Jersey City, NY-NJ-PA","Metropolitan Statistical Area","33","1.4","414581","184854","0.4459","675.82644634067"
"48201","Walsh","Funk","Etai","TX","Houston","77024","1","FALSE","ABO, NPI but not ENT Health","aboto_nppes_disagree_enthealth_missing","TRUE","(713) 636-2757","Facial Plastics","2026-06-01","TRUE","Yes","Yes","Yes","2026-06-15","Complete","750","1013193895","TRUE","TRUE","713","TX","","valid","Urban","Accepting","With sampled physician","10","TRUE","TRUE","0.63","District 6","Central","0.269","0.2263","0.3382","0.4801","0.3473","26420","Houston-The Woodlands-Sugar Land, TX","Metropolitan Statistical Area","229","4.85","649936","101124","0.1556","2267.03553574242"
"06061","Walsh","Cohen","Randall","CA","Auburn","95603","4","FALSE","ABO, NPI, ENT Health","all_three_agree","TRUE","(855) 421-5804","General","2026-06-01","TRUE","Yes","Yes","Yes","2026-11-03","Complete","751","1760460414","TRUE","TRUE","855","toll-free","","valid","Rural","Accepting","With sampled physician","107","TRUE","TRUE","0.67","District 8","Pacific","0.5484","0.4543","0.5555","0.3945","0.6661","40900","Sacramento-Roseville-Folsom, CA","Metropolitan Statistical Area","20","4.92","100299","10917","0.1088","2489.35220182737"
"39049","Walsh","Agrawal","Amit","OH","Columbus","43210","1","FALSE","ABO, NPI, ENT Health","all_three_agree","TRUE","(614) 293-8074","Head and Neck Cancer","2026-06-01","TRUE","Yes","Yes","Yes","2026-07-01","Complete","752","1083648539","TRUE","TRUE","614","OH","","valid","Urban","Accepting","With sampled physician","21","TRUE","TRUE","0.63","District 5","Midwest","0.308","0.3879","0.0246","0.4502","0.7318","18140","Columbus, OH","Metropolitan Statistical Area","83","6.3","205689","37436","0.182","2961.67116820975"
"36061","Walsh","Myssiorek","David","NY","New York","10016","1","FALSE","ABO, NPI, ENT Health","all_three_agree","TRUE","(718) 590-1800","Head and Neck Cancer","2026-06-01","TRUE","Yes","Yes","Yes","2026-07-24","Complete","753","1841361847","TRUE","TRUE","718","NY","","valid","Urban","Accepting","With sampled physician","37","TRUE","TRUE","0.76","District 2","Middle Atlantic","0.2682","0.1656","0.0329","0.5712","0.8752","35620","New York-Newark-Jersey City, NY-NJ-PA","Metropolitan Statistical Area","235","14.28","297725","118473","0.3979","675.82644634067"
"55079","Walsh","Robey","Thomas","WI","Milwaukee","53226","1","FALSE","ABO, NPI, ENT Health","all_three_agree","TRUE","(877) 607-5280","Pediatrics","2026-06-24","FALSE","","","","","Complete","754","1407816119","TRUE","TRUE","877","toll-free","","valid","Urban","","","","FALSE","","0.66","District 5","Midwest","0.2714","0.1847","0.2822","0.3352","0.4706","33340","Milwaukee-Waukesha, WI","Metropolitan Statistical Area","68","7.29","164559","40316","0.245","2942.33595720597"
"42129","Walsh","Bankaci","Murat","PA","Mount Pleasant","15666","4","FALSE","ABO, NPI but not ENT Health","aboto_nppes_agree_enthealth_missing","TRUE","(724) 547-4575","General","2026-06-01","TRUE","Yes","No","Yes","2026-06-11","Complete","755","1154301547","TRUE","TRUE","724","PA","","valid","Rural","Accepting","With sampled physician","8","TRUE","TRUE","0.68","District 2","Middle Atlantic","0.2909","0.3545","0.3632","0.0247","0.3989","38300","Pittsburgh, PA","Metropolitan Statistical Area","6","1.69","101533","12354","0.1217","2891.96306455552"
"11001","Walsh","Joshi","Arjun","DC","Washington","20037","1","FALSE","ABO, NPI, ENT Health","all_three_agree","TRUE","(202) 741-3417","Head and Neck Cancer","2026-06-25","TRUE","Yes","Yes","Yes","2026-07-08","Complete","756","1619101334","TRUE","TRUE","202","DC","","valid","Urban","Accepting","With sampled physician","8","TRUE","TRUE","0.81","District 3","Mid-Atlantic/Southeast","0.3703","0.3442","0.0708","0.4912","0.815","47900","Washington-Arlington-Alexandria, DC-VA-MD-WV","Metropolitan Statistical Area","55","8.2","97164","23661","0.2435","1110.8637569665"
"55131","Walsh","Garvey","Christopher","WI","Hartford","53027","4","FALSE","ABO, NPI, ENT Health","all_three_agree","TRUE","(262) 670-4000","General","2026-06-16","TRUE","Yes","Yes","Yes","2026-07-16","Complete","757","1780679795","TRUE","TRUE","262","WI","","valid","Rural","Accepting","With sampled physician","20","TRUE","TRUE","0.66","District 5","Midwest","0.2503","0.2736","0.3491","0.1421","0.3649","33340","Milwaukee-Waukesha, WI","Metropolitan Statistical Area","2","1.46","33842","2159","0.0638","2942.33595720597"
"06073","Walsh","Broberg","Todd","CA","San Diego","92120","1","FALSE","ABO, NPI but not ENT Health","aboto_nppes_agree_enthealth_missing","TRUE","(833) 574-2273","General","2026-06-24","TRUE","Yes","Yes","Not applicable, no appointment offered with anyone in practice","","Complete","758","1174682777","TRUE","TRUE","833","toll-free","","valid","Urban","Accepting","No appointment offered","","FALSE","FALSE","0.67","District 8","Pacific","0.3184","0.2512","0.3078","0.5438","0.4928","41740","San Diego-Chula Vista-Carlsbad, CA","Metropolitan Statistical Area","162","4.92","611811","126952","0.2075","2224.8729430868"
"42003","Walsh","Jabbour","Noel","PA","Pittsburgh","15224","1","FALSE","ABO, NPI, ENT Health","aboto_enthealth_agree_nppes_disagree","TRUE","(412) 692-5460","Pediatrics","2026-06-01","TRUE","Yes","Yes","Not applicable, no appointment offered with anyone in practice","","Complete","759","1679765788","TRUE","TRUE","412","PA","","valid","Urban","Accepting","No appointment offered","","FALSE","FALSE","0.68","District 2","Middle Atlantic","0.3524","0.4776","0.2629","0.4229","0.3974","38300","Pittsburgh, PA","Metropolitan Statistical Area","75","6.02","281577","41193","0.1463","2891.96306455552"
"55097","Walsh","Dunlap","Roy","WI","Stevens Point","54481","4","FALSE","ABO, NPI but not ENT Health","aboto_nppes_agree_enthealth_missing","TRUE","(715) 342-6673","General","2026-06-05","TRUE","No-not specified why","Not applicable","No-but appointment offered with different physician","2026-07-06","Complete","760","1235289919","TRUE","TRUE","715","WI","","valid","Rural","Not accepting: unspecified","With different physician","19","TRUE","FALSE","0.66","District 5","Midwest","0.4055","0.442","0.2583","0.2006","0.6276","44620","Stevens Point, WI","Micropolitan Statistical Area","3","4.27","16089","1606","0.0998",""
"25025","Walsh","Hadlock","Theresa","MA","Boston","02110","1","FALSE","ABO, NPI but not ENT Health","aboto_nppes_disagree_enthealth_missing","TRUE","(617) 221-6909","Facial Plastics","2026-06-16","TRUE","Yes","No","Not applicable, no appointment offered with anyone in practice","","Complete","761","1578554549","TRUE","TRUE","617","MA","","valid","Urban","Accepting","No appointment offered","","FALSE","FALSE","0.74","District 1","New England","0.2082","0.1787","0.0415","0.3323","0.6209","14460","Boston-Cambridge-Newton, MA-NH","Metropolitan Statistical Area","139","17.7","113713","50389","0.4431","2023.04610416402"
"05009","Walsh","Bell","Patricia","AR","Harrison","72601","5","FALSE","ABO, NPI but not ENT Health","aboto_nppes_agree_enthealth_missing","TRUE","(870) 741-4368","General","2026-06-01","TRUE","No-not specified why","Not applicable","Not applicable, no appointment offered with anyone in practice","","Complete","762","1619910551","TRUE","TRUE","870","AR","","valid","Rural","Not accepting: unspecified","No appointment offered","","FALSE","FALSE","0.76","District 6","Central","0.467","0.5349","0.5539","0.1026","0.4759","25460","Harrison, AR","Micropolitan Statistical Area","1","2.66","10916","2065","0.1892",""
"27067","Walsh","Mellema","Jonathan","MN","Willmar","56201","4","FALSE","ABO, NPI, ENT Health","all_three_agree","TRUE","(320) 231-3277","General","2026-06-01","TRUE","Yes","Yes","Yes","2026-07-13","Complete","763","1083680458","TRUE","TRUE","320","MN","","valid","Rural","Accepting","With sampled physician","28","TRUE","TRUE","0.74","District 5","Midwest","0.73","0.5678","0.8327","0.4978","0.7933","48820","Willmar, MN","Micropolitan Statistical Area","2","4.58","10743","1697","0.158",""
"33009","Walsh","Wise","Sean","NH","Lebanon","03756","4","FALSE","ABO, NPI, ENT Health","aboto_enthealth_agree_nppes_disagree","TRUE","(603) 650-8123","Otology/neurotology","2026-06-01","TRUE","Yes","Yes","Yes","2026-08-01","Complete","764","1528031614","TRUE","TRUE","603","NH","","valid","Rural","Accepting","With sampled physician","42","TRUE","TRUE","0.73","District 1","New England","","","","","","30100","Lebanon, NH-VT","Micropolitan Statistical Area","16","17.61","25085","1968","0.0785",""
"45055","Walsh","Puchalski","Robert","SC","Lugoff","29078","4","FALSE","ABO, NPI, ENT Health","aboto_enthealth_agree_nppes_disagree","TRUE","(803) 573-2267","General","2026-06-05","TRUE","Yes","Yes","","2026-06-08","Complete","765","1740215904","TRUE","TRUE","803","SC","","valid","Rural","Accepting","","1","TRUE","","0.89","District 4","Southeast","0.4223","0.4703","0.4683","0.4457","0.3752","17900","Columbia, SC","Metropolitan Statistical Area","6","9.12","17933","2683","0.1496","3943.47423550414"
"22071","Walsh","Gary","Celeste","LA","New Orleans","70112","1","FALSE","ABO, NPI, ENT Health","aboto_enthealth_agree_nppes_disagree","TRUE","(504) 533-8848","Facial Plastics","2026-06-05","TRUE","Yes","Yes","Yes","2026-07-03","Complete","766","1447574470","TRUE","TRUE","504","LA","","valid","Urban","Accepting","With sampled physician","18","TRUE","TRUE","0.64","District 4","Southeast","0.7486","0.8211","0.37","0.745","0.8176","35380","New Orleans-Metairie, LA","Metropolitan Statistical Area","26","6.83","68893","23202","0.3368","4931.39626380957"
"32003","Walsh","Kung","Brian","NV","Las Vegas","89120","1","FALSE","ABO, NPI but not ENT Health","aboto_nppes_disagree_enthealth_missing","TRUE","(702) 735-7668","Otology/neurotology","2026-06-16","TRUE","Yes","Yes","Yes","2026-09-09","Complete","767","1235352394","TRUE","TRUE","702","NV","","valid","Urban","Accepting","With sampled physician","58","TRUE","TRUE","0.9","District 7","Mountain/Southwest","0.579","0.6461","0.5709","0.7422","0.3849","29820","Las Vegas-Henderson-Paradise, NV","Metropolitan Statistical Area","31","1.37","418904","64692","0.1544","2997.20928560077"
"29023","Walsh","Georgolios","Alexandros","MO","Poplar Bluff","63901","4","FALSE","ABO, NPI, ENT Health","all_three_agree","","(573) 778-2235","General","2026-06-05","TRUE","Yes","Yes","Yes","2026-08-20","Complete","768","1053571794","TRUE","TRUE","573","MO","","valid","Rural","Accepting","With sampled physician","52","TRUE","TRUE","0.86","District 6","Central","0.6588","0.7085","0.5705","0.2531","0.6657","38740","Poplar Bluff, MO","Micropolitan Statistical Area","3","7.1","10864","2675","0.2462",""
"13275","Walsh","Berger","Joseph","GA","Thomasville","31792","4","FALSE","ABO, NPI but not ENT Health","aboto_nppes_agree_enthealth_missing","TRUE","(229) 228-6355","General","2026-06-01","TRUE","Yes","Yes","Yes","2026-07-02","Complete","769","1437251410","TRUE","TRUE","229","GA","","valid","Rural","Accepting","With sampled physician","22","TRUE","TRUE","0.83","District 4","Southeast","0.6767","0.6981","0.6314","0.6329","0.5503","45620","Thomasville, GA","Micropolitan Statistical Area","3","6.57","11445","2989","0.2612",""
"49035","Walsh","Miller","Steven","UT","Salt Lake City","84102","1","FALSE","ABO, NPI but not ENT Health","aboto_nppes_agree_enthealth_missing","TRUE","(801) 758-0428","General","2026-06-05","TRUE","No-retired or no longer practicing medicine","Not applicable","No-but appointment offered with different physician","2026-06-05","Complete","770","1942313796","TRUE","TRUE","801","UT","","valid","Urban","Not accepting: retired/left","With different physician","0","TRUE","FALSE","0.8","District 7","Mountain/Southwest","0.4774","0.6095","0.0618","0.4109","0.7546","41620","Salt Lake City, UT","Metropolitan Statistical Area","55","4.66","164023","14391","0.0877","3136.16587182606"
"36061","Walsh","Rameau","Anais","NY","New York","10022","1","FALSE","ABO, NPI, ENT Health","all_three_agree","TRUE","(646) 962-7464","Laryngology","2026-06-16","TRUE","Yes","Yes","Yes","2026-07-31","Complete","771","1144510439","TRUE","TRUE","646","NY","","valid","Urban","Accepting","With sampled physician","31","TRUE","TRUE","0.76","District 2","Middle Atlantic","0.2733","0.1309","0.127","0.4006","0.761","35620","New York-Newark-Jersey City, NY-NJ-PA","Metropolitan Statistical Area","235","14.28","297725","118473","0.3979","675.82644634067"
"12115","Walsh","Bhanot","Sumeet","FL","Sarasota","34239","1","FALSE","ABO, NPI, ENT Health","aboto_enthealth_agree_nppes_disagree","TRUE","(941) 966-3223","Facial Plastics","2026-06-05","TRUE","Yes","No","Not applicable, no appointment offered with anyone in practice","","Complete","772","1417967449","TRUE","TRUE","941","FL","","valid","Urban","Accepting","No appointment offered","","FALSE","FALSE","0.64","District 4","Southeast","0.3556","0.4618","0.3863","0.2888","0.3425","35840","North Port-Sarasota-Bradenton, FL","Metropolitan Statistical Area","23","5.23","164174","10992","0.067","3948.70675911095"
"42091","Walsh","Berger","Alan","PA","Norristown","19401","1","FALSE","ABO, NPI but not ENT Health","aboto_nppes_agree_enthealth_missing","TRUE","(610) 279-7878","General","2026-06-16","FALSE","","","","","Complete","773","1750465266","TRUE","TRUE","610","PA","","valid","Urban","","","","FALSE","","0.68","District 2","Middle Atlantic","0.7478","0.6925","0.6761","0.7457","0.7204","37980","Philadelphia-Camden-Wilmington, PA-NJ-DE-MD","Metropolitan Statistical Area","25","2.92","188531","17994","0.0954","1307.1063181523"
"28113","Walsh","Pippin","Gregory","MS","McComb","39648","4","FALSE","ABO, NPI, ENT Health","all_three_agree","TRUE","(601) 684-1250","Facial Plastics","2026-06-05","TRUE","Yes","Yes","Yes","2026-06-11","Complete","774","1700966090","TRUE","TRUE","601","MS","","valid","Rural","Accepting","With sampled physician","4","TRUE","TRUE","0.93","District 4","Southeast","0.8465","0.8449","0.6676","0.7604","0.7706","32620","McComb, MS","Micropolitan Statistical Area","2","4.99","9303","2858","0.3072",""
"17001","Walsh","Conrad","Paul","IL","Quincy","62301","4","FALSE","ABO, NPI, ENT Health","all_three_agree","TRUE","(217) 222-6550","General","2026-06-01","TRUE","Yes","Yes","Yes","2026-06-30","Complete","775","1528028214","TRUE","TRUE","217","IL","","valid","Rural","Accepting","With sampled physician","20","TRUE","TRUE","0.63","District 5","Midwest","0.4621","0.4389","0.5338","0.2125","0.5528","39500","Quincy, IL-MO","Micropolitan Statistical Area","10","15.25","15736","2401","0.1526",""
"36047","Walsh","Kushnick","Steven","NY","Brooklyn","11201","1","FALSE","ABO, NPI, ENT Health","all_three_agree","TRUE","(718) 250-8520","Facial Plastics","2026-06-05","TRUE","Yes","Yes","Yes","2026-06-24","Complete","776","1992754410","TRUE","TRUE","718","NY","","valid","Urban","Accepting","With sampled physician","12","TRUE","TRUE","0.76","District 2","Middle Atlantic","0.3995","0.229","0.2089","0.5648","0.8782","35620","New York-Newark-Jersey City, NY-NJ-PA","Metropolitan Statistical Area","48","1.79","407755","210752","0.5169","675.82644634067"
"45019","Walsh","Rizk","Habib","SC","Charleston","29425","1","FALSE","ABO, NPI, ENT Health","aboto_nppes_agree_enthealth_disagree","TRUE","(843) 792-3531","Otology/neurotology","2026-06-05","TRUE","Yes","Yes","Not applicable, no appointment offered with anyone in practice","","Complete","777","1881959864","TRUE","TRUE","843","SC","","valid","Urban","Accepting","No appointment offered","","FALSE","FALSE","0.89","District 4","Southeast","0.0837","0.3488","0.001","0.1844","0.5115","16700","Charleston-North Charleston, SC","Metropolitan Statistical Area","62","15.13","84901","10003","0.1178","3197.52110387056"
"45055","Walsh","Emani","Janaki","SC","Lugoff","29078","4","FALSE","ABO, NPI but not ENT Health","aboto_nppes_agree_enthealth_missing","TRUE","(803) 969-0363","General","2026-06-25","TRUE","Yes","Yes","Yes","2026-06-26","Complete","778","1841450962","TRUE","TRUE","803","SC","","valid","Rural","Accepting","With sampled physician","1","TRUE","TRUE","0.89","District 4","Southeast","0.4223","0.4703","0.4683","0.4457","0.3752","17900","Columbia, SC","Metropolitan Statistical Area","6","9.12","17933","2683","0.1496","3943.47423550414"
"48423","Walsh","Lewis","Michael","TX","Tyler","75703","1","FALSE","ABO, NPI, ENT Health","all_three_agree","TRUE","(903) 592-5601","General","2026-06-16","TRUE","Yes","Yes","Yes","2026-06-17","Complete","779","1649269119","TRUE","TRUE","903","TX","","valid","Urban","Accepting","With sampled physician","1","TRUE","TRUE","0.63","District 6","Central","0.3917","0.4133","0.4199","0.4605","0.4119","46340","Tyler, TX","Metropolitan Statistical Area","15","6.39","52119","5742","0.1102","4588.84955498088"
"48009","Walsh","Godfrey","Cameron","TX","Wichita Falls","76310","1","FALSE","ABO, NPI, ENT Health","aboto_enthealth_agree_nppes_disagree","","(940) 322-6953","General","2026-06-01","TRUE","Yes","Yes","Yes","2026-06-22","Complete","780","1306824578","TRUE","TRUE","940","TX","","valid","Urban","Accepting","With sampled physician","14","TRUE","TRUE","0.63","District 6","Central","0.4475","0.4054","0.6034","0.4515","0.4236","48660","Wichita Falls, TX","Metropolitan Statistical Area","7","80.93","2024","149","0.0736","9237.55191179675"
"06075","Walsh","Wu","Grace","CA","San Francisco","94118","1","FALSE","ABO, NPI but not ENT Health","aboto_nppes_disagree_enthealth_missing","TRUE","(415) 626-4900","Facial Plastics","2026-06-01","TRUE","Yes","Yes","Yes","2026-06-22","Complete","781","1427435700","TRUE","TRUE","415","CA","","valid","Urban","Accepting","With sampled physician","14","TRUE","TRUE","0.67","District 8","Pacific","0.3669","0.1914","0.2984","0.669","0.6813","41860","San Francisco-Oakland-Berkeley, CA","Metropolitan Statistical Area","68","7.99","158399","56242","0.3551","1665.90502828119"
"50027","Walsh","McCool","Ryan","VT","Windsor","05089","10","FALSE","ABO, NPI but not ENT Health","aboto_nppes_agree_enthealth_missing","TRUE","(802) 674-6711","General","2026-06-11","TRUE","No-changed practices","Not applicable","Not applicable, no appointment offered with anyone in practice","","Complete","782","1154508638","TRUE","TRUE","802","VT","","valid","Rural","Not accepting: changed practice","No appointment offered","","FALSE","FALSE","0.87","District 1","New England","0.4764","0.4616","0.6438","0.0907","0.5361","30100","Lebanon, NH-VT","Micropolitan Statistical Area","3","5.19","17203","2424","0.1409",""
"41011","Walsh","Hurbis","Charles","OR","Coos Bay","97420","4","FALSE","ABO, NPI, ENT Health","aboto_enthealth_agree_nppes_disagree","TRUE","(541) 266-0900","General","2026-06-24","TRUE","Yes","Yes","Yes","2026-07-14","Complete","783","1760542724","TRUE","TRUE","541","OR","","valid","Rural","Accepting","With sampled physician","13","TRUE","TRUE","0.88","District 8","Pacific","0.5965","0.5931","0.5317","0.3205","0.6514","18300","Coos Bay, OR","Micropolitan Statistical Area","3","4.62","21910","4788","0.2185",""
"21227","Walsh","Ruth","John","KY","Bowling Green","42101","1","FALSE","ABO, NPI but not ENT Health","aboto_nppes_agree_enthealth_missing","TRUE","(270) 730-5344","General","2026-06-05","TRUE","Yes","Yes","Yes","2026-06-09","Complete","784","1730125857","TRUE","TRUE","270","KY","","valid","Urban","Accepting","With sampled physician","2","TRUE","TRUE","0.69","District 4","Southeast","0.6394","0.679","0.5761","0.4179","0.6323","14540","Bowling Green, KY","Metropolitan Statistical Area","3","2.22","24239","4124","0.1701","6028.15944639884"
"22045","Walsh","Bienvenu","Harold","LA","New Iberia","70560","4","FALSE","ABO, NPI but not ENT Health","aboto_nppes_disagree_enthealth_missing","TRUE","(337) 365-4156","General","2026-06-01","TRUE","No-retired or no longer practicing medicine","Not applicable","No-but appointment offered with APP","2026-06-04","Complete","785","1497709307","TRUE","TRUE","337","LA","","valid","Rural","Not accepting: retired/left","With APP only","3","TRUE","FALSE","0.64","District 4","Southeast","0.7385","0.7509","0.616","0.6026","0.6701","29180","Lafayette, LA","Metropolitan Statistical Area","5","7.15","15943","4509","0.2828","4668.26232712188"
"48231","Walsh","Ripp","Thomas","TX","Greenville","75401","4","FALSE","ABO, NPI but not ENT Health","aboto_nppes_agree_enthealth_missing","TRUE","(903) 454-6481","General","2026-06-05","FALSE","","","","","Complete","786","1770515017","TRUE","TRUE","903","TX","","valid","Rural","","","","FALSE","","0.63","District 6","Central","0.8277","0.811","0.8249","0.6118","0.6868","19100","Dallas-Fort Worth-Arlington, TX","Metropolitan Statistical Area","3","2.95","20689","2729","0.1319","1622.88265198409"
"18177","Walsh","Jetmore","David","IN","Richmond","47374","4","FALSE","ABO, NPI but not ENT Health","aboto_nppes_agree_enthealth_missing","TRUE","(765) 966-1600","General","2026-06-05","TRUE","","","Not applicable, no appointment offered with anyone in practice","","Complete","787","1215939467","TRUE","TRUE","765","IN","","valid","Rural","","No appointment offered","","FALSE","FALSE","0.96","District 5","Midwest","0.5896","0.5931","0.6742","0.2643","0.5568","39980","Richmond, IN","Micropolitan Statistical Area","5","7.52","16441","3926","0.2388",""
"04019","Walsh","Parry","David","AZ","Tucson","85704","1","FALSE","ABO, NPI, ENT Health","aboto_enthealth_agree_nppes_disagree","TRUE","(520) 296-8500","Pediatrics","2026-06-05","TRUE","Yes","Yes","Yes","2026-07-10","Complete","788","1114990892","TRUE","TRUE","520","AZ","","valid","Urban","Accepting","With sampled physician","23","TRUE","TRUE","0.98","District 7","Mountain/Southwest","0.4834","0.3578","0.5088","0.4371","0.6384","46060","Tucson, AZ","Metropolitan Statistical Area","37","3.55","261020","44863","0.1719","2707.86375469015"
"33013","Walsh","Carwell","Mark","NH","Concord","03301","4","FALSE","ABO, NPI but not ENT Health","aboto_nppes_agree_enthealth_missing","TRUE","(603) 224-2353","General","2026-06-05","FALSE","","","","","Complete","789","1861462004","TRUE","TRUE","603","NH","","valid","Rural","","","","FALSE","","0.73","District 1","New England","0.5043","0.4774","0.4395","0.2436","0.6561","18180","Concord, NH","Micropolitan Statistical Area","10","6.5","39814","4267","0.1072",""
"06023","Walsh","Barkdull","Gregory","CA","Eureka","95501","4","FALSE","ABO, NPI, ENT Health","all_three_agree","TRUE","(707) 444-8863","General","2026-06-25","TRUE","Yes","Yes","Not applicable, no appointment offered with anyone in practice","2026-07-16","Complete","790","1962418806","TRUE","TRUE","707","CA","","valid","Rural","Accepting","No appointment offered","14","TRUE","FALSE","0.67","District 8","Pacific","0.7938","0.8044","0.6283","0.499","0.7513","21700","Eureka-Arcata, CA","Micropolitan Statistical Area","2","1.47","31070","8142","0.2621",""
"28081","Walsh","Berry","James","MS","Tupelo","38801","4","FALSE","ABO, NPI, ENT Health","all_three_agree","TRUE","(662) 844-6513","General","2026-06-02","TRUE","Yes","Yes","Yes","2026-07-01","Complete","791","1679688113","TRUE","TRUE","662","MS","","valid","Rural","Accepting","With sampled physician","20","TRUE","TRUE","0.93","District 4","Southeast","0.7316","0.6693","0.7046","0.6698","0.6841","46180","Tupelo, MS","Micropolitan Statistical Area","7","8.4","19025","4515","0.2373",""
"42121","Walsh","Maslov","Marc","PA","Seneca","16346","10","FALSE","ABO, NPI but not ENT Health","aboto_nppes_agree_enthealth_missing","TRUE","(814) 677-6381","General","2026-06-03","FALSE","","","","","Complete","792","1013977529","TRUE","TRUE","814","PA","","valid","Rural","","","","FALSE","","0.68","District 2","Middle Atlantic","0.6011","0.5729","0.6526","0.0772","0.6752","36340","Oil City, PA","Micropolitan Statistical Area","3","5.94","15050","2707","0.1799",""
"06037","Walsh","Talei","Benjamin","CA","Beverly Hills","90212","1","FALSE","ABO, NPI but not ENT Health","aboto_nppes_disagree_enthealth_missing","TRUE","(310) 288-0641","Facial Plastics","2026-06-05","TRUE","Yes","Yes","Yes","2025-07-16","Complete","793","1144472879","TRUE","TRUE","310","CA","","valid","Urban","Accepting","With sampled physician","","TRUE","TRUE","0.67","District 8","Pacific","0.4549","0.492","0.432","0.4759","0.4284","31080","Los Angeles-Long Beach-Anaheim, CA","Metropolitan Statistical Area","391","3.93","1680860","546396","0.3251","645.954567429514"
"36019","Walsh","Kim","Duck","NY","Plattsburgh","12901","4","FALSE","ABO, NPI, ENT Health","aboto_nppes_agree_enthealth_disagree","TRUE","(518) 563-8050","General","2026-06-24","TRUE","No-retired or no longer practicing medicine","Not applicable","No-but appointment offered with different physician","2027-01-15","Complete","794","1386858694","TRUE","TRUE","518","NY","","valid","Rural","Not accepting: retired/left","With different physician","140","TRUE","FALSE","0.76","District 2","Middle Atlantic","0.4831","0.4257","0.4543","0.1885","0.6817","38460","Plattsburgh, NY","Micropolitan Statistical Area","3","3.76","20343","5227","0.2569",""
"31019","Walsh","Klinginsmith","Michael","NE","Kearney","68845","4","FALSE","ABO, NPI, ENT Health","all_three_agree","TRUE","(308) 865-2277","General","2026-06-16","TRUE","Yes","Yes","Yes","2026-07-31","Complete","795","1700327954","TRUE","TRUE","308","NE","","valid","Rural","Accepting","With sampled physician","31","TRUE","TRUE","1.01","District 6","Central","0.4336","0.3948","0.4339","0.219","0.6139","28260","Kearney, NE","Micropolitan Statistical Area","3","5.99","9688","942","0.0972",""
"28049","Walsh","Jordan","James","MS","Jackson","39216","1","FALSE","ABO, NPI, ENT Health","all_three_agree","TRUE","(888) 815-2005","Facial Plastics","2026-06-05","TRUE","Yes","Yes","Yes","2026-07-10","Complete","796","1811968746","TRUE","TRUE","888","toll-free","","valid","Urban","Accepting","With sampled physician","23","TRUE","TRUE","0.93","District 4","Southeast","0.4933","0.5172","0.3308","0.386","0.595","27140","Jackson, MS","Metropolitan Statistical Area","21","9.27","45271","12739","0.2814","2755.85081301782"
"06085","Walsh","Lee","Edward","CA","Los Altos","94022","1","FALSE","ABO, NPI, ENT Health","all_three_agree","TRUE","(650) 967-1770","Facial Plastics","2026-06-05","TRUE","Yes","Yes","Yes","2026-06-08","Complete","797","1326044595","TRUE","TRUE","650","CA","","valid","Urban","Accepting","With sampled physician","1","TRUE","TRUE","0.67","District 8","Pacific","0.1532","0.032","0.3771","0.6387","0.3039","41940","San Jose-Sunnyvale-Santa Clara, CA","Metropolitan Statistical Area","133","6.94","306874","70635","0.2302","2149.93630005899"
"20173","Walsh","Regehr","Randall","KS","Wichita","67206","1","FALSE","ABO, NPI, ENT Health","all_three_agree","TRUE","(316) 274-4680","General","2026-06-05","TRUE","Yes","Yes","Yes","2026-06-11","Complete","798","1215972724","TRUE","TRUE","316","KS","","valid","Urban","Accepting","With sampled physician","4","TRUE","TRUE","0.69","District 6","Central","0.3792","0.3197","0.4802","0.4","0.4722","48620","Wichita, KS","Metropolitan Statistical Area","18","3.44","101698","13530","0.133","3951.50624971537"
"06037","Walsh","Anwar","Abbas","CA","Santa Monica","90404","1","FALSE","ABO, NPI but not ENT Health","aboto_nppes_agree_enthealth_missing","TRUE","(310) 829-7792","General","2026-06-16","FALSE","","","","","Complete","799","1912267691","TRUE","TRUE","310","CA","","valid","Urban","","","","FALSE","","0.67","District 8","Pacific","0.7134","0.6288","0.4577","0.6792","0.8212","31080","Los Angeles-Long Beach-Anaheim, CA","Metropolitan Statistical Area","391","3.93","1680860","546396","0.3251","645.954567429514"
"34031","Walsh","Scher","Daniel","NJ","Wayne","07470","1","FALSE","ABO, NPI, ENT Health","all_three_agree","TRUE","(973) 633-0808","General","2026-06-03","TRUE","Yes","Yes","Yes","2026-06-05","Complete","800","1912946583","TRUE","TRUE","973","NJ","","valid","Urban","Accepting","With sampled physician","2","TRUE","TRUE","0.61","District 2","Middle Atlantic","0.2745","0.2183","0.3656","0.4139","0.3733","35620","New York-Newark-Jersey City, NY-NJ-PA","Metropolitan Statistical Area","18","3.46","91852","19445","0.2117","675.82644634067"
"21067","Walsh","Gupta","Nikita","KY","Lexington","40536","1","FALSE","ABO, NPI, ENT Health","all_three_agree","TRUE","(859) 257-5405","Facial Plastics","2026-06-25","TRUE","Yes","Yes","Not applicable, no appointment offered with anyone in practice","","Complete","801","1356633150","TRUE","TRUE","859","KY","","valid","Urban","Accepting","No appointment offered","","FALSE","FALSE","0.69","District 4","Southeast","0.2182","0.6595","0.0049","0.3778","0.3608","30460","Lexington-Fayette, KY","Metropolitan Statistical Area","35","10.89","55227","7274","0.1317","3358.29569854849"
"19033","Walsh","Lee","Daniel","IA","Mason City","50401","4","TRUE","ABO, NPI, ENT Health","all_three_agree","TRUE","(641) 494-5200","General","2026-06-03","TRUE","Yes","Yes","Yes","2026-06-29","Complete","802","1336599679","TRUE","TRUE","641","IA","","valid","Rural","Accepting","With sampled physician","17","TRUE","TRUE","0.77","District 5","Midwest","0.3639","0.3115","0.4238","0.1935","0.5469","32380","Mason City, IA","Micropolitan Statistical Area","5","11.63","12020","1615","0.1344",""
"06111","Walsh","Edison","John","CA","Ventura","93003","1","FALSE","ABO, NPI but not ENT Health","aboto_nppes_agree_enthealth_missing","TRUE","(805) 648-3081","General","2026-06-03","TRUE","No-not specified why","Not applicable","No-but appointment offered with different physician","2026-06-18","Complete","803","1134116643","TRUE","TRUE","805","CA","","valid","Urban","Not accepting: unspecified","With different physician","11","TRUE","FALSE","0.67","District 8","Pacific","0.5588","0.4431","0.5609","0.5848","0.6328","37100","Oxnard-Thousand Oaks-Ventura, CA","Metropolitan Statistical Area","28","3.33","174151","30100","0.1728","2136.38778047972"
"17195","Walsh","Bruce","David","IL","Sterling","61081","4","FALSE","ABO, NPI but not ENT Health","aboto_nppes_disagree_enthealth_missing","TRUE","(815) 625-4790","General","2026-06-05","TRUE","No-not specified why","Not applicable","No-but appointment offered with different physician","2026-08-21","Complete","804","1003998550","TRUE","TRUE","815","IL","","valid","Rural","Not accepting: unspecified","With different physician","53","TRUE","FALSE","0.63","District 5","Midwest","0.4793","0.4241","0.6906","0.4222","0.4141","44580","Sterling, IL","Micropolitan Statistical Area","4","7.2","14610","2187","0.1497",""
"36077","Walsh","Redd","Elizabeth","NY","Cooperstown","13326","10","FALSE","ABO, NPI, ENT Health","all_three_agree","TRUE","(607) 547-3279","Otology/neurotology","2026-06-03","TRUE","Yes","Yes","Yes","","Complete","805","1760446116","TRUE","TRUE","607","NY","","valid","Rural","Accepting","With sampled physician","","FALSE","TRUE","0.76","District 2","Middle Atlantic","0.3179","0.2937","0.2522","0.1616","0.6026","36580","Oneonta, NY","Micropolitan Statistical Area","6","10.05","15473","3421","0.2211",""
"35009","Walsh","Rowley","Nicholas","NM","Clovis","88101","4","FALSE","ABO, NPI but not ENT Health","aboto_nppes_agree_enthealth_missing","TRUE","(505) 762-3385","General","2026-06-03","","","","","","Complete","806","1528040268","TRUE","TRUE","505","NM","","valid","Rural","","","","FALSE","","1.21","District 7","Mountain/Southwest","0.6951","0.7017","0.7264","0.6962","0.557","17580","Clovis, NM","Micropolitan Statistical Area","1","2.07","7884","2225","0.2822",""
"05045","Walsh","Fraley","Patrick","AR","Conway","72034","1","FALSE","ABO, NPI, ENT Health","all_three_agree","TRUE","(501) 932-7600","General","2026-06-03","TRUE","Yes","Yes","Yes","2026-07-27","Complete","807","1376623165","TRUE","TRUE","501","AR","","valid","Urban","Accepting","With sampled physician","36","TRUE","TRUE","0.76","District 6","Central","0.4353","0.4741","0.2356","0.4171","0.6174","30780","Little Rock-North Little Rock-Conway, AR","Metropolitan Statistical Area","5","4.01","23545","3331","0.1415","2523.21985991326"
"47051","Walsh","Kuo","Timothy","TN","Winchester","37398","4","FALSE","ABO, NPI, ENT Health","all_three_agree","TRUE","(931) 962-0374","Facial Plastics","2026-06-03","TRUE","Yes","Yes","Yes","2026-06-10","Complete","808","1033101878","TRUE","TRUE","931","TN","","valid","Rural","Accepting","With sampled physician","5","TRUE","TRUE","","District 4","Southeast","0.5766","0.5449","0.7004","0.2621","0.5604","46100","Tullahoma-Manchester, TN","Micropolitan Statistical Area","1","2.33","11075","1494","0.1349",""
"06059","Walsh","Kim","Michael","CA","Los Alamitos","90720","1","FALSE","ABO, NPI, ENT Health","all_three_agree","TRUE","(562) 430-6065","Facial Plastics","2026-06-11","TRUE","Yes","Yes","Yes","2026-06-26","Complete","809","1437198678","TRUE","TRUE","562","CA","","valid","Urban","Accepting","With sampled physician","10","TRUE","TRUE","0.67","District 8","Pacific","0.3871","0.3324","0.5496","0.6219","0.3679","31080","Los Angeles-Long Beach-Anaheim, CA","Metropolitan Statistical Area","101","3.18","591778","128882","0.2178","645.954567429514"
"12001","Walsh","Brown","Jimmy","FL","Gainesville","32610","1","FALSE","ABO, NPI but not ENT Health","aboto_nppes_agree_enthealth_missing","TRUE","(352) 265-9465","Facial Plastics","2026-06-15","TRUE","Yes","Yes","No-but appointment offered with different physician","2026-08-18","Complete","810","1508974395","TRUE","TRUE","352","FL","","valid","Urban","Accepting","With different physician","44","TRUE","FALSE","0.64","District 4","Southeast","0.3355","0.6335","0.0019","0.5565","0.765","23540","Gainesville, FL","Metropolitan Statistical Area","33","11.8","53801","8329","0.1548","5233.02361815472"
"19191","Walsh","Remington","William","IA","Decorah","52101","7","FALSE","ABO, NPI, ENT Health","all_three_agree","TRUE","(563) 382-2911","General","2026-06-03","TRUE","Yes","Yes","Yes","2026-08-19","Complete","811","1730183104","TRUE","TRUE","563","IA","","valid","Rural","Accepting","With sampled physician","53","TRUE","TRUE","0.77","District 5","Midwest","0.2824","0.2046","0.3645","0.0859","0.6091","","","","1","4.99","5379","380","0.0706",""
"17089","Walsh","Been","Mark","IL","Geneva","60134","1","TRUE","ABO, NPI, ENT Health","all_three_agree","TRUE","(630) 492-1226","Facial Plastics","2026-06-03","TRUE","Yes","Yes","Yes","2026-08-19","Complete","812","1285808246","TRUE","TRUE","630","IL","","valid","Urban","Accepting","With sampled physician","53","TRUE","TRUE","0.63","District 5","Midwest","0.1346","0.1341","0.2297","0.2421","0.2959","16980","Chicago-Naperville-Elgin, IL-IN-WI","Metropolitan Statistical Area","17","3.29","92155","11283","0.1224","984.990361026572"
"51165","Walsh","Bergman","Kenneth","VA","Elkton","22827","2","FALSE","ABO, NPI but not ENT Health","aboto_nppes_agree_enthealth_missing","TRUE","(571) 246-7223","General","2026-06-11","FALSE","","","","","Complete","813","1659349447","TRUE","TRUE","571","VA","","valid","Urban","","","","FALSE","","0.83","District 3","Mid-Atlantic/Southeast","0.4162","0.4281","0.4378","0.1816","0.5143","25500","Harrisonburg, VA","Metropolitan Statistical Area","6","7.15","19078","1585","0.0831","10000"
"20015","Walsh","Shank","Eve","KS","El Dorado","67042","4","TRUE","ABO, NPI but not ENT Health","aboto_nppes_agree_enthealth_missing","TRUE","(316) 321-8762","General","2026-06-05","FALSE","","","","","Complete","814","1609951367","TRUE","TRUE","316","KS","","valid","Rural","","","","FALSE","","0.69","District 6","Central","0.4613","0.4429","0.3943","0.2041","0.6358","48620","Wichita, KS","Metropolitan Statistical Area","1","1.48","13991","1327","0.0948","3951.50624971537"
"29077","Walsh","Allphin","Allan","MO","Springfield","65804","1","FALSE","ABO, NPI, ENT Health","all_three_agree","TRUE","(417) 820-5750","General","2026-06-03","TRUE","No-retired or no longer practicing medicine","Not applicable","No-but appointment offered with different physician","2026-06-20","Complete","815","1538246723","TRUE","TRUE","417","MO","","valid","Urban","Not accepting: retired/left","With different physician","11","TRUE","FALSE","0.86","District 6","Central","0.369","0.4043","0.3448","0.1593","0.5295","44180","Springfield, MO","Metropolitan Statistical Area","15","5.01","64287","9490","0.1476","4694.06598649053"
"29023","Walsh","Bosley","Carl","MO","Poplar Bluff","63901","4","FALSE","ABO, NPI but not ENT Health","aboto_nppes_agree_enthealth_missing","TRUE","(573) 785-5544","General","2026-06-03","FALSE","","","","","Complete","816","1942312921","TRUE","TRUE","573","MO","","valid","Rural","","","","FALSE","","0.86","District 6","Central","0.6588","0.7085","0.5705","0.2531","0.6657","38740","Poplar Bluff, MO","Micropolitan Statistical Area","3","7.1","10864","2675","0.2462",""
"21067","Walsh","Pruden","Samuel","KY","Lexington","40513","1","FALSE","ABO, NPI but not ENT Health","aboto_nppes_agree_enthealth_missing","TRUE","(859) 296-7546","General","","FALSE","No-not specified why","","","","Complete","817","1871593996","TRUE","TRUE","859","KY","","valid","Urban","Not accepting: unspecified","","","FALSE","","0.69","District 4","Southeast","0.2015","0.026","0.3189","0.4115","0.6029","30460","Lexington-Fayette, KY","Metropolitan Statistical Area","35","10.89","55227","7274","0.1317","3358.29569854849"
"37189","Walsh","Voglewede","Andrew","NC","Boone","28607","4","FALSE","ABO, NPI, ENT Health","all_three_agree","TRUE","(828) 264-4545","General","2026-06-03","TRUE","Yes","Yes","Yes","2026-06-10","Complete","818","1699905315","TRUE","TRUE","828","NC","","valid","Rural","Accepting","With sampled physician","5","TRUE","TRUE","0.82","District 3","Mid-Atlantic/Southeast","0.4955","0.747","0.0965","0.1554","0.717","14380","Boone, NC","Micropolitan Statistical Area","5","9.17","9985","944","0.0945",""
"09015","Walsh","Green","Steven","CT","Willimantic","06226","4","FALSE","ABO, NPI, ENT Health","all_three_agree","TRUE","(860) 928-7330","General","2026-06-03","TRUE","Yes","Yes","Yes","2026-06-10","Complete","819","1942236989","TRUE","TRUE","860","CT","","valid","Rural","Accepting","With sampled physician","5","TRUE","TRUE","0.79","District 1","New England","","","","","","49340","Worcester, MA-CT","Metropolitan Statistical Area","","","","","","5708.89732723838"
"33009","Walsh","Little","Ryan","NH","Lebanon","03756","4","FALSE","ABO, NPI, ENT Health","all_three_agree","TRUE","(603) 650-8123","Rhinology","2026-06-24","TRUE","Yes","Yes","Yes","2026-07-20","Complete","820","1679990808","TRUE","TRUE","603","NH","","valid","Rural","Accepting","With sampled physician","17","TRUE","TRUE","0.73","District 1","New England","","","","","","30100","Lebanon, NH-VT","Micropolitan Statistical Area","16","17.61","25085","1968","0.0785",""
"13137","Walsh","Spoden","James","GA","Demorest","30535","10","FALSE","ABO, NPI but not ENT Health","aboto_nppes_agree_enthealth_missing","TRUE","(706) 754-2161","General","2026-06-03","TRUE","No-retired or no longer practicing medicine","","","","Complete","821","1679503833","TRUE","TRUE","706","GA","","valid","Rural","Not accepting: retired/left","","","FALSE","","0.83","District 4","Southeast","0.6017","0.5636","0.7082","0.2406","0.6186","18460","Cornelia, GA","Micropolitan Statistical Area","1","2.16","11249","2002","0.178",""
"50027","Walsh","Ryder","Christopher","VT","Springfield","05156","7","FALSE","ABO, NPI, ENT Health","all_three_agree","TRUE","(802) 886-1775","General","2026-06-03","TRUE","Yes","Yes","Yes","2026-07-14","Complete","822","1063436921","TRUE","TRUE","802","VT","","valid","Rural","Accepting","With sampled physician","27","TRUE","TRUE","0.87","District 1","New England","0.5269","0.4204","0.3376","0.0756","0.8699","30100","Lebanon, NH-VT","Micropolitan Statistical Area","3","5.19","17203","2424","0.1409",""
"39171","Walsh","Nosanov","Michael","OH","Bryan","43506","7","FALSE","ABO, NPI, ENT Health","all_three_agree","TRUE","(419) 633-7389","General","2026-06-11","TRUE","No-not specified why","Not applicable","Not applicable, no appointment offered with anyone in practice","","Complete","823","1154385805","TRUE","TRUE","419","OH","","valid","Rural","Not accepting: unspecified","No appointment offered","","FALSE","FALSE","0.63","District 5","Midwest","0.3765","0.3476","0.5218","0.1105","0.5148","","","","1","2.7","9366","1196","0.1277",""
"51041","Walsh","Robertson","Thomas","VA","Richmond","23236","1","FALSE","ABO, NPI, ENT Health","all_three_agree","TRUE","(804) 484-3700","General","2026-06-03","TRUE","Yes","Yes","Yes","2026-06-15","Complete","824","1699743773","TRUE","TRUE","804","VA","","valid","Urban","Accepting","With sampled physician","8","TRUE","TRUE","0.83","District 3","Mid-Atlantic/Southeast","0.197","0.2219","0.5078","0.4857","0.0957","40060","Richmond, VA","Metropolitan Statistical Area","20","5.46","74737","6160","0.0824","3469.11090994698"
"55095","Walsh","Ruegemer","Joseph","WI","Saint Croix Falls","54024","10","FALSE","ABO, NPI but not ENT Health","aboto_nppes_agree_enthealth_missing","TRUE","(715) 483-3221","General","2026-06-03","TRUE","No-not specified why","Not applicable","Not applicable, no appointment offered with anyone in practice","","Complete","825","1609856012","TRUE","TRUE","715","WI","","valid","Rural","Not accepting: unspecified","No appointment offered","","FALSE","FALSE","0.66","District 5","Midwest","0.4785","0.5062","0.4507","0.0457","0.6209","","","","1","2.22","12821","1420","0.1108",""
"12015","Walsh","Marmol","Luis","FL","Port Charlotte","33952","1","FALSE","ABO, NPI, ENT Health","all_three_agree","TRUE","(941) 235-1901","General","2026-06-11","TRUE","Yes","Yes","Yes","2026-08-26","Complete","826","1063442606","TRUE","TRUE","941","FL","","valid","Urban","Accepting","With sampled physician","52","TRUE","TRUE","0.64","District 4","Southeast","0.5913","0.6884","0.6885","0.3918","0.3486","39460","Punta Gorda, FL","Metropolitan Statistical Area","5","2.63","80099","6255","0.0781","4019.27619507729"
"29145","Walsh","Singleton","Marvin","MO","Seneca","64865","10","FALSE","ABO, NPI but not ENT Health","aboto_nppes_agree_enthealth_missing","TRUE","(417) 781-6880","General","2026-06-03","","","","","","Complete","827","1972681880","TRUE","TRUE","417","MO","","valid","Rural","","","","FALSE","","0.86","District 6","Central","0.573","0.5576","0.5824","0.3027","0.6199","27900","Joplin, MO","Metropolitan Statistical Area","1","1.69","12492","1786","0.143","5004.6618187854"
"16055","Walsh","DeTar","Thomas","ID","Post Falls","83854","1","FALSE","ABO, NPI, ENT Health","all_three_agree","TRUE","(208) 777-1320","General","2026-06-03","TRUE","Yes","Yes","Yes","2026-07-14","Complete","828","1548265028","TRUE","TRUE","208","ID","","valid","Urban","Accepting","With sampled physician","27","TRUE","TRUE","0.94","District 8","Pacific","0.5592","0.5707","0.4504","0.1977","0.6971","17660","Coeur d'Alene, ID","Metropolitan Statistical Area","9","5.19","47413","5095","0.1075","9003.75299466606"
"42051","Walsh","Oliverio","Anthony","PA","Uniontown","15401","4","FALSE","ABO, NPI but not ENT Health","aboto_nppes_agree_enthealth_missing","TRUE","(724) 439-1060","General","2026-06-05","TRUE","Yes","Yes","Yes","2026-06-15","Complete","829","1770691875","TRUE","TRUE","724","PA","","valid","Rural","Accepting","With sampled physician","6","TRUE","TRUE","0.68","District 2","Middle Atlantic","0.5342","0.5214","0.528","0.2184","0.6523","38300","Pittsburgh, PA","Metropolitan Statistical Area","2","1.56","36466","7699","0.2111","2891.96306455552"
"06089","Walsh","Campanelli","Joseph","CA","Redding","96001","1","FALSE","ABO, NPI but not ENT Health","aboto_nppes_agree_enthealth_missing","TRUE","(530) 242-3580","General","2026-06-11","TRUE","Yes","Yes","Yes","2026-10-12","Complete","830","1487690749","TRUE","TRUE","530","CA","","valid","Urban","Accepting","With sampled physician","83","TRUE","TRUE","0.67","District 8","Pacific","0.5973","0.5515","0.669","0.3354","0.5886","39820","Redding, CA","Metropolitan Statistical Area","6","3.3","49237","11880","0.2413","5534.88948894932"
"34007","Walsh","Kim","Luke","NJ","Voorhees","08043","1","FALSE","ABO, NPI but not ENT Health","aboto_nppes_agree_enthealth_missing","TRUE","(856) 772-1617","General","2026-06-03","TRUE","Yes","Yes","Yes","2026-06-26","Complete","831","1396158069","TRUE","TRUE","856","NJ","","valid","Urban","Accepting","With sampled physician","16","TRUE","TRUE","0.61","District 2","Middle Atlantic","0.3842","0.3307","0.44","0.5269","0.4725","37980","Philadelphia-Camden-Wilmington, PA-NJ-DE-MD","Metropolitan Statistical Area","20","3.83","105158","17529","0.1667","1307.1063181523"
"18179","Walsh","Lai","Amy","IN","Bluffton","46714","4","FALSE","ABO, NPI, ENT Health","all_three_agree","TRUE","(260) 827-4368","General","2026-06-03","TRUE","No-retired or no longer practicing medicine","Not applicable","Not applicable, no appointment offered with anyone in practice","","Complete","832","1679565501","TRUE","TRUE","260","IN","","valid","Rural","Not accepting: retired/left","No appointment offered","","FALSE","FALSE","0.96","District 5","Midwest","0.4113","0.3835","0.5333","0.1346","0.5045","14160","Bluffton, IN","Micropolitan Statistical Area","1","3.55","6677","986","0.1477",""
"06045","Walsh","Zhang","Qi","CA","Ukiah","95482","4","FALSE","ABO, NPI but not ENT Health","aboto_nppes_agree_enthealth_missing","TRUE","(707) 462-8855","General","2026-06-11","FALSE","","","","","Complete","833","1194085324","TRUE","TRUE","707","CA","","valid","Rural","","","","FALSE","","0.67","District 8","Pacific","0.8473","0.7329","0.9397","0.6044","0.7605","46380","Ukiah, CA","Micropolitan Statistical Area","3","3.29","24224","6508","0.2687",""
"55075","Walsh","Gossman","David","WI","Marinette","54143","4","FALSE","ABO, NPI, ENT Health","all_three_agree","TRUE","(715) 735-3187","General","2026-06-03","TRUE","Yes","Yes","Yes","2026-06-04","Complete","834","1508083692","TRUE","TRUE","715","WI","","valid","Rural","Accepting","With sampled physician","1","TRUE","TRUE","0.66","District 5","Midwest","0.3367","0.2811","0.3837","0.0701","0.5504","31940","Marinette, WI-MI","Micropolitan Statistical Area","1","2.39","13875","1902","0.1371",""
"26073","Walsh","Chomchai","Joe","MI","Mount Pleasant","48858","4","FALSE","ABO, NPI but not ENT Health","aboto_nppes_disagree_enthealth_missing","TRUE","(989) 772-6848","General","2026-06-05","TRUE","Yes","Yes","","2027-01-28","Complete","835","1568423986","TRUE","TRUE","989","MI","","valid","Rural","Accepting","","160","TRUE","","0.76","District 5","Midwest","0.4861","0.631","0.1996","0.2876","0.6404","34380","Mount Pleasant, MI","Micropolitan Statistical Area","1","1.54","12217","2024","0.1657",""
"19167","Walsh","Korver","Kurtis","IA","Orange City","51041","7","FALSE","ABO, NPI but not ENT Health","aboto_nppes_agree_enthealth_missing","TRUE","(712) 707-9585","General","2026-06-05","FALSE","No-not specified why","Not applicable","Not applicable, no appointment offered with anyone in practice","","Complete","836","1356451421","TRUE","TRUE","712","IA","","valid","Rural","Not accepting: unspecified","No appointment offered","","FALSE","FALSE","0.77","District 5","Midwest","0.1965","0.1671","0.1613","0.108","0.5802","","","","1","2.79","6712","533","0.0794",""
"27007","Walsh","Riley","David","MN","Bemidji","56601","5","FALSE","ABO, NPI but not ENT Health","aboto_nppes_agree_enthealth_missing","TRUE","(218) 751-5430","General","2026-06-05","TRUE","No-not specified why","Not applicable","Not applicable, no appointment offered with anyone in practice","","Complete","837","1649245838","TRUE","TRUE","218","MN","","valid","Rural","Not accepting: unspecified","No appointment offered","","FALSE","FALSE","0.74","District 5","Midwest","0.5293","0.4401","0.4221","0.3364","0.7325","13420","Bemidji, MN","Micropolitan Statistical Area","1","2.16","10305","1566","0.152",""
"18163","Walsh","Ellsperman","Susan","IN","Evansville","47710","1","FALSE","ABO, NPI, ENT Health","aboto_enthealth_agree_nppes_disagree","TRUE","(812) 425-2646","Otology/neurotology","2026-06-05","TRUE","Yes","Yes","Not applicable, no appointment offered with anyone in practice","","Complete","838","1760918080","TRUE","TRUE","812","IN","","valid","Urban","Accepting","No appointment offered","","FALSE","FALSE","0.96","District 5","Midwest","0.5849","0.5962","0.6496","0.2416","0.5583","21780","Evansville, IN-KY","Metropolitan Statistical Area","15","8.34","40266","7458","0.1852","6240.39003158306"
"12083","Walsh","Thomason","Thomas","FL","Ocala","34471","1","FALSE","ABO, NPI, ENT Health","all_three_agree","TRUE","(352) 732-5042","General","","","No-retired or no longer practicing medicine","Not applicable","Not applicable, no appointment offered with anyone in practice","","Complete","839","1396895835","TRUE","TRUE","352","FL","","valid","Urban","Not accepting: retired/left","No appointment offered","","FALSE","FALSE","0.64","District 4","Southeast","0.6366","0.6165","0.66","0.476","0.57","36100","Ocala, FL","Metropolitan Statistical Area","7","1.85","134640","18249","0.1355","5403.45864682102"
"47093","Walsh","Sandberg","Ronald","TN","Powell","37849","1","FALSE","ABO, NPI but not ENT Health","aboto_nppes_agree_enthealth_missing","TRUE","(865) 521-8050","General","2026-06-05","TRUE","No-not specified why","Not applicable","No-but appointment offered with different physician","2026-06-08","Complete","840","1184708455","TRUE","TRUE","865","TN","","valid","Urban","Not accepting: unspecified","With different physician","1","TRUE","FALSE","","District 4","Southeast","0.3552","0.3605","0.4756","0.1419","0.4269","28940","Knoxville, TN","Metropolitan Statistical Area","28","5.82","98526","13174","0.1337","3209.78328919957"
"25025","na","Chen","Jenny","MA","Boston","02114","1","FALSE","ABO, NPI but no ENTHealth","aboto_nppes_disagree_enthealth_missing","TRUE","(617) 573-3793","General","2026-07-02","TRUE","No-changed practices","Not applicable","Not applicable, no appointment offered with anyone in practice","","Complete","841","1265896534","TRUE","TRUE","617","MA","","valid","Urban","Not accepting: changed practice","No appointment offered","","FALSE","FALSE","0.74","District 1","New England","0.2774","0.1946","0.0349","0.4188","0.7336","14460","Boston-Cambridge-Newton, MA-NH","Metropolitan Statistical Area","139","17.7","113713","50389","0.4431","2023.04610416402"
"17029","na","Gorman","Mary","IL","Mattoon","61938","4","FALSE","ABO, NPI but no ENTHealth","aboto_nppes_agree_enthealth_missing","TRUE","(217) 258-2409","General","2026-07-02","TRUE","Yes","Yes","Yes","","Complete","842","1063636041","TRUE","TRUE","217","IL","","valid","Rural","Accepting","With sampled physician","","FALSE","TRUE","0.63","District 5","Midwest","0.5626","0.5946","0.5307","0.102","0.6363","16660","Charleston-Mattoon, IL","Micropolitan Statistical Area","5","10.62","10526","2090","0.1986",""
"06061","na","Cavallo","Dennis","CA","Auburn","95602","4","FALSE","ABO, NPI but no ENTHealth","aboto_nppes_agree_enthealth_missing","TRUE","(530) 878-1804","General","2026-07-02","FALSE","","","","","Complete","843","1730522376","TRUE","TRUE","530","CA","","valid","Rural","","","","FALSE","","0.67","District 8","Pacific","0.4077","0.3312","0.3723","0.345","0.586","40900","Sacramento-Roseville-Folsom, CA","Metropolitan Statistical Area","20","4.92","100299","10917","0.1088","2489.35220182737"
"06073","na","Pransky","Seth","CA","San Diego","92123","1","FALSE","ABO, NPI but no ENTHealth","aboto_nppes_agree_enthealth_missing","TRUE","(858) 625-0809","Pediatrics","2026-07-02","TRUE","Yes","Yes","Yes","2026-07-08","Complete","844","1669543427","TRUE","TRUE","858","CA","","valid","Urban","Accepting","With sampled physician","3","TRUE","TRUE","0.67","District 8","Pacific","0.5205","0.4953","0.3447","0.7013","0.6134","41740","San Diego-Chula Vista-Carlsbad, CA","Metropolitan Statistical Area","162","4.92","611811","126952","0.2075","2224.8729430868"
"47031","na","Marvel","Jeffrey","TN","Tullahoma","37388","4","FALSE","ABO, NPI but no ENTHealth","aboto_nppes_agree_enthealth_missing","TRUE","(931) 563-1081","Facial Plastics","2026-07-02","TRUE","No-retired or no longer practicing medicine","Not applicable","No-but appointment offered with different physician","2026-07-22","Complete","845","1740285063","TRUE","TRUE","931","TN","","valid","Rural","Not accepting: retired/left","With different physician","13","TRUE","FALSE","","District 4","Southeast","0.5413","0.5262","0.6645","0.225","0.5188","46100","Tullahoma-Manchester, TN","Micropolitan Statistical Area","2","3.44","14229","2308","0.1622",""
"37049","na","MacDonald","Henry","NC","New Bern","28562","4","FALSE","ABO, NPI but no ENTHealth","aboto_nppes_agree_enthealth_missing","TRUE","(252) 638-2515","General","2026-07-02","TRUE","Yes","Yes","Yes","","Complete","846","1992744791","TRUE","TRUE","252","NC","","valid","Rural","Accepting","With sampled physician","","FALSE","TRUE","0.82","District 3","Mid-Atlantic/Southeast","0.4743","0.3847","0.5078","0.4421","0.562","35100","New Bern, NC","Metropolitan Statistical Area","10","9.89","28064","3603","0.1284",""
"42111","na","Boyer","Edward","PA","Hooversville","15936","10","FALSE","ABO, NPI but no ENTHealth","aboto_nppes_disagree_enthealth_missing","TRUE","(281) 482-6330","General","2026-07-02","FALSE","","","","","Complete","847","1720388648","TRUE","TRUE","281","TX","","valid","Rural","","","","FALSE","","0.68","District 2","Middle Atlantic","0.3526","0.3678","0.5264","0.0475","0.4304","43740","Somerset, PA","Micropolitan Statistical Area","1","1.35","20840","2906","0.1394",""
"48201","na","Berman","Joel","TX","Webster","77598","1","FALSE","ABO, NPI but no ENTHealth","aboto_nppes_agree_enthealth_missing","TRUE","(281) 332-4575","Head and Neck Cancer","2026-07-02","TRUE","No-retired or no longer practicing medicine","Not applicable","No-but appointment offered with different physician","2026-08-03","Complete","848","1164593307","TRUE","TRUE","281","TX","","valid","Urban","Not accepting: retired/left","With different physician","21","TRUE","FALSE","0.63","District 6","Central","0.616","0.6938","0.4989","0.7024","0.463","26420","Houston-The Woodlands-Sugar Land, TX","Metropolitan Statistical Area","229","4.85","649936","101124","0.1556","2267.03553574242"
"06017","na","Rice","Reginald","CA","Placerville","95667","4","FALSE","ABO, NPI but no ENTHealth","aboto_nppes_disagree_enthealth_missing","TRUE","(916) 269-9791","Facial Plastics","2026-07-02","TRUE","Yes","Yes","Yes","","Complete","849","1710936976","TRUE","TRUE","916","CA","","valid","Rural","Accepting","With sampled physician","","FALSE","TRUE","0.67","District 8","Pacific","0.4962","0.4396","0.4763","0.3443","0.6168","40900","Sacramento-Roseville-Folsom, CA","Metropolitan Statistical Area","4","2.09","51478","5968","0.1159","2489.35220182737"
"17029","na","Borovik","Harry","IL","Mattoon","61938","4","FALSE","ABO, NPI but no ENTHealth","aboto_nppes_agree_enthealth_missing","TRUE","(217) 258-2409","General","","","","","","","Incomplete","850","1780767681","TRUE","TRUE","217","IL","","valid","Rural","","","","FALSE","","0.63","District 5","Midwest","0.5626","0.5946","0.5307","0.102","0.6363","16660","Charleston-Mattoon, IL","Micropolitan Statistical Area","5","10.62","10526","2090","0.1986",""
"06097","na","Pettit","Charles","CA","Sonoma","95476","4","FALSE","ABO, NPI but no ENTHealth","aboto_nppes_disagree_enthealth_missing","","","","","","","","","","Incomplete","851","1326183583","TRUE","FALSE","","","","missing","Rural","","","","FALSE","","0.67","District 8","Pacific","0.5398","0.4316","0.5805","0.4963","0.621","42220","Santa Rosa-Petaluma, CA","Metropolitan Statistical Area","20","4.09","120353","17181","0.1428","3292.40874244942"
"17183","na","Goel","Naresh","IL","Danville","61832","4","FALSE","ABO, NPI but no ENTHealth","aboto_nppes_agree_enthealth_missing","","","","","","","","","","Incomplete","852","1780624320","TRUE","FALSE","","","","missing","Rural","","","","FALSE","","0.63","District 5","Midwest","0.6925","0.6573","0.7211","0.5019","0.6401","19180","Danville, IL","Metropolitan Statistical Area","1","1.35","17829","3690","0.207",""
"48439","na","Saman","Masoud","TX","Fort Worth","76104","1","FALSE","ABO, NPI but no ENTHealth","aboto_nppes_agree_enthealth_missing","","","","","","","","","","Incomplete","853","1831416932","TRUE","FALSE","","","","missing","Urban","","","","FALSE","","0.63","District 6","Central","0.8539","0.8749","0.6929","0.8201","0.6996","19100","Dallas-Fort Worth-Arlington, TX","Metropolitan Statistical Area","49","2.32","317742","39322","0.1238","1622.88265198409"
"36055","na","Ritter","Beth","NY","Rochester","14618","1","FALSE","ABO, NPI but no ENTHealth","aboto_nppes_agree_enthealth_missing","","","","","","","","","","Incomplete","854","1669185120","TRUE","FALSE","","","","missing","Urban","","","","FALSE","","0.76","District 2","Middle Atlantic","0.2577","0.2008","0.2928","0.3711","0.4629","40380","Rochester, NY","Metropolitan Statistical Area","44","5.82","173591","38043","0.2192","4802.72667414952"
"36077","na","Sweet","John","NY","Oneonta","13820","4","FALSE","ABO, NPI but no ENTHealth","aboto_nppes_agree_enthealth_missing","","","","","","","","","","Incomplete","855","1780751156","TRUE","FALSE","","","","missing","Rural","","","","FALSE","","0.76","District 2","Middle Atlantic","0.4002","0.4232","0.3469","0.2506","0.5915","36580","Oneonta, NY","Micropolitan Statistical Area","6","10.05","15473","3421","0.2211",""
"45055","na","Boone","Brian","SC","Lugoff","29078","4","FALSE","ABO, NPI but no ENTHealth","aboto_nppes_agree_enthealth_missing","","","","","","","","","","Incomplete","856","1821309683","TRUE","FALSE","","","","missing","Rural","","","","FALSE","","0.89","District 4","Southeast","0.4223","0.4703","0.4683","0.4457","0.3752","17900","Columbia, SC","Metropolitan Statistical Area","6","9.12","17933","2683","0.1496","3943.47423550414"
"26025","na","Bizon","John","MI","Battle Creek","49015","1","FALSE","ABO, NPI but no ENTHealth","aboto_nppes_agree_enthealth_missing","","","","","","","","","","Incomplete","857","1467401745","TRUE","FALSE","","","","missing","Urban","","","","FALSE","","0.76","District 5","Midwest","0.4779","0.4425","0.6593","0.4224","0.4494","12980","Battle Creek, MI","Metropolitan Statistical Area","4","2.98","31776","6097","0.1919","5900.14998093949"
"33001","na","Stark","James","NH","Laconia","03246","4","FALSE","ABO, NPI but no ENTHealth","aboto_nppes_agree_enthealth_missing","","","","","","","","","","Incomplete","858","1356309561","TRUE","FALSE","","","","missing","Rural","","","","FALSE","","0.73","District 1","New England","0.6125","0.5057","0.6621","0.1071","0.8016","29060","Laconia, NH","Micropolitan Statistical Area","6","9.39","21114","1869","0.0885",""
"06075","na","Dwyer","Christopher","CA","San Francisco","94115","1","FALSE","ABO, NPI but no ENTHealth","aboto_nppes_agree_enthealth_missing","","","","","","","","","","Incomplete","859","1356993539","TRUE","FALSE","","","","missing","Urban","","","","FALSE","","0.67","District 8","Pacific","0.468","0.2883","0.3186","0.6387","0.8335","41860","San Francisco-Oakland-Berkeley, CA","Metropolitan Statistical Area","68","7.99","158399","56242","0.3551","1665.90502828119"
"39035","na","Lorenz","Robert","OH","Cleveland","44195","1","FALSE","ABO, NPI but no ENTHealth","aboto_nppes_agree_enthealth_missing","","","","","","","","","","Incomplete","860","1124083639","TRUE","FALSE","","","","missing","Urban","","","","FALSE","","0.63","District 5","Midwest","","","","","","17460","Cleveland-Elyria, OH","Metropolitan Statistical Area","88","7","275336","56663","0.2058","3716.69367417891"
"53053","na","Erwin","Stanton","WA","Tacoma","98405","1","FALSE","ABO, NPI but no ENTHealth","aboto_nppes_agree_enthealth_missing","","","","","","","","","","Incomplete","861","1134217102","TRUE","FALSE","","","","missing","Urban","","","","FALSE","","0.64","District 8","Pacific","0.5989","0.5804","0.4027","0.5565","0.6701","42660","Seattle-Tacoma-Bellevue, WA","Metropolitan Statistical Area","36","3.92","172911","27149","0.157","2219.59967329526"
"51840","na","Salata","James","VA","Winchester","22601","1","FALSE","ABO, NPI but no ENTHealth","aboto_nppes_agree_enthealth_missing","","","","","","","","","","Incomplete","862","1871553446","TRUE","FALSE","","","","missing","Urban","","","","FALSE","","0.83","District 3","Mid-Atlantic/Southeast","0.7366","0.6903","0.7352","0.5226","0.6821","49020","Winchester, VA-WV","Metropolitan Statistical Area","4","14.23","5951","957","0.1608","10000"
"51770","na","Oliver","Eric","VA","Roanoke","24016","1","FALSE","ABO, NPI but no ENTHealth","aboto_nppes_disagree_enthealth_missing","","","","","","","","","","Incomplete","863","1700955127","TRUE","FALSE","","","","missing","Urban","","","","FALSE","","0.83","District 3","Mid-Atlantic/Southeast","0.7223","0.7802","0.3477","0.6269","0.8793","40220","Roanoke, VA","Metropolitan Statistical Area","3","3.02","22072","4642","0.2103","5622.63187124664"
"34007","na","Park","Sunny","NJ","Camden","08103","1","FALSE","ABO, NPI but no ENTHealth","aboto_nppes_agree_enthealth_missing","","","","","","","","","","Incomplete","864","1730306085","TRUE","FALSE","","","","missing","Urban","","","","FALSE","","0.61","District 2","Middle Atlantic","0.923","0.9546","0.847","0.9429","0.6499","37980","Philadelphia-Camden-Wilmington, PA-NJ-DE-MD","Metropolitan Statistical Area","20","3.83","105158","17529","0.1667","1307.1063181523"
"53005","na","Tieu","Coral","WA","Prosser","99350","7","FALSE","ABO, NPI but no ENTHealth","aboto_nppes_agree_enthealth_missing","","","","","","","","","","Incomplete","865","1649525585","TRUE","FALSE","","","","missing","Rural","","","","FALSE","","0.64","District 8","Pacific","0.7665","0.7318","0.7152","0.6395","0.6708","28420","Kennewick-Richland, WA","Metropolitan Statistical Area","5","2.41","41167","5696","0.1384","5298.55715518635"
"39061","na","Zender","Chad","OH","Cincinnati","45219","1","FALSE","ABO, NPI but no ENTHealth","aboto_nppes_agree_enthealth_missing","","","","","","","","","","Incomplete","866","1619904117","TRUE","FALSE","","","","missing","Urban","","","","FALSE","","0.63","District 5","Midwest","0.5303","0.7759","0.1227","0.4794","0.7151","17140","Cincinnati, OH-KY-IN","Metropolitan Statistical Area","79","9.54","161716","28515","0.1763","1652.48674989113"
"48113","na","Sule","Sandeep","TX","Dallas","75251","1","FALSE","ABO, NPI but no ENTHealth","aboto_nppes_agree_enthealth_missing","","","","","","","","","","Incomplete","867","1972512325","TRUE","FALSE","","","","missing","Urban","","","","FALSE","","0.63","District 6","Central","0.3035","0.2574","0.219","0.6628","0.4227","19100","Dallas-Fort Worth-Arlington, TX","Metropolitan Statistical Area","98","3.76","360658","54291","0.1505","1622.88265198409"
"47037","na","Duncavage","James","TN","Nashville","37232","1","FALSE","ABO, NPI but no ENTHealth","aboto_nppes_agree_enthealth_missing","","","","","","","","","","Incomplete","868","1366534794","TRUE","FALSE","","","","missing","Urban","","","","FALSE","","","District 4","Southeast","0.6343","0.7568","0.0033","0.6067","0.9965","34980","Nashville-Davidson--Murfreesboro--Franklin, TN","Metropolitan Statistical Area","77","10.85","105164","16985","0.1615","2584.58621056026"
"22017","na","Mehta","Vikas","LA","Shreveport","71103","1","FALSE","ABO, NPI but no ENTHealth","aboto_nppes_agree_enthealth_missing","","","","","","","","","","Incomplete","869","1902097108","TRUE","FALSE","","","","missing","Urban","","","","FALSE","","0.64","District 4","Southeast","0.8407","0.8897","0.6268","0.8772","0.6119","43340","Shreveport-Bossier City, LA","Metropolitan Statistical Area","26","11","52706","14340","0.2721","3790.22867355045"
"06041","na","Agbayani","Romeo","CA","Greenbrae","94904","1","FALSE","ABO, NPI but no ENTHealth","aboto_nppes_agree_enthealth_missing","","","","","","","","","","Incomplete","870","1205909603","TRUE","FALSE","","","","missing","Urban","","","","FALSE","","0.67","District 8","Pacific","0.3366","0.1603","0.529","0.3893","0.543","41860","San Francisco-Oakland-Berkeley, CA","Metropolitan Statistical Area","13","4.99","64128","6277","0.0979","1665.90502828119"
"22103","na","Boyce","Richard","LA","Covington","70433","1","FALSE","ABO, NPI but no ENTHealth","aboto_nppes_agree_enthealth_missing","","","","","","","","","","Incomplete","871","1386604494","TRUE","FALSE","","","","missing","Urban","","","","FALSE","","0.64","District 4","Southeast","0.4218","0.36","0.5837","0.268","0.4793","35380","New Orleans-Metairie, LA","Metropolitan Statistical Area","20","7.51","61715","8800","0.1426","4931.39626380957"
"35045","na","Novelly","Norman","NM","Shiprock","87420","7","FALSE","ABO, NPI but no ENTHealth","aboto_nppes_disagree_enthealth_missing","","","","","","","","","","Incomplete","872","1457332272","TRUE","FALSE","","","","missing","Rural","","","","FALSE","","1.21","District 7","Mountain/Southwest","0.9055","0.8334","0.875","0.9831","0.785","22140","Farmington, NM","Metropolitan Statistical Area","5","4.11","24612","6051","0.2459","10000"
"30029","na","Healy","David","MT","Kalispell","59901","4","FALSE","ABO, NPI but no ENTHealth","aboto_nppes_agree_enthealth_missing","","","","","","","","","","Incomplete","873","1043282700","TRUE","FALSE","","","","missing","Rural","","","","FALSE","","1.32","District 7","Mountain/Southwest","0.4125","0.4377","0.4099","0.1483","0.5445","28060","Kalispell, MT","Micropolitan Statistical Area","6","5.66","28493","2205","0.0774",""
"08015","na","Streeter","Michele","CO","Salida","81201","7","TRUE","ABO, NPI but no ENTHealth","aboto_nppes_agree_enthealth_missing","","","","","","","","","","Incomplete","874","1902069545","TRUE","FALSE","","","","missing","Rural","","","","FALSE","","0.83","District 7","Mountain/Southwest","0.4683","0.3753","0.6066","0.3025","0.5248","","","","1","5.11","6109","539","0.0882",""
"40125","na","Summers","Craig","OK","Shawnee","74804","4","FALSE","ABO, NPI but no ENTHealth","aboto_nppes_agree_enthealth_missing","","","","","","","","","","Incomplete","875","1780623959","TRUE","FALSE","","","","missing","Rural","","","","FALSE","","0.94","District 6","Central","0.5697","0.5744","0.5158","0.4496","0.5585","43060","Shawnee, OK","Micropolitan Statistical Area","1","1.37","16717","2932","0.1754",""
"06103","na","Frantz","Timothy","CA","Red Bluff","96080","4","FALSE","ABO, NPI but no ENTHealth","aboto_nppes_agree_enthealth_missing","","","","","","","","","","Incomplete","876","1467626945","TRUE","FALSE","","","","missing","Rural","","","","FALSE","","0.67","District 8","Pacific","0.7267","0.6237","0.7994","0.432","0.7179","39780","Red Bluff, CA","Micropolitan Statistical Area","1","1.53","14827","4076","0.2749",""
"28075","na","Cater","Robert","MS","Meridian","39301","5","FALSE","ABO, NPI but no ENTHealth","aboto_nppes_agree_enthealth_missing","","","","","","","","","","Incomplete","877","1922031616","TRUE","FALSE","","","","missing","Rural","","","","FALSE","","0.93","District 4","Southeast","0.5771","0.6221","0.6498","0.5678","0.4285","32940","Meridian, MS","Micropolitan Statistical Area","2","2.75","15934","4014","0.2519",""
"48141","na","Spier","James","TX","El Paso","79902","1","FALSE","ABO, NPI but no ENTHealth","aboto_nppes_agree_enthealth_missing","","","","","","","","","","Incomplete","878","1871797316","TRUE","FALSE","","","","missing","Urban","","","","FALSE","","0.63","District 6","Central","0.8313","0.8324","0.7896","0.8705","0.6631","21340","El Paso, TX","Metropolitan Statistical Area","22","2.55","150915","43400","0.2876","3646.10327885713"
"36047","na","Vitale","Valerie","NY","Brooklyn","11221","1","FALSE","ABO, NPI but no ENTHealth","aboto_nppes_agree_enthealth_missing","","","","","","","","","","Incomplete","879","1629039896","TRUE","FALSE","","","","missing","Urban","","","","FALSE","","0.76","District 2","Middle Atlantic","0.7877","0.7716","0.3789","0.8507","0.8441","35620","New York-Newark-Jersey City, NY-NJ-PA","Metropolitan Statistical Area","48","1.79","407755","210752","0.5169","675.82644634067"
"06037","na","Patel","Vivek-Sagar","CA","Beverly Hills","90210","1","FALSE","ABO, NPI but no ENTHealth","aboto_nppes_agree_enthealth_missing","","","","","","","","","","Incomplete","880","1316236565","TRUE","FALSE","","","","missing","Urban","","","","FALSE","","0.67","District 8","Pacific","0.2142","0.219","0.5189","0.308","0.1883","31080","Los Angeles-Long Beach-Anaheim, CA","Metropolitan Statistical Area","391","3.93","1680860","546396","0.3251","645.954567429514"
"26089","na","Snyder","Eric","MI","Traverse City","49684","1","FALSE","ABO, NPI but no ENTHealth","aboto_nppes_agree_enthealth_missing","","","","","","","","","","Incomplete","881","1598943292","TRUE","FALSE","","","","missing","Urban","","","","FALSE","","0.76","District 5","Midwest","0.3806","0.3351","0.3701","0.1187","0.6124","45900","Traverse City, MI","Micropolitan Statistical Area","5","22.3","8065","355","0.044","10000"
"37049","na","Grady","Richard","NC","New Bern","28562","4","FALSE","ABO, NPI but no ENTHealth","aboto_nppes_agree_enthealth_missing","","","","","","","","","","Incomplete","882","1912945908","TRUE","FALSE","","","","missing","Rural","","","","FALSE","","0.82","District 3","Mid-Atlantic/Southeast","0.4743","0.3847","0.5078","0.4421","0.562","35100","New Bern, NC","Metropolitan Statistical Area","10","9.89","28064","3603","0.1284",""
"04013","na","Garber","Stephen","AZ","Phoenix","85028","1","FALSE","ABO, NPI but no ENTHealth","aboto_nppes_agree_enthealth_missing","","","","","","","","","","Incomplete","883","1932534476","TRUE","FALSE","","","","missing","Urban","","","","FALSE","","0.98","District 7","Mountain/Southwest","0.2587","0.2568","0.2746","0.3322","0.3648","38060","Phoenix-Mesa-Chandler, AZ","Metropolitan Statistical Area","127","2.87","801348","119190","0.1487","2804.9148303951"
"17019","na","Stelle","Jacob","IL","Urbana","61801","1","FALSE","ABO, NPI but no ENTHealth","aboto_nppes_agree_enthealth_missing","","","","","","","","","","Incomplete","884","1154632040","TRUE","FALSE","","","","missing","Urban","","","","FALSE","","0.63","District 5","Midwest","0.4595","0.6136","0.1123","0.5962","0.6506","16580","Champaign-Urbana, IL","Metropolitan Statistical Area","11","5.33","32906","4946","0.1503","7613.73913561734"
"28081","na","Hudson","Harold","MS","Tupelo","38801","4","FALSE","ABO, NPI but no ENTHealth","aboto_nppes_agree_enthealth_missing","","","","","","","","","","Incomplete","885","1467709212","TRUE","FALSE","","","","missing","Rural","","","","FALSE","","0.93","District 4","Southeast","0.7316","0.6693","0.7046","0.6698","0.6841","46180","Tupelo, MS","Micropolitan Statistical Area","7","8.4","19025","4515","0.2373",""
"06019","na","Moore","Jerry","CA","Fresno","93720","1","FALSE","ABO, NPI but no ENTHealth","aboto_nppes_agree_enthealth_missing","","","","","","","","","","Incomplete","886","1396705547","TRUE","FALSE","","","","missing","Urban","","","","FALSE","","0.67","District 8","Pacific","0.4442","0.327","0.5423","0.6607","0.4856","23420","Fresno, CA","Metropolitan Statistical Area","15","1.49","159102","51015","0.3206","4479.45564278184"
"40019","na","Dempewolf","Scott","OK","Ardmore","73401","4","FALSE","ABO, NPI but no ENTHealth","aboto_nppes_agree_enthealth_missing","","","","","","","","","","Incomplete","887","1437130762","TRUE","FALSE","","","","missing","Rural","","","","FALSE","","0.94","District 6","Central","0.7111","0.6421","0.7976","0.5141","0.6253","11620","Ardmore, OK","Micropolitan Statistical Area","1","2.07","11477","1869","0.1628",""
"53009","na","Craven","Robert","WA","Port Angeles","98362","4","FALSE","ABO, NPI but no ENTHealth","aboto_nppes_agree_enthealth_missing","","","","","","","","","","Incomplete","888","1083616072","TRUE","FALSE","","","","missing","Rural","","","","FALSE","","0.64","District 8","Pacific","0.497","0.5071","0.4947","0.2751","0.5459","38820","Port Angeles, WA","Micropolitan Statistical Area","1","1.29","29489","3281","0.1113",""
"51185","na","Harris","David","VA","Bluefield","24605","4","FALSE","ABO, NPI but no ENTHealth","aboto_nppes_agree_enthealth_missing","","","","","","","","","","Incomplete","889","1629266549","TRUE","FALSE","","","","missing","Rural","","","","FALSE","","0.83","District 3","Mid-Atlantic/Southeast","0.6204","0.5291","0.6622","0.204","0.7544","14140","Bluefield, WV-VA","Micropolitan Statistical Area","2","4.95","11790","2006","0.1701",""
"22001","na","Casanova","Thomas","LA","Crowley","70526","4","FALSE","ABO, NPI but no ENTHealth","aboto_nppes_agree_enthealth_missing","","","","","","","","","","Incomplete","890","1740394121","TRUE","FALSE","","","","missing","Rural","","","","FALSE","","0.64","District 4","Southeast","0.7212","0.7517","0.7274","0.3721","0.5974","29180","Lafayette, LA","Metropolitan Statistical Area","4","6.94","13075","3810","0.2914","4668.26232712188"
"17201","na","Loughlin","Terrence","IL","Rockford","61107","1","FALSE","ABO, NPI but no ENTHealth","aboto_nppes_agree_enthealth_missing","","","","","","","","","","Incomplete","891","1124141825","TRUE","FALSE","","","","missing","Urban","","","","FALSE","","0.63","District 5","Midwest","0.5031","0.434","0.705","0.4384","0.4716","40420","Rockford, IL","Metropolitan Statistical Area","12","4.22","62931","11167","0.1774","3651.78251104085"
"56013","na","Merritt","Walter","WY","Lander","82520","7","FALSE","ABO, NPI but no ENTHealth","aboto_nppes_agree_enthealth_missing","","","","","","","","","","Incomplete","892","1053394643","TRUE","FALSE","","","","missing","Rural","","","","FALSE","","1","District 7","Mountain/Southwest","0.5631","0.5625","0.4562","0.2967","0.6664","40180","Riverton, WY","Micropolitan Statistical Area","4","10.15","9529","1113","0.1168",""
"12001","na","Haberman","Rex","FL","Gainesville","32610","1","FALSE","ABO, NPI but no ENTHealth","aboto_nppes_agree_enthealth_missing","","","","","","","","","","Incomplete","893","1194751859","TRUE","FALSE","","","","missing","Urban","","","","FALSE","","0.64","District 4","Southeast","0.3355","0.6335","0.0019","0.5565","0.765","23540","Gainesville, FL","Metropolitan Statistical Area","33","11.8","53801","8329","0.1548","5233.02361815472"
"05051","na","Monte","Eric","AR","Hot Springs National Park","71901","1","FALSE","ABO, NPI but no ENTHealth","aboto_nppes_agree_enthealth_missing","","","","","","","","","","Incomplete","894","1649387622","TRUE","FALSE","","","","missing","Urban","","","","FALSE","","0.76","District 6","Central","0.704","0.5908","0.8272","0.3874","0.7089","26300","Hot Springs, AR","Metropolitan Statistical Area","6","6","31722","4965","0.1565","6025.99570338901"
"35005","na","Mitchell","Michael","NM","Roswell","88201","4","FALSE","ABO, NPI but no ENTHealth","aboto_nppes_agree_enthealth_missing","","","","","","","","","","Incomplete","895","1417042730","TRUE","FALSE","","","","missing","Rural","","","","FALSE","","1.21","District 7","Mountain/Southwest","0.6823","0.5341","0.7476","0.7015","0.6434","40740","Roswell, NM","Micropolitan Statistical Area","2","3.09","12263","3799","0.3098",""
"42073","na","Zimmer","Wayne","PA","New Castle","16105","4","FALSE","ABO, NPI but no ENTHealth","aboto_nppes_agree_enthealth_missing","","","","","","","","","","Incomplete","896","1174634836","TRUE","FALSE","","","","missing","Rural","","","","FALSE","","0.68","District 2","Middle Atlantic","0.4419","0.3946","0.65","0.1089","0.5203","35260","New Castle, PA","Micropolitan Statistical Area","2","2.33","24192","4318","0.1785",""
"26161","na","Sethi","Rosh","MI","Ann Arbor","48109","1","FALSE","ABO, NPI but no ENTHealth","aboto_nppes_agree_enthealth_missing","","","","","","","","","","Incomplete","897","1518370469","TRUE","FALSE","","","","missing","Urban","","","","FALSE","","0.76","District 5","Midwest","0.4033","0.6164","0.0058","0.5079","0.7649","11460","Ann Arbor, MI","Metropolitan Statistical Area","59","15.94","67810","7850","0.1158","4997.65190023601"
"26161","na","Bogdasarian","Ronald","MI","Ypsilanti","48197","1","FALSE","ABO, NPI but no ENTHealth","aboto_nppes_agree_enthealth_missing","","","","","","","","","","Incomplete","898","1326179904","TRUE","FALSE","","","","missing","Urban","","","","FALSE","","0.76","District 5","Midwest","0.4109","0.4478","0.3146","0.584","0.4728","11460","Ann Arbor, MI","Metropolitan Statistical Area","59","15.94","67810","7850","0.1158","4997.65190023601"
"56013","na","Jacobsen","Hart","WY","Lander","82520","7","FALSE","ABO, NPI but no ENTHealth","aboto_nppes_agree_enthealth_missing","","","","","","","","","","Incomplete","899","1487980017","TRUE","FALSE","","","","missing","Rural","","","","FALSE","","1","District 7","Mountain/Southwest","0.5631","0.5625","0.4562","0.2967","0.6664","40180","Riverton, WY","Micropolitan Statistical Area","4","10.15","9529","1113","0.1168",""
"42101","na","Potsic","William","PA","Philadelphia","19104","1","FALSE","ABO, NPI but no ENTHealth","aboto_nppes_agree_enthealth_missing","","","","","","","","","","Incomplete","900","1144310160","TRUE","FALSE","","","","missing","Urban","","","","FALSE","","0.68","District 2","Middle Atlantic","0.7158","0.7545","0.3337","0.7539","0.8654","37980","Philadelphia-Camden-Wilmington, PA-NJ-DE-MD","Metropolitan Statistical Area","120","7.53","265353","102081","0.3847","1307.1063181523"
"47147","na","Westerkamm","John","TN","Springfield","37172","4","FALSE","ABO, NPI but no ENTHealth","aboto_nppes_agree_enthealth_missing","","","","","","","","","","Incomplete","901","1104812478","TRUE","FALSE","","","","missing","Rural","","","","FALSE","","","District 4","Southeast","0.5777","0.5985","0.5973","0.4265","0.5508","34980","Nashville-Davidson--Murfreesboro--Franklin, TN","Metropolitan Statistical Area","1","1.36","15695","1859","0.1184","2584.58621056026"
"37097","na","Deddens","Alan","NC","Statesville","28677","4","FALSE","ABO, NPI but no ENTHealth","aboto_nppes_agree_enthealth_missing","","","","","","","","","","Incomplete","902","1366434870","TRUE","FALSE","","","","missing","Rural","","","","FALSE","","0.82","District 3","Mid-Atlantic/Southeast","0.6778","0.6784","0.6793","0.5021","0.5916","16740","Charlotte-Concord-Gastonia, NC-SC","Metropolitan Statistical Area","10","5.32","40978","5098","0.1244","3805.74492088521"
"39053","na","Magnussen","James","OH","Gallipolis","45631","4","FALSE","ABO, NPI but no ENTHealth","aboto_nppes_agree_enthealth_missing","","","","","","","","","","Incomplete","903","1497709018","TRUE","FALSE","","","","missing","Rural","","","","FALSE","","0.63","District 5","Midwest","0.5815","0.5739","0.6239","0.1361","0.6531","38580","Point Pleasant, WV-OH","Micropolitan Statistical Area","4","13.66","7364","1646","0.2235",""
"35043","na","Shepard","Peter","NM","Los Alamos","87544","4","FALSE","ABO, NPI but no ENTHealth","aboto_nppes_disagree_enthealth_missing","","","","","","","","","","Incomplete","904","1023051232","TRUE","FALSE","","","","missing","Rural","","","","FALSE","","1.21","District 7","Mountain/Southwest","0.2193","0.1226","0.2218","0.4978","0.4104","10740","Albuquerque, NM","Metropolitan Statistical Area","4","2.68","36927","5572","0.1509","3705.64561087889"
"50007","na","Ostby","Erin","VT","Burlington","05401","1","FALSE","ABO, NPI but no ENTHealth","aboto_nppes_agree_enthealth_missing","","","","","","","","","","Incomplete","905","1174935381","TRUE","FALSE","","","","missing","Urban","","","","FALSE","","0.87","District 1","New England","0.4193","0.5266","0.118","0.2229","0.7653","15540","Burlington-South Burlington, VT","Metropolitan Statistical Area","13","7.72","35663","5216","0.1463","8263.71577206744"
"42015","na","Tolhurst","Kirk","PA","Sayre","18840","4","FALSE","ABO, NPI but no ENTHealth","aboto_nppes_agree_enthealth_missing","","","","","","","","","","Incomplete","906","1669447447","TRUE","FALSE","","","","missing","Rural","","","","FALSE","","0.68","District 2","Middle Atlantic","0.4821","0.4882","0.5026","0.1182","0.5941","42380","Sayre, PA","Micropolitan Statistical Area","4","6.65","15981","2438","0.1526",""
"06065","na","Tian","Qing","CA","La Quinta","92253","1","FALSE","ABO, NPI but no ENTHealth","aboto_nppes_agree_enthealth_missing","","","","","","","","","","Incomplete","907","1700814886","TRUE","FALSE","","","","missing","Urban","","","","FALSE","","0.67","District 8","Pacific","0.5071","0.5088","0.4829","0.6138","0.4486","40140","Riverside-San Bernardino-Ontario, CA","Metropolitan Statistical Area","33","1.36","442411","104649","0.2365","818.608814468344"
"01109","na","McRae","Wilton","AL","Troy","36081","4","FALSE","ABO, NPI but no ENTHealth","aboto_nppes_agree_enthealth_missing","","","","","","","","","","Incomplete","908","1093706905","TRUE","FALSE","","","","missing","Rural","","","","FALSE","","0.92","District 4","Southeast","0.6736","0.7048","0.2967","0.6817","0.7246","45980","Troy, AL","Micropolitan Statistical Area","1","3.03","6958","1876","0.2696",""
"05119","na","Metrailer","Aaron","AR","Little Rock","72205","1","FALSE","ABO, NPI but no ENTHealth","aboto_nppes_disagree_enthealth_missing","","","","","","","","","","Incomplete","909","1437383361","TRUE","FALSE","","","","missing","Urban","","","","FALSE","","0.76","District 6","Central","0.396","0.4299","0.3732","0.501","0.4207","30780","Little Rock-North Little Rock-Conway, AR","Metropolitan Statistical Area","36","9.04","84295","15260","0.181","2523.21985991326"
"13215","na","Bolinger","Matthew","GA","Columbus","31901","1","TRUE","ABO, NPI but no ENTHealth","aboto_nppes_agree_enthealth_missing","","","","","","","","","","Incomplete","910","1144405747","TRUE","FALSE","","","","missing","Urban","","","","FALSE","","0.83","District 4","Southeast","0.8367","0.9463","0.4474","0.7566","0.734","17980","Columbus, GA-AL","Metropolitan Statistical Area","9","4.4","39037","9485","0.243","4768.66384693707"
"26125","na","Proctor","Todd","MI","Auburn Hills","48326","1","FALSE","ABO, NPI but no ENTHealth","aboto_nppes_agree_enthealth_missing","","","","","","","","","","Incomplete","911","1316929250","TRUE","FALSE","","","","missing","Urban","","","","FALSE","","0.76","District 5","Midwest","0.4193","0.4277","0.29","0.565","0.5237","19820","Detroit-Warren-Dearborn, MI","Metropolitan Statistical Area","59","4.64","274505","31414","0.1144","2868.32054462795"
"18177","na","Waters","Steven","IN","Richmond","47374","4","FALSE","ABO, NPI but no ENTHealth","aboto_nppes_agree_enthealth_missing","","","","","","","","","","Incomplete","912","1376553099","TRUE","FALSE","","","","missing","Rural","","","","FALSE","","0.96","District 5","Midwest","0.5896","0.5931","0.6742","0.2643","0.5568","39980","Richmond, IN","Micropolitan Statistical Area","5","7.52","16441","3926","0.2388",""
"37159","na","Perry","Byron","NC","Salisbury","28144","1","FALSE","ABO, NPI but no ENTHealth","aboto_nppes_agree_enthealth_missing","","","","","","","","","","Incomplete","913","1104880574","TRUE","FALSE","","","","missing","Urban","","","","FALSE","","0.82","District 3","Mid-Atlantic/Southeast","0.6972","0.7048","0.6925","0.6078","0.6217","16740","Charlotte-Concord-Gastonia, NC-SC","Metropolitan Statistical Area","4","2.72","33243","5316","0.1599","3805.74492088521"
"12009","na","Filiberto","Frank","FL","Palm Bay","32905","1","FALSE","ABO, NPI but no ENTHealth","aboto_nppes_disagree_enthealth_missing","","","","","","","","","","Incomplete","914","1144215237","TRUE","FALSE","","","","missing","Urban","","","","FALSE","","0.64","District 4","Southeast","0.6844","0.6494","0.6974","0.5618","0.6082","37340","Palm Bay-Melbourne-Titusville, FL","Metropolitan Statistical Area","18","2.95","180147","19879","0.1103","6394.25786382511"
"05005","na","Barker","Monty","AR","Mountain Home","72653","4","FALSE","ABO, NPI but no ENTHealth","aboto_nppes_agree_enthealth_missing","","","","","","","","","","Incomplete","915","1114926482","TRUE","FALSE","","","","missing","Rural","","","","FALSE","","0.76","District 6","Central","0.5374","0.5655","0.5824","0.1384","0.5512","34260","Mountain Home, AR","Micropolitan Statistical Area","3","7.18","15545","1989","0.128",""
"36077","na","Fisher","Cynthia","NY","Cooperstown","13326","10","FALSE","ABO, NPI but no ENTHealth","aboto_nppes_agree_enthealth_missing","","","","","","","","","","Incomplete","916","1467416867","TRUE","FALSE","","","","missing","Rural","","","","FALSE","","0.76","District 2","Middle Atlantic","0.3179","0.2937","0.2522","0.1616","0.6026","36580","Oneonta, NY","Micropolitan Statistical Area","6","10.05","15473","3421","0.2211",""
"41005","na","Leavitt","Kathryn","OR","Clackamas","97015","1","FALSE","ABO, NPI but no ENTHealth","aboto_nppes_agree_enthealth_missing","","","","","","","","","","Incomplete","917","1467871277","TRUE","FALSE","","","","missing","Urban","","","","FALSE","","0.88","District 8","Pacific","0.5637","0.3696","0.5216","0.471","0.7809","38900","Portland-Vancouver-Hillsboro, OR-WA","Metropolitan Statistical Area","19","4.51","97568","12286","0.1259","2351.88604164786"
"10005","na","Roberson","David","DE","Milford","19963","4","FALSE","ABO, NPI but no ENTHealth","aboto_nppes_agree_enthealth_missing","","","","","","","","","","Incomplete","918","1447221015","TRUE","FALSE","","","","missing","Rural","","","","FALSE","","0.96","District 3","Mid-Atlantic/Southeast","0.657","0.4905","0.8513","0.4684","0.6674","41540","Salisbury, MD-DE","Metropolitan Statistical Area","1","0.42","94229","8449","0.0897","10000"
"12071","na","Davis","John","FL","Sanibel","33957","1","FALSE","ABO, NPI but no ENTHealth","aboto_nppes_disagree_enthealth_missing","","","","","","","","","","Incomplete","919","1346425410","TRUE","FALSE","","","","missing","Urban","","","","FALSE","","0.64","District 4","Southeast","0.116","0.1807","0.1113","0.0407","0.3509","15980","Cape Coral-Fort Myers, FL","Metropolitan Statistical Area","27","3.49","222394","23106","0.1039","9338.50638161669"
"17001","na","Ruth","Harry","IL","Quincy","62301","4","FALSE","ABO, NPI but no ENTHealth","aboto_nppes_agree_enthealth_missing","","","","","","","","","","Incomplete","920","1124093943","TRUE","FALSE","","","","missing","Rural","","","","FALSE","","0.63","District 5","Midwest","0.4621","0.4389","0.5338","0.2125","0.5528","39500","Quincy, IL-MO","Micropolitan Statistical Area","10","15.25","15736","2401","0.1526",""
"41051","na","Buckman","Christy","OR","Gresham","97030","1","FALSE","ABO, NPI but no ENTHealth","aboto_nppes_agree_enthealth_missing","","","","","","","","","","Incomplete","921","1720028335","TRUE","FALSE","","","","missing","Urban","","","","FALSE","","0.88","District 8","Pacific","0.824","0.7169","0.7904","0.5438","0.8758","38900","Portland-Vancouver-Hillsboro, OR-WA","Metropolitan Statistical Area","57","7.05","137010","31700","0.2314","2351.88604164786"
"17095","na","Hauslein","Peter","IL","Galesburg","61401","4","FALSE","ABO, NPI but no ENTHealth","aboto_nppes_agree_enthealth_missing","","","","","","","","","","Incomplete","922","1689675118","TRUE","FALSE","","","","missing","Rural","","","","FALSE","","0.63","District 5","Midwest","0.6001","0.5943","0.4448","0.372","0.6778","23660","Galesburg, IL","Micropolitan Statistical Area","1","2.01","12618","2327","0.1844",""
"37035","na","Seshul","Merritt","NC","Hickory","28601","1","FALSE","ABO, NPI but no ENTHealth","aboto_nppes_agree_enthealth_missing","","","","","","","","","","Incomplete","923","1003800020","TRUE","FALSE","","","","missing","Urban","","","","FALSE","","0.82","District 3","Mid-Atlantic/Southeast","0.5564","0.5607","0.5687","0.4037","0.5449","25860","Hickory-Lenoir-Morganton, NC","Metropolitan Statistical Area","12","7.45","39353","5827","0.1481","3505.438000848"
"48001","na","Tretta","Joseph","TX","Palestine","75801","4","FALSE","ABO, NPI but no ENTHealth","aboto_nppes_disagree_enthealth_missing","","","","","","","","","","Incomplete","924","1508822602","TRUE","FALSE","","","","missing","Rural","","","","FALSE","","0.63","District 6","Central","0.7775","0.725","0.7083","0.6134","0.7477","37300","Palestine, TX","Micropolitan Statistical Area","1","1.72","11624","1656","0.1425",""
"50023","na","Wickemeyer","Johanna","VT","Montpelier","05602","4","FALSE","ABO, NPI but no ENTHealth","aboto_nppes_disagree_enthealth_missing","","","","","","","","","","Incomplete","925","1902337033","TRUE","FALSE","","","","missing","Rural","","","","FALSE","","0.87","District 1","New England","0.2647","0.1854","0.3655","0.1348","0.5044","12740","Barre, VT","Micropolitan Statistical Area","2","3.35","15537","2421","0.1558",""
"37183","na","Padia","Reema","NC","Cary","27511","1","FALSE","ABO, NPI but no ENTHealth","aboto_nppes_disagree_enthealth_missing","","","","","","","","","","Incomplete","926","1558628537","TRUE","FALSE","","","","missing","Urban","","","","FALSE","","0.82","District 3","Mid-Atlantic/Southeast","0.3895","0.3103","0.5514","0.4691","0.4104","39580","Raleigh-Cary, NC","Metropolitan Statistical Area","46","4.06","186558","18986","0.1018","4225.24118547584"
"48497","na","Pham","Joanne","TX","Decatur","76234","8","FALSE","ABO, NPI but no ENTHealth","aboto_nppes_disagree_enthealth_missing","","","","","","","","","","Incomplete","927","1174589634","TRUE","FALSE","","","","missing","Rural","","","","FALSE","","0.63","District 6","Central","0.4893","0.4921","0.5742","0.4817","0.3951","19100","Dallas-Fort Worth-Arlington, TX","Metropolitan Statistical Area","1","1.43","15076","1206","0.08","1622.88265198409"
"13045","na","Gambrell","William","GA","Carrollton","30117","4","FALSE","ABO, NPI but no ENTHealth","aboto_nppes_agree_enthealth_missing","","","","","","","","","","Incomplete","928","1013056985","TRUE","FALSE","","","","missing","Rural","","","","FALSE","","0.83","District 4","Southeast","0.6843","0.7566","0.6969","0.5086","0.5443","12060","Atlanta-Sandy Springs-Alpharetta, GA","Metropolitan Statistical Area","5","4.16","25022","5036","0.2013","2026.24940839798"
"12057","na","Patel","Nalin","FL","Tampa","33613","1","FALSE","ABO, NPI but no ENTHealth","aboto_nppes_disagree_enthealth_missing","","","","","","","","","","Incomplete","929","1235135914","TRUE","FALSE","","","","missing","Urban","","","","FALSE","","0.64","District 4","Southeast","0.7538","0.7564","0.4925","0.7021","0.8263","45300","Tampa-St. Petersburg-Clearwater, FL","Metropolitan Statistical Area","68","4.63","271268","55926","0.2062","2561.68657493039"
"12086","na","Chu","Alan","FL","Miami","33157","1","FALSE","ABO, NPI but no ENTHealth","aboto_nppes_agree_enthealth_missing","","","","","","","","","","Incomplete","930","1679725048","TRUE","FALSE","","","","missing","Urban","","","","FALSE","","0.64","District 4","Southeast","0.6455","0.6351","0.6697","0.8623","0.4391","33100","Miami-Fort Lauderdale-Pompano Beach, FL","Metropolitan Statistical Area","95","3.53","514389","224760","0.4369","1246.01736914087"
"36121","na","O'Connell","Kevin","NY","Warsaw","14569","10","FALSE","ABO, NPI but no ENTHealth","aboto_nppes_agree_enthealth_missing","","","","","","","","","","Incomplete","931","1720262686","TRUE","FALSE","","","","missing","Rural","","","","FALSE","","0.76","District 2","Middle Atlantic","0.4515","0.4904","0.285","0.0609","0.6869","","","","1","2.48","9761","1894","0.194",""
"36005","na","Berkower","Alan","NY","Bronx","10461","1","FALSE","ABO, NPI but no ENTHealth","aboto_nppes_agree_enthealth_missing","","","","","","","","","","Incomplete","932","1871601153","TRUE","FALSE","","","","missing","Urban","","","","FALSE","","0.76","District 2","Middle Atlantic","0.8263","0.7429","0.6858","0.7988","0.8147","35620","New York-Newark-Jersey City, NY-NJ-PA","Metropolitan Statistical Area","28","1.94","229828","135056","0.5876","675.82644634067"
"22097","na","Trahan","Jason","LA","Opelousas","70570","4","FALSE","ABO, NPI but no ENTHealth","aboto_nppes_agree_enthealth_missing","","","","","","","","","","Incomplete","933","1568704328","TRUE","FALSE","","","","missing","Rural","","","","FALSE","","0.64","District 4","Southeast","0.715","0.7042","0.6004","0.7013","0.6495","36660","Opelousas, LA","Micropolitan Statistical Area","2","2.42","19956","6418","0.3216",""
"12105","na","Paffrath","Jeffrey","FL","Lakeland","33805","1","FALSE","ABO, NPI but no ENTHealth","aboto_nppes_disagree_enthealth_missing","","","","","","","","","","Incomplete","934","1821039397","TRUE","FALSE","","","","missing","Urban","","","","FALSE","","0.64","District 4","Southeast","0.847","0.7965","0.8082","0.7218","0.768","29460","Lakeland-Winter Haven, FL","Metropolitan Statistical Area","21","2.85","181035","35804","0.1978","4191.355568186"
"17077","na","Saraceno","Carmelo","IL","Carbondale","62901","4","FALSE","ABO, NPI but no ENTHealth","aboto_nppes_disagree_enthealth_missing","","","","","","","","","","Incomplete","935","1154563708","TRUE","FALSE","","","","missing","Rural","","","","FALSE","","0.63","District 5","Midwest","0.6484","0.6628","0.2711","0.5082","0.797","16060","Carbondale-Marion, IL","Metropolitan Statistical Area","1","1.88","11046","2227","0.2016",""
"50027","na","Brodie","Kristin","VT","Bridgewater Corners","05035","10","FALSE","ABO, NPI but no ENTHealth","aboto_nppes_agree_enthealth_missing","","","","","","","","","","Incomplete","936","1356563258","TRUE","FALSE","","","","missing","Rural","","","","FALSE","","0.87","District 1","New England","0.325","0.503","0.1022","0.0424","0.5309","30100","Lebanon, NH-VT","Micropolitan Statistical Area","3","5.19","17203","2424","0.1409",""
"29019","na","Seabaugh","Janice","MO","Columbia","65201","1","FALSE","ABO, NPI but no ENTHealth","aboto_nppes_agree_enthealth_missing","","","","","","","","","","Incomplete","937","1134187487","TRUE","FALSE","","","","missing","Urban","","","","FALSE","","0.86","District 6","Central","0.4559","0.5859","0.189","0.3806","0.685","17860","Columbia, MO","Metropolitan Statistical Area","19","10.32","31939","4043","0.1266","5763.31178327404"
"30029","na","Oehrtman","Karl","MT","Kalispell","59901","4","FALSE","ABO, NPI but no ENTHealth","aboto_nppes_agree_enthealth_missing","","","","","","","","","","Incomplete","938","1619928439","TRUE","FALSE","","","","missing","Rural","","","","FALSE","","1.32","District 7","Mountain/Southwest","0.4125","0.4377","0.4099","0.1483","0.5445","28060","Kalispell, MT","Micropolitan Statistical Area","6","5.66","28493","2205","0.0774",""
"39049","na","Brickman","Todd","OH","Dublin","43017","1","FALSE","ABO, NPI but no ENTHealth","aboto_nppes_agree_enthealth_missing","","","","","","","","","","Incomplete","939","1225051279","TRUE","FALSE","","","","missing","Urban","","","","FALSE","","0.63","District 5","Midwest","0.2747","0.2123","0.423","0.4349","0.364","18140","Columbus, OH","Metropolitan Statistical Area","83","6.3","205689","37436","0.182","2961.67116820975"
"21047","na","Kaye","Mitchell","KY","Hopkinsville","42240","4","FALSE","ABO, NPI but no ENTHealth","aboto_nppes_disagree_enthealth_missing","","","","","","","","","","Incomplete","940","1972578177","TRUE","FALSE","","","","missing","Rural","","","","FALSE","","0.69","District 4","Southeast","0.6912","0.7048","0.7079","0.4732","0.5722","17300","Clarksville, TN-KY","Metropolitan Statistical Area","3","4.12","11975","2399","0.2003","6545.16407934394"
"27035","na","Kraft","Ethan","MN","Baxter","56425","4","FALSE","ABO, NPI but no ENTHealth","aboto_nppes_agree_enthealth_missing","","","","","","","","","","Incomplete","941","1316471386","TRUE","FALSE","","","","missing","Rural","","","","FALSE","","0.74","District 5","Midwest","0.4842","0.3704","0.5433","0.0797","0.7543","14660","Brainerd, MN","Micropolitan Statistical Area","3","4.51","20384","2015","0.0989",""
"12115","na","Silkes","Ellen","FL","Sarasota","34233","1","FALSE","ABO, NPI but no ENTHealth","aboto_nppes_agree_enthealth_missing","","","","","","","","","","Incomplete","942","1750385431","TRUE","FALSE","","","","missing","Urban","","","","FALSE","","0.64","District 4","Southeast","0.4324","0.4681","0.4523","0.3335","0.4467","35840","North Port-Sarasota-Bradenton, FL","Metropolitan Statistical Area","23","5.23","164174","10992","0.067","3948.70675911095"
"21111","na","Shotts","Steven","KY","Louisville","40220","1","FALSE","ABO, NPI but no ENTHealth","aboto_nppes_agree_enthealth_missing","","","","","","","","","","Incomplete","943","1174529796","TRUE","FALSE","","","","missing","Urban","","","","FALSE","","0.69","District 4","Southeast","0.3256","0.2801","0.4308","0.4083","0.4186","31140","Louisville/Jefferson County, KY-IN","Metropolitan Statistical Area","48","6.16","161143","23838","0.1479","3460.94967946345"
"27059","na","Reddan","Julie","MN","Cambridge","55008","4","FALSE","ABO, NPI but no ENTHealth","aboto_nppes_agree_enthealth_missing","","","","","","","","","","Incomplete","944","1366444366","TRUE","FALSE","","","","missing","Rural","","","","FALSE","","0.74","District 5","Midwest","0.3733","0.3708","0.4383","0.1116","0.5217","33460","Minneapolis-St. Paul-Bloomington, MN-WI","Metropolitan Statistical Area","1","2.42","9054","856","0.0945","2446.00113133122"
"55101","na","Dankle","Jon","WI","Burlington","53105","4","FALSE","ABO, NPI but no ENTHealth","aboto_nppes_agree_enthealth_missing","","","","","","","","","","Incomplete","945","1023123262","TRUE","FALSE","","","","missing","Rural","","","","FALSE","","0.66","District 5","Midwest","0.2449","0.1959","0.3338","0.1425","0.4422","39540","Racine, WI","Metropolitan Statistical Area","6","3.04","46086","6892","0.1495","6435.79063801938"
"06087","na","Hajek","Michael","CA","Santa Cruz","95060","1","FALSE","ABO, NPI but no ENTHealth","aboto_nppes_agree_enthealth_missing","","","","","","","","","","Incomplete","946","1114456639","TRUE","FALSE","","","","missing","Urban","","","","FALSE","","0.67","District 8","Pacific","0.4362","0.4203","0.193","0.4919","0.6613","42100","Santa Cruz-Watsonville, CA","Metropolitan Statistical Area","10","3.72","59033","10395","0.1761","5671.29076557787"
"34001","na","Wagle","Priya","NJ","Linwood","08221","1","FALSE","ABO, NPI but no ENTHealth","aboto_nppes_agree_enthealth_missing","","","","","","","","","","Incomplete","947","1770585762","TRUE","FALSE","","","","missing","Urban","","","","FALSE","","0.61","District 2","Middle Atlantic","0.2257","0.2184","0.5916","0.2789","0.2578","12100","Atlantic City-Hammonton, NJ","Metropolitan Statistical Area","3","1.09","65752","8596","0.1307","4818.38005521908"
"42015","na","Dichtel","William","PA","Sayre","18840","4","FALSE","ABO, NPI but no ENTHealth","aboto_nppes_agree_enthealth_missing","","","","","","","","","","Incomplete","948","1982609061","TRUE","FALSE","","","","missing","Rural","","","","FALSE","","0.68","District 2","Middle Atlantic","0.4821","0.4882","0.5026","0.1182","0.5941","42380","Sayre, PA","Micropolitan Statistical Area","4","6.65","15981","2438","0.1526",""
"06071","na","Chonkich","George","CA","Loma Linda","92357","1","FALSE","ABO, NPI but no ENTHealth","aboto_nppes_agree_enthealth_missing","","","","","","","","","","Incomplete","949","1760588750","TRUE","FALSE","","","","missing","Urban","","","","FALSE","","0.67","District 8","Pacific","","","","","","40140","Riverside-San Bernardino-Ontario, CA","Metropolitan Statistical Area","59","2.71","343955","99719","0.2899","818.608814468344"
"47037","na","Tawfik","Kareem","TN","Nashville","37232","1","FALSE","ABO, NPI but no ENTHealth","aboto_nppes_disagree_enthealth_missing","","","","","","","","","","Incomplete","950","1265799274","TRUE","FALSE","","","","missing","Urban","","","","FALSE","","","District 4","Southeast","0.6343","0.7568","0.0033","0.6067","0.9965","34980","Nashville-Davidson--Murfreesboro--Franklin, TN","Metropolitan Statistical Area","77","10.85","105164","16985","0.1615","2584.58621056026"
"25009","na","Cipro","Robert","MA","North Andover","01845","1","FALSE","ABO, NPI but no ENTHealth","aboto_nppes_agree_enthealth_missing","","","","","","","","","","Incomplete","951","1033111646","TRUE","FALSE","","","","missing","Urban","","","","FALSE","","0.74","District 1","New England","0.3662","0.2206","0.5041","0.3356","0.5355","14460","Boston-Cambridge-Newton, MA-NH","Metropolitan Statistical Area","22","2.73","178882","45434","0.254","2023.04610416402"
"34023","na","Vinnakota","Radha","NJ","South Plainfield","07080","1","FALSE","ABO, NPI but no ENTHealth","aboto_nppes_agree_enthealth_missing","","","","","","","","","","Incomplete","952","1184718306","TRUE","FALSE","","","","missing","Urban","","","","FALSE","","0.61","District 2","Middle Atlantic","0.2558","0.2241","0.3918","0.6573","0.2674","35620","New York-Newark-Jersey City, NY-NJ-PA","Metropolitan Statistical Area","31","3.6","154665","21361","0.1381","675.82644634067"
"01071","na","Marshall","Darby","AL","Scottsboro","35768","4","FALSE","ABO, NPI but no ENTHealth","aboto_nppes_agree_enthealth_missing","","","","","","","","","","Incomplete","953","1265432371","TRUE","FALSE","","","","missing","Rural","","","","FALSE","","0.92","District 4","Southeast","0.7343","0.7413","0.7962","0.2155","0.675","42460","Scottsboro, AL","Micropolitan Statistical Area","1","1.9","14042","2683","0.1911",""
"41051","na","Lin","David","OR","Portland","97227","1","FALSE","ABO, NPI but no ENTHealth","aboto_nppes_agree_enthealth_missing","","","","","","","","","","Incomplete","954","1023124088","TRUE","FALSE","","","","missing","Urban","","","","FALSE","","0.88","District 8","Pacific","0.5749","0.5163","0.2211","0.4957","0.8421","38900","Portland-Vancouver-Hillsboro, OR-WA","Metropolitan Statistical Area","57","7.05","137010","31700","0.2314","2351.88604164786"
"08067","na","Cain","Rachel","CO","Durango","81301","4","FALSE","ABO, NPI but no ENTHealth","aboto_nppes_agree_enthealth_missing","","","","","","","","","","Incomplete","955","1710277975","TRUE","FALSE","","","","missing","Rural","","","","FALSE","","0.83","District 7","Mountain/Southwest","0.4036","0.39","0.1968","0.3377","0.6817","20420","Durango, CO","Micropolitan Statistical Area","4","7.15","13298","1082","0.0814",""
"46135","na","Nicholas","Robert","SD","Yankton","57078","4","FALSE","ABO, NPI but no ENTHealth","aboto_nppes_agree_enthealth_missing","","","","","","","","","","Incomplete","956","1609221563","TRUE","FALSE","","","","missing","Rural","","","","FALSE","","0.91","District 6","Central","0.4621","0.2666","0.4757","0.2152","0.8071","49460","Yankton, SD","Micropolitan Statistical Area","2","8.58","5868","708","0.1207",""
"12127","na","Munier","Michael","FL","Ormond Beach","32174","1","FALSE","ABO, NPI but no ENTHealth","aboto_nppes_agree_enthealth_missing","","","","","","","","","","Incomplete","957","1427033984","TRUE","FALSE","","","","missing","Urban","","","","FALSE","","0.64","District 4","Southeast","0.4344","0.3986","0.5349","0.3093","0.499","19660","Deltona-Daytona Beach-Ormond Beach, FL","Metropolitan Statistical Area","9","1.61","170938","22300","0.1305","5961.32531473669"
"20037","na","Shagets","Frank","KS","Pittsburg","66762","4","FALSE","ABO, NPI but no ENTHealth","aboto_nppes_disagree_enthealth_missing","","","","","","","","","","Incomplete","958","1457351033","TRUE","FALSE","","","","missing","Rural","","","","FALSE","","0.69","District 6","Central","0.5691","0.5539","0.4658","0.2858","0.6757","38260","Pittsburg, KS","Micropolitan Statistical Area","2","5.13","7856","1413","0.1799",""
"23011","na","Diehl","William","ME","Augusta","04330","4","FALSE","ABO, NPI but no ENTHealth","aboto_nppes_agree_enthealth_missing","","","","","","","","","","Incomplete","959","1588687164","TRUE","FALSE","","","","missing","Rural","","","","FALSE","","0.78","District 1","New England","0.5581","0.5231","0.5594","0.0948","0.6839","12300","Augusta-Waterville, ME","Micropolitan Statistical Area","4","3.23","34805","10426","0.2996",""
"34031","na","Abrams","Stephen","NJ","Wayne","07470","1","FALSE","ABO, NPI but no ENTHealth","aboto_nppes_agree_enthealth_missing","","","","","","","","","","Incomplete","960","1831103324","TRUE","FALSE","","","","missing","Urban","","","","FALSE","","0.61","District 2","Middle Atlantic","0.2745","0.2183","0.3656","0.4139","0.3733","35620","New York-Newark-Jersey City, NY-NJ-PA","Metropolitan Statistical Area","18","3.46","91852","19445","0.2117","675.82644634067"
