"county_fips","snapshot_year","medicare_benes","dual_medicaid_benes","dual_pct"
"01001","2025",12262,2115,0.1725
"01003","2025",65613,6831,0.1041
"01005","2025",6264,1854,0.296
"01007","2025",4827,1128,0.2337
"01009","2025",12426,2101,0.1691
"01011","2025",2346,841,0.3585
"01013","2025",4989,1517,0.3041
"01015","2025",28250,5925,0.2097
"01017","2025",9106,2329,0.2558
"01019","2025",7721,1580,0.2046
"01021","2025",9943,2070,0.2082
"01023","2025",3812,1032,0.2707
"01025","2025",6452,1719,0.2664
"01027","2025",3715,902,0.2428
"01029","2025",3651,750,0.2054
"01031","2025",11826,2182,0.1845
"01033","2025",14588,2916,0.1999
"01035","2025",3553,977,0.275
"01037","2025",3177,785,0.2471
"01039","2025",10302,2507,0.2434
"01041","2025",3619,979,0.2705
"01043","2025",21309,4205,0.1973
"01045","2025",11616,2765,0.238
"01047","2025",9912,3879,0.3913
"01049","2025",16125,3641,0.2258
"01051","2025",20165,3140,0.1557
"01053","2025",9020,2140,0.2373
"01055","2025",26762,6126,0.2289
"01057","2025",4471,1019,0.2279
"01059","2025",6821,1611,0.2362
"01061","2025",7228,1830,0.2532
"01063","2025",2293,853,0.372
"01065","2025",4282,1434,0.3349
"01067","2025",5261,1124,0.2136
"01069","2025",26135,5915,0.2263
"01071","2025",14042,2683,0.1911
"01073","2025",138955,27828,0.2003
"01075","2025",3878,882,0.2274
"01077","2025",23592,4233,0.1794
"01079","2025",7700,1547,0.2009
"01081","2025",29586,4520,0.1528
"01083","2025",21844,2991,0.1369
"01085","2025",3070,1108,0.3609
"01087","2025",4694,1348,0.2872
"01089","2025",78940,9684,0.1227
"01091","2025",5334,1661,0.3114
"01093","2025",7247,1681,0.232
"01095","2025",22303,4437,0.1989
"01097","2025",89978,20780,0.2309
"01099","2025",5304,1315,0.2479
"01101","2025",46065,11230,0.2438
"01103","2025",27844,4450,0.1598
"01105","2025",2518,1118,0.444
"01107","2025",5017,1441,0.2872
"01109","2025",6958,1876,0.2696
"01111","2025",6363,1344,0.2112
"01113","2025",12165,2791,0.2294
"01115","2025",20935,3361,0.1605
"01117","2025",44302,3790,0.0855
"01119","2025",3199,1146,0.3582
"01121","2025",20509,5155,0.2514
"01123","2025",11701,2567,0.2194
"01125","2025",38308,7428,0.1939
"01127","2025",17148,3974,0.2317
"01129","2025",4462,953,0.2136
"01131","2025",3250,1303,0.4009
"01133","2025",6402,1458,0.2277
"01999","2025",,,
"02013","2025",156,29,0.1859
"02016","2025",240,42,0.175
"02020","2025",46109,7712,0.1673
"02050","2025",1757,735,0.4183
"02060","2025",163,22,0.135
"02063","2025",1073,127,0.1184
"02066","2025",731,94,0.1286
"02068","2025",330,23,0.0697
"02070","2025",586,163,0.2782
"02090","2025",13624,1691,0.1241
"02100","2025",728,97,0.1332
"02105","2025",615,107,0.174
"02110","2025",5980,792,0.1324
"02122","2025",14650,1897,0.1295
"02130","2025",2808,434,0.1546
"02150","2025",2052,318,0.155
"02158","2025",656,329,0.5015
"02164","2025",183,51,0.2787
"02170","2025",19349,2762,0.1427
"02180","2025",999,345,0.3453
"02185","2025",588,90,0.1531
"02188","2025",624,203,0.3253
"02195","2025",918,111,0.1209
"02198","2025",1220,239,0.1959
"02220","2025",1729,191,0.1105
"02230","2025",199,,
"02240","2025",1505,242,0.1608
"02275","2025",625,80,0.128
"02282","2025",132,22,0.1667
"02290","2025",1006,274,0.2724
"02999","2025",,,
"04001","2025",15204,5369,0.3531
"04003","2025",37752,8135,0.2155
"04005","2025",24113,4509,0.187
"04007","2025",18246,3031,0.1661
"04009","2025",6434,1433,0.2227
"04011","2025",1345,232,0.1725
"04012","2025",6709,1424,0.2123
"04013","2025",801348,119190,0.1487
"04015","2025",77145,13299,0.1724
"04017","2025",28041,7050,0.2514
"04019","2025",261020,44863,0.1719
"04021","2025",105042,15247,0.1452
"04023","2025",11994,4387,0.3658
"04025","2025",94957,10688,0.1126
"04027","2025",45352,14942,0.3295
"04999","2025",,,
"05001","2025",4110,847,0.2061
"05003","2025",5169,1183,0.2289
"05005","2025",15545,1989,0.128
"05007","2025",51660,5707,0.1105
"05009","2025",10916,2065,0.1892
"05011","2025",2457,581,0.2365
"05013","2025",1157,224,0.1936
"05015","2025",7795,1178,0.1511
"05017","2025",2674,852,0.3186
"05019","2025",4976,988,0.1986
"05021","2025",3823,916,0.2396
"05023","2025",8653,1275,0.1473
"05025","2025",1974,343,0.1738
"05027","2025",5374,1374,0.2557
"05029","2025",5440,1134,0.2085
"05031","2025",20353,4270,0.2098
"05033","2025",14941,2991,0.2002
"05035","2025",9691,2850,0.2941
"05037","2025",3904,889,0.2277
"05039","2025",1915,468,0.2444
"05041","2025",2781,798,0.2869
"05043","2025",3888,956,0.2459
"05045","2025",23545,3331,0.1415
"05047","2025",4680,915,0.1955
"05049","2025",3663,752,0.2053
"05051","2025",31722,4965,0.1565
"05053","2025",4252,624,0.1468
"05055","2025",9933,2117,0.2131
"05057","2025",4599,1143,0.2485
"05059","2025",8117,1566,0.1929
"05061","2025",3244,752,0.2318
"05063","2025",8936,1817,0.2033
"05065","2025",4317,942,0.2182
"05067","2025",3677,1005,0.2733
"05069","2025",15721,3871,0.2462
"05071","2025",6017,1438,0.239
"05073","2025",1796,510,0.284
"05075","2025",4438,1164,0.2623
"05077","2025",1862,660,0.3545
"05079","2025",2349,565,0.2405
"05081","2025",3236,689,0.2129
"05083","2025",6066,1379,0.2273
"05085","2025",15361,2508,0.1633
"05087","2025",4328,808,0.1867
"05089","2025",5722,1018,0.1779
"05091","2025",9293,2028,0.2182
"05093","2025",8112,2468,0.3042
"05095","2025",1933,578,0.299
"05097","2025",2618,487,0.186
"05099","2025",2149,549,0.2555
"05101","2025",2409,531,0.2204
"05103","2025",6234,1485,0.2382
"05105","2025",2861,547,0.1912
"05107","2025",4097,1489,0.3634
"05109","2025",2820,610,0.2163
"05111","2025",5593,1674,0.2993
"05113","2025",5609,1065,0.1899
"05115","2025",14118,2863,0.2028
"05117","2025",2099,461,0.2196
"05119","2025",84295,15260,0.181
"05121","2025",4535,1174,0.2589
"05123","2025",5054,1548,0.3063
"05125","2025",28242,3543,0.1255
"05127","2025",2729,653,0.2393
"05129","2025",2680,615,0.2295
"05131","2025",28267,5940,0.2101
"05133","2025",3015,673,0.2232
"05135","2025",6312,1401,0.222
"05137","2025",4373,965,0.2207
"05139","2025",9563,2263,0.2366
"05141","2025",5570,1033,0.1855
"05143","2025",40823,5818,0.1425
"05145","2025",18310,3555,0.1942
"05147","2025",1815,579,0.319
"05149","2025",4977,1134,0.2278
"05999","2025",,,
"06001","2025",273738,69038,0.2522
"06003","2025",284,45,0.1585
"06005","2025",12398,1671,0.1348
"06007","2025",48391,12248,0.2531
"06009","2025",14379,2186,0.152
"06011","2025",4224,1361,0.3222
"06013","2025",224836,39211,0.1744
"06015","2025",6722,2044,0.3041
"06017","2025",51478,5968,0.1159
"06019","2025",159102,51015,0.3206
"06021","2025",5989,1829,0.3054
"06023","2025",31070,8142,0.2621
"06025","2025",36691,17317,0.472
"06027","2025",4759,858,0.1803
"06029","2025",133233,43751,0.3284
"06031","2025",19500,6373,0.3268
"06033","2025",17841,5778,0.3239
"06035","2025",5483,1244,0.2269
"06037","2025",1680860,546396,0.3251
"06039","2025",27146,7086,0.261
"06041","2025",64128,6277,0.0979
"06043","2025",5102,943,0.1848
"06045","2025",24224,6508,0.2687
"06047","2025",41793,14349,0.3433
"06049","2025",2621,728,0.2778
"06051","2025",2116,247,0.1167
"06053","2025",73799,16290,0.2207
"06055","2025",32039,5548,0.1732
"06057","2025",31029,4327,0.1395
"06059","2025",591778,128882,0.2178
"06061","2025",100299,10917,0.1088
"06063","2025",6509,1168,0.1794
"06065","2025",442411,104649,0.2365
"06067","2025",290835,77718,0.2672
"06069","2025",10919,2134,0.1954
"06071","2025",343955,99719,0.2899
"06073","2025",611811,126952,0.2075
"06075","2025",158399,56242,0.3551
"06077","2025",126602,33653,0.2658
"06079","2025",73038,9298,0.1273
"06081","2025",141043,20922,0.1483
"06083","2025",85399,16010,0.1875
"06085","2025",306874,70635,0.2302
"06087","2025",59033,10395,0.1761
"06089","2025",49237,11880,0.2413
"06091","2025",892,188,0.2108
"06093","2025",14022,3424,0.2442
"06095","2025",91241,16780,0.1839
"06097","2025",120353,17181,0.1428
"06099","2025",95222,26361,0.2768
"06101","2025",18572,5637,0.3035
"06103","2025",14827,4076,0.2749
"06105","2025",3649,971,0.2661
"06107","2025",69880,25903,0.3707
"06109","2025",16523,2743,0.166
"06111","2025",174151,30100,0.1728
"06113","2025",36648,7521,0.2052
"06115","2025",14128,4553,0.3223
"06999","2025",,,
"08001","2025",70376,11207,0.1592
"08003","2025",3381,841,0.2487
"08005","2025",106795,13536,0.1267
"08007","2025",4708,395,0.0839
"08009","2025",953,202,0.212
"08011","2025",1165,326,0.2798
"08013","2025",61410,5088,0.0829
"08014","2025",13721,858,0.0625
"08015","2025",6109,539,0.0882
"08017","2025",415,58,0.1398
"08019","2025",1864,181,0.0971
"08021","2025",2078,541,0.2603
"08023","2025",1367,377,0.2758
"08025","2025",906,264,0.2914
"08027","2025",2101,171,0.0814
"08029","2025",10532,1304,0.1238
"08031","2025",96194,19240,0.2
"08033","2025",606,65,0.1073
"08035","2025",63558,2885,0.0454
"08037","2025",7747,402,0.0519
"08039","2025",5820,258,0.0443
"08041","2025",127917,15587,0.1219
"08043","2025",13534,2196,0.1623
"08045","2025",10756,1249,0.1161
"08047","2025",1270,106,0.0835
"08049","2025",3132,184,0.0587
"08051","2025",2858,243,0.085
"08053","2025",245,13,0.0531
"08055","2025",2673,511,0.1912
"08057","2025",352,29,0.0824
"08059","2025",122497,10294,0.084
"08061","2025",361,64,0.1773
"08063","2025",1626,218,0.1341
"08065","2025",1141,107,0.0938
"08067","2025",13298,1082,0.0814
"08069","2025",76161,6685,0.0878
"08071","2025",4579,896,0.1957
"08073","2025",1068,181,0.1695
"08075","2025",4600,794,0.1726
"08077","2025",41005,5412,0.132
"08079","2025",314,24,0.0764
"08081","2025",2650,364,0.1374
"08083","2025",7815,1198,0.1533
"08085","2025",13029,1630,0.1251
"08087","2025",5686,967,0.1701
"08089","2025",4802,1273,0.2651
"08091","2025",1693,85,0.0502
"08093","2025",4403,389,0.0883
"08095","2025",1084,166,0.1531
"08097","2025",3340,133,0.0398
"08099","2025",2612,634,0.2427
"08101","2025",40677,8824,0.2169
"08103","2025",1474,171,0.116
"08105","2025",3486,810,0.2324
"08107","2025",5060,241,0.0476
"08109","2025",1667,316,0.1896
"08111","2025",173,,
"08113","2025",1306,95,0.0727
"08115","2025",748,124,0.1658
"08117","2025",4355,141,0.0324
"08119","2025",7537,665,0.0882
"08121","2025",1145,162,0.1415
"08123","2025",57604,7377,0.1281
"08125","2025",1988,281,0.1413
"08999","2025",,,
"09110","2025",207057,59802,0.2888
"09120","2025",56804,17591,0.3097
"09130","2025",45859,9075,0.1979
"09140","2025",99784,30086,0.3015
"09150","2025",22832,6589,0.2886
"09160","2025",30801,7105,0.2307
"09170","2025",121972,34985,0.2868
"09180","2025",65164,18068,0.2773
"09190","2025",116552,21997,0.1887
"09999","2025",,,
"10001","2025",43549,7322,0.1681
"10003","2025",115190,17058,0.1481
"10005","2025",94229,8449,0.0897
"10999","2025",,,
"11001","2025",97164,23661,0.2435
"11999","2025",,,
"12001","2025",53801,8329,0.1548
"12003","2025",5632,968,0.1719
"12005","2025",43243,5559,0.1286
"12007","2025",6237,1180,0.1892
"12009","2025",180147,19879,0.1103
"12011","2025",371425,82992,0.2234
"12013","2025",3122,721,0.2309
"12015","2025",80099,6255,0.0781
"12017","2025",66480,7492,0.1127
"12019","2025",51149,5319,0.104
"12021","2025",121125,8734,0.0721
"12023","2025",18376,3921,0.2134
"12027","2025",7806,1436,0.184
"12029","2025",4690,1128,0.2405
"12031","2025",191702,35941,0.1875
"12033","2025",76270,12932,0.1696
"12035","2025",47202,3709,0.0786
"12037","2025",3548,468,0.1319
"12039","2025",11179,2629,0.2352
"12041","2025",4773,807,0.1691
"12043","2025",2521,401,0.1591
"12045","2025",4565,629,0.1378
"12047","2025",3447,814,0.2361
"12049","2025",4621,1209,0.2616
"12051","2025",7495,2199,0.2934
"12053","2025",63024,8150,0.1293
"12055","2025",37361,5867,0.157
"12057","2025",271268,55926,0.2062
"12059","2025",4845,1161,0.2396
"12061","2025",62375,5506,0.0883
"12063","2025",12161,2575,0.2117
"12065","2025",4172,689,0.1651
"12067","2025",1497,304,0.2031
"12069","2025",126038,13624,0.1081
"12071","2025",222394,23106,0.1039
"12073","2025",52943,7008,0.1324
"12075","2025",13703,2548,0.1859
"12077","2025",1570,347,0.221
"12079","2025",5035,1065,0.2115
"12081","2025",122586,10328,0.0843
"12083","2025",134640,18249,0.1355
"12085","2025",52160,3498,0.0671
"12086","2025",514389,224760,0.4369
"12087","2025",18829,2026,0.1076
"12089","2025",29374,2240,0.0763
"12091","2025",46387,4784,0.1031
"12093","2025",9784,2003,0.2047
"12095","2025",222901,50376,0.226
"12097","2025",74225,20774,0.2799
"12099","2025",365815,47098,0.1287
"12101","2025",150542,23135,0.1537
"12103","2025",261350,36101,0.1381
"12105","2025",181035,35804,0.1978
"12107","2025",21469,4453,0.2074
"12109","2025",77753,4810,0.0619
"12111","2025",98035,12956,0.1322
"12113","2025",43813,4355,0.0994
"12115","2025",164174,10992,0.067
"12117","2025",89174,12185,0.1366
"12119","2025",87579,3405,0.0389
"12121","2025",12418,2461,0.1982
"12123","2025",5267,983,0.1866
"12125","2025",2503,478,0.191
"12127","2025",170938,22300,0.1305
"12129","2025",7960,1007,0.1265
"12131","2025",19943,1895,0.095
"12133","2025",6054,1277,0.2109
"12999","2025",,,
"13001","2025",4137,1069,0.2584
"13003","2025",1491,520,0.3488
"13005","2025",2153,594,0.2759
"13007","2025",687,247,0.3595
"13009","2025",9735,2154,0.2213
"13011","2025",4396,952,0.2166
"13013","2025",16284,3109,0.1909
"13015","2025",21772,3738,0.1717
"13017","2025",4042,1320,0.3266
"13019","2025",4141,1285,0.3103
"13021","2025",34359,9563,0.2783
"13023","2025",2858,657,0.2299
"13025","2025",3747,911,0.2431
"13027","2025",3912,1207,0.3085
"13029","2025",7968,1146,0.1438
"13031","2025",12092,2681,0.2217
"13033","2025",5257,1560,0.2967
"13035","2025",5770,1262,0.2187
"13037","2025",1307,458,0.3504
"13039","2025",11465,1554,0.1355
"13043","2025",2377,718,0.3021
"13045","2025",25022,5036,0.2013
"13047","2025",13919,1969,0.1415
"13049","2025",2380,605,0.2542
"13051","2025",56789,9708,0.1709
"13053","2025",678,194,0.2861
"13055","2025",6271,1733,0.2764
"13057","2025",55390,4215,0.0761
"13059","2025",19399,3953,0.2038
"13061","2025",780,271,0.3474
"13063","2025",38788,10537,0.2717
"13065","2025",1509,527,0.3492
"13067","2025",120848,13371,0.1106
"13069","2025",7671,2365,0.3083
"13071","2025",8953,2854,0.3188
"13073","2025",29845,2895,0.097
"13075","2025",3690,1179,0.3195
"13077","2025",29694,3486,0.1174
"13079","2025",2530,533,0.2107
"13081","2025",4684,1538,0.3284
"13083","2025",3902,717,0.1838
"13085","2025",7350,809,0.1101
"13087","2025",6032,1711,0.2837
"13089","2025",118406,23753,0.2006
"13091","2025",4380,1288,0.2941
"13093","2025",2307,721,0.3125
"13095","2025",18488,6013,0.3252
"13097","2025",23888,4386,0.1836
"13099","2025",2442,817,0.3346
"13101","2025",458,99,0.2162
"13103","2025",11594,1693,0.146
"13105","2025",5452,1398,0.2564
"13107","2025",5141,1718,0.3342
"13109","2025",2316,607,0.2621
"13111","2025",9118,1288,0.1413
"13113","2025",28444,1992,0.07
"13115","2025",21857,4620,0.2114
"13117","2025",35211,2603,0.0739
"13119","2025",6199,1455,0.2347
"13121","2025",161512,33477,0.2073
"13123","2025",9901,1253,0.1266
"13125","2025",726,189,0.2603
"13127","2025",21530,3054,0.1418
"13129","2025",12121,2664,0.2198
"13131","2025",5459,1528,0.2799
"13133","2025",7434,984,0.1324
"13135","2025",127798,22612,0.1769
"13137","2025",11249,2002,0.178
"13139","2025",40774,5705,0.1399
"13141","2025",2475,696,0.2812
"13143","2025",6634,1539,0.232
"13145","2025",8042,915,0.1138
"13147","2025",6982,1325,0.1898
"13149","2025",2322,590,0.2541
"13151","2025",42293,7190,0.17
"13153","2025",29965,4959,0.1655
"13155","2025",1897,557,0.2936
"13157","2025",18886,2593,0.1373
"13159","2025",3588,637,0.1775
"13161","2025",2893,815,0.2817
"13163","2025",4023,1258,0.3127
"13165","2025",1802,606,0.3363
"13167","2025",2008,683,0.3401
"13169","2025",5386,829,0.1539
"13171","2025",4515,1001,0.2217
"13173","2025",1626,498,0.3063
"13175","2025",11348,2933,0.2585
"13177","2025",5731,930,0.1623
"13179","2025",9655,2053,0.2126
"13181","2025",2483,522,0.2102
"13183","2025",2170,482,0.2221
"13185","2025",21634,5333,0.2465
"13187","2025",7528,1154,0.1533
"13189","2025",5362,1406,0.2622
"13191","2025",3677,716,0.1947
"13193","2025",2616,929,0.3551
"13195","2025",7267,1454,0.2001
"13197","2025",1702,490,0.2879
"13199","2025",5555,1436,0.2585
"13201","2025",1446,435,0.3008
"13205","2025",4694,1647,0.3509
"13207","2025",6535,1136,0.1738
"13209","2025",1883,556,0.2953
"13211","2025",5310,780,0.1469
"13213","2025",8294,2249,0.2712
"13215","2025",39037,9485,0.243
"13217","2025",21977,4567,0.2078
"13219","2025",8243,607,0.0736
"13221","2025",3176,587,0.1848
"13223","2025",25267,3345,0.1324
"13225","2025",7104,1606,0.2261
"13227","2025",10815,1151,0.1064
"13229","2025",4557,1113,0.2442
"13231","2025",4217,663,0.1572
"13233","2025",9679,2295,0.2371
"13235","2025",2293,567,0.2473
"13237","2025",6593,950,0.1441
"13239","2025",856,256,0.2991
"13241","2025",5768,842,0.146
"13243","2025",1678,654,0.3897
"13245","2025",39860,9861,0.2474
"13247","2025",17928,3242,0.1808
"13249","2025",889,233,0.2621
"13251","2025",3676,1052,0.2862
"13253","2025",2390,613,0.2565
"13255","2025",16514,3774,0.2285
"13257","2025",7727,1986,0.257
"13259","2025",1156,467,0.404
"13261","2025",6521,2057,0.3154
"13263","2025",1809,504,0.2786
"13265","2025",509,173,0.3399
"13267","2025",4424,1271,0.2873
"13269","2025",1947,600,0.3082
"13271","2025",2548,857,0.3363
"13273","2025",2334,823,0.3526
"13275","2025",11445,2989,0.2612
"13277","2025",8523,2515,0.2951
"13279","2025",5993,1874,0.3127
"13281","2025",5822,608,0.1044
"13283","2025",1386,486,0.3506
"13285","2025",14610,3418,0.2339
"13287","2025",2035,742,0.3646
"13289","2025",2239,575,0.2568
"13291","2025",10629,1041,0.0979
"13293","2025",6681,1877,0.2809
"13295","2025",16730,3564,0.213
"13297","2025",23233,3705,0.1595
"13299","2025",8488,2463,0.2902
"13301","2025",1514,537,0.3547
"13303","2025",4738,1356,0.2862
"13305","2025",6363,1509,0.2372
"13307","2025",548,152,0.2774
"13309","2025",1136,346,0.3046
"13311","2025",8348,1391,0.1666
"13313","2025",18875,4359,0.2309
"13315","2025",1859,625,0.3362
"13317","2025",2909,826,0.2839
"13319","2025",2548,565,0.2217
"13321","2025",4369,1114,0.255
"13999","2025",,,
"15001","2025",53123,9900,0.1864
"15003","2025",205982,32560,0.1581
"15005","2025",,,
"15007","2025",17722,2688,0.1517
"15009","2025",35507,5305,0.1494
"15999","2025",,,
"16001","2025",103573,10256,0.099
"16003","2025",1573,155,0.0985
"16005","2025",17647,3078,0.1744
"16007","2025",1631,176,0.1079
"16009","2025",3197,553,0.173
"16011","2025",9325,1480,0.1587
"16013","2025",6217,334,0.0537
"16015","2025",2507,221,0.0882
"16017","2025",15505,1581,0.102
"16019","2025",22271,3496,0.157
"16021","2025",4085,477,0.1168
"16023","2025",751,115,0.1531
"16025","2025",314,23,0.0732
"16027","2025",48132,7725,0.1605
"16029","2025",1512,119,0.0787
"16031","2025",4577,781,0.1706
"16033","2025",141,17,0.1206
"16035","2025",3049,400,0.1312
"16037","2025",1500,147,0.098
"16039","2025",5511,960,0.1742
"16041","2025",2738,256,0.0935
"16043","2025",2865,354,0.1236
"16045","2025",5725,751,0.1312
"16047","2025",3464,613,0.177
"16049","2025",5565,709,0.1274
"16051","2025",5180,572,0.1104
"16053","2025",4163,696,0.1672
"16055","2025",47413,5095,0.1075
"16057","2025",7538,844,0.112
"16059","2025",2963,360,0.1215
"16061","2025",1805,399,0.2211
"16063","2025",971,158,0.1627
"16065","2025",3969,473,0.1192
"16067","2025",4473,727,0.1625
"16069","2025",11031,1693,0.1535
"16071","2025",1145,122,0.1066
"16073","2025",2642,483,0.1828
"16075","2025",6529,1033,0.1582
"16077","2025",1540,229,0.1487
"16079","2025",4020,784,0.195
"16081","2025",2057,113,0.0549
"16083","2025",19129,3079,0.161
"16085","2025",3544,232,0.0655
"16087","2025",3425,517,0.1509
"16999","2025",,,
"17001","2025",15736,2401,0.1526
"17003","2025",1527,453,0.2967
"17005","2025",3839,582,0.1516
"17007","2025",10819,1420,0.1313
"17009","2025",1126,174,0.1545
"17011","2025",8699,1122,0.129
"17013","2025",1260,163,0.1294
"17015","2025",4458,638,0.1431
"17017","2025",2701,567,0.2099
"17019","2025",32906,4946,0.1503
"17021","2025",8246,1382,0.1676
"17023","2025",3893,576,0.148
"17025","2025",3342,630,0.1885
"17027","2025",8250,1003,0.1216
"17029","2025",10526,2090,0.1986
"17031","2025",878119,194550,0.2216
"17033","2025",4588,663,0.1445
"17035","2025",2577,365,0.1416
"17037","2025",18691,2378,0.1272
"17039","2025",3849,547,0.1421
"17041","2025",4311,554,0.1285
"17043","2025",183216,18481,0.1009
"17045","2025",4457,840,0.1885
"17047","2025",1551,189,0.1219
"17049","2025",8332,1019,0.1223
"17051","2025",4565,831,0.182
"17053","2025",3298,473,0.1434
"17055","2025",9815,2214,0.2256
"17057","2025",8410,1340,0.1593
"17059","2025",1351,259,0.1917
"17061","2025",3095,613,0.1981
"17063","2025",10059,1082,0.1076
"17065","2025",1972,382,0.1937
"17067","2025",4930,614,0.1245
"17069","2025",1022,235,0.2299
"17071","2025",1746,211,0.1208
"17073","2025",12261,1444,0.1178
"17075","2025",7245,1211,0.1671
"17077","2025",11046,2227,0.2016
"17079","2025",2344,304,0.1297
"17081","2025",8693,1723,0.1982
"17083","2025",5439,786,0.1445
"17085","2025",6906,468,0.0678
"17087","2025",3197,540,0.1689
"17089","2025",92155,11283,0.1224
"17091","2025",23287,4397,0.1888
"17093","2025",18909,1943,0.1028
"17095","2025",12618,2327,0.1844
"17097","2025",133302,15271,0.1146
"17099","2025",26310,3625,0.1378
"17101","2025",3315,658,0.1985
"17103","2025",8520,1303,0.1529
"17105","2025",8347,1231,0.1475
"17107","2025",6243,908,0.1454
"17109","2025",6038,937,0.1552
"17111","2025",65637,5504,0.0839
"17113","2025",30270,3515,0.1161
"17115","2025",24486,4674,0.1909
"17117","2025",11944,1834,0.1535
"17119","2025",59632,8673,0.1454
"17121","2025",9984,2415,0.2419
"17123","2025",3253,365,0.1122
"17125","2025",3575,551,0.1541
"17127","2025",3723,792,0.2127
"17129","2025",3026,353,0.1167
"17131","2025",4002,395,0.0987
"17133","2025",8476,489,0.0577
"17135","2025",7160,1241,0.1733
"17137","2025",8086,1566,0.1937
"17139","2025",3248,461,0.1419
"17141","2025",11880,1465,0.1233
"17143","2025",37951,6630,0.1747
"17145","2025",4740,821,0.1732
"17147","2025",4117,386,0.0938
"17149","2025",3817,705,0.1847
"17151","2025",1164,183,0.1572
"17153","2025",1392,343,0.2464
"17155","2025",1597,103,0.0645
"17157","2025",7382,1009,0.1367
"17159","2025",3830,737,0.1924
"17161","2025",32698,4874,0.1491
"17163","2025",53553,9448,0.1764
"17165","2025",6190,1418,0.2291
"17167","2025",44879,6529,0.1455
"17169","2025",1756,253,0.1441
"17171","2025",1165,160,0.1373
"17173","2025",5336,651,0.122
"17175","2025",1374,175,0.1274
"17177","2025",12178,1696,0.1393
"17179","2025",30909,3727,0.1206
"17181","2025",4484,1076,0.24
"17183","2025",17829,3690,0.207
"17185","2025",2845,433,0.1522
"17187","2025",3967,590,0.1487
"17189","2025",3404,272,0.0799
"17191","2025",3901,666,0.1707
"17193","2025",3670,661,0.1801
"17195","2025",14610,2187,0.1497
"17197","2025",121737,14285,0.1173
"17199","2025",16029,3004,0.1874
"17201","2025",62931,11167,0.1774
"17203","2025",8311,619,0.0745
"17999","2025",,,
"18001","2025",6724,907,0.1349
"18003","2025",75212,13159,0.175
"18005","2025",17144,2679,0.1563
"18007","2025",1993,305,0.153
"18009","2025",3137,631,0.2011
"18011","2025",14007,1381,0.0986
"18013","2025",4155,433,0.1042
"18015","2025",4496,553,0.123
"18017","2025",8374,1493,0.1783
"18019","2025",26710,4629,0.1733
"18021","2025",6681,1080,0.1617
"18023","2025",6955,1138,0.1636
"18025","2025",2955,561,0.1898
"18027","2025",5821,967,0.1661
"18029","2025",12296,1559,0.1268
"18031","2025",6219,1094,0.1759
"18033","2025",9719,1446,0.1488
"18035","2025",24658,5009,0.2031
"18037","2025",10335,1108,0.1072
"18039","2025",37313,5777,0.1548
"18041","2025",6428,1764,0.2744
"18043","2025",17872,2818,0.1577
"18045","2025",4433,645,0.1455
"18047","2025",5301,760,0.1434
"18049","2025",5056,766,0.1515
"18051","2025",7777,1242,0.1597
"18053","2025",16290,3649,0.224
"18055","2025",8002,1422,0.1777
"18057","2025",61687,4659,0.0755
"18059","2025",18814,2062,0.1096
"18061","2025",9906,1444,0.1458
"18063","2025",32732,3064,0.0936
"18065","2025",11777,2250,0.1911
"18067","2025",20609,3374,0.1637
"18069","2025",9360,1518,0.1622
"18071","2025",9757,1711,0.1754
"18073","2025",7985,944,0.1182
"18075","2025",4683,885,0.189
"18077","2025",7901,1383,0.175
"18079","2025",6371,1432,0.2248
"18081","2025",33006,4335,0.1313
"18083","2025",8421,1738,0.2064
"18085","2025",17610,2214,0.1257
"18087","2025",6231,790,0.1268
"18089","2025",103994,17892,0.172
"18091","2025",25418,4186,0.1647
"18093","2025",11651,2042,0.1753
"18095","2025",31062,6125,0.1972
"18097","2025",157409,37524,0.2384
"18099","2025",10382,1428,0.1375
"18101","2025",2595,408,0.1572
"18103","2025",7912,1364,0.1724
"18105","2025",23460,3315,0.1413
"18107","2025",8956,1473,0.1645
"18109","2025",18072,2491,0.1378
"18111","2025",3307,468,0.1415
"18113","2025",10161,1520,0.1496
"18115","2025",1625,270,0.1662
"18117","2025",4949,1105,0.2233
"18119","2025",5569,925,0.1661
"18121","2025",3872,614,0.1586
"18123","2025",4615,746,0.1616
"18125","2025",2968,518,0.1745
"18127","2025",38493,4119,0.107
"18129","2025",6120,693,0.1132
"18131","2025",3288,506,0.1539
"18133","2025",8416,1361,0.1617
"18135","2025",6127,1058,0.1727
"18137","2025",7318,1068,0.1459
"18139","2025",3962,710,0.1792
"18141","2025",54258,9217,0.1699
"18143","2025",5948,1514,0.2545
"18145","2025",10339,1881,0.1819
"18147","2025",5131,709,0.1382
"18149","2025",6006,1105,0.184
"18151","2025",9094,1081,0.1189
"18153","2025",4726,852,0.1803
"18155","2025",2215,463,0.209
"18157","2025",28113,4264,0.1517
"18159","2025",3818,392,0.1027
"18161","2025",1832,330,0.1801
"18163","2025",40266,7458,0.1852
"18165","2025",3931,755,0.1921
"18167","2025",23129,5429,0.2347
"18169","2025",8358,1284,0.1536
"18171","2025",1902,217,0.1141
"18173","2025",14954,1692,0.1131
"18175","2025",6574,1299,0.1976
"18177","2025",16441,3926,0.2388
"18179","2025",6677,986,0.1477
"18181","2025",6640,904,0.1361
"18183","2025",8520,890,0.1045
"18999","2025",,,
"19001","2025",1861,192,0.1032
"19003","2025",1082,165,0.1525
"19005","2025",3738,335,0.0896
"19007","2025",3475,609,0.1753
"19009","2025",1599,178,0.1113
"19011","2025",6030,587,0.0973
"19013","2025",28638,4521,0.1579
"19015","2025",6358,619,0.0974
"19017","2025",5917,380,0.0642
"19019","2025",4855,531,0.1094
"19021","2025",3972,512,0.1289
"19023","2025",3972,338,0.0851
"19025","2025",2724,325,0.1193
"19027","2025",5425,629,0.1159
"19029","2025",3732,568,0.1522
"19031","2025",4410,334,0.0757
"19033","2025",12020,1615,0.1344
"19035","2025",3197,320,0.1001
"19037","2025",3017,238,0.0789
"19039","2025",2159,307,0.1422
"19041","2025",4279,519,0.1213
"19043","2025",5078,523,0.103
"19045","2025",11551,1650,0.1428
"19047","2025",3512,456,0.1298
"19049","2025",15321,1318,0.086
"19051","2025",1878,194,0.1033
"19053","2025",1898,333,0.1754
"19055","2025",4342,380,0.0875
"19057","2025",10039,1438,0.1432
"19059","2025",5803,411,0.0708
"19061","2025",22997,2571,0.1118
"19063","2025",2458,234,0.0952
"19065","2025",5315,747,0.1405
"19067","2025",4062,581,0.143
"19069","2025",2399,238,0.0992
"19071","2025",1887,204,0.1081
"19073","2025",2463,259,0.1052
"19075","2025",3024,235,0.0777
"19077","2025",3116,311,0.0998
"19079","2025",3584,370,0.1032
"19081","2025",2708,217,0.0801
"19083","2025",4539,512,0.1128
"19085","2025",3681,496,0.1347
"19087","2025",4793,594,0.1239
"19089","2025",2463,232,0.0942
"19091","2025",2423,231,0.0953
"19093","2025",1744,171,0.0981
"19095","2025",4098,328,0.08
"19097","2025",5274,677,0.1284
"19099","2025",8925,1193,0.1337
"19101","2025",4869,687,0.1411
"19103","2025",25281,2863,0.1132
"19105","2025",4948,481,0.0972
"19107","2025",2579,286,0.1109
"19109","2025",4040,408,0.101
"19111","2025",8763,1328,0.1515
"19113","2025",47625,6013,0.1263
"19115","2025",2545,303,0.1191
"19117","2025",2227,320,0.1437
"19119","2025",2536,161,0.0635
"19121","2025",3680,300,0.0815
"19123","2025",4926,710,0.1441
"19125","2025",7927,804,0.1014
"19127","2025",8917,1421,0.1594
"19129","2025",3483,310,0.089
"19131","2025",2617,232,0.0887
"19133","2025",2413,332,0.1376
"19135","2025",1909,247,0.1294
"19137","2025",2823,410,0.1452
"19139","2025",9468,1347,0.1423
"19141","2025",3518,365,0.1038
"19143","2025",1502,123,0.0819
"19145","2025",4100,677,0.1651
"19147","2025",2433,313,0.1286
"19149","2025",5769,488,0.0846
"19151","2025",1938,233,0.1202
"19153","2025",90127,12453,0.1382
"19155","2025",21678,3430,0.1582
"19157","2025",4559,418,0.0917
"19159","2025",1348,174,0.1291
"19161","2025",2673,247,0.0924
"19163","2025",37235,4942,0.1327
"19165","2025",3284,374,0.1139
"19167","2025",6712,533,0.0794
"19169","2025",15949,1468,0.092
"19171","2025",4116,380,0.0923
"19173","2025",1616,194,0.12
"19175","2025",3081,488,0.1584
"19177","2025",1971,292,0.1481
"19179","2025",7820,1518,0.1941
"19181","2025",11220,945,0.0842
"19183","2025",5527,619,0.112
"19185","2025",1639,237,0.1446
"19187","2025",8397,1258,0.1498
"19189","2025",2818,273,0.0969
"19191","2025",5379,380,0.0706
"19193","2025",20199,3442,0.1704
"19195","2025",1877,168,0.0895
"19197","2025",3113,313,0.1005
"19999","2025",,,
"20001","2025",3162,528,0.167
"20003","2025",2017,228,0.113
"20005","2025",3574,514,0.1438
"20007","2025",1247,133,0.1067
"20009","2025",6037,806,0.1335
"20011","2025",3417,555,0.1624
"20013","2025",2512,394,0.1568
"20015","2025",13991,1327,0.0948
"20017","2025",679,79,0.1163
"20019","2025",969,158,0.1631
"20021","2025",4750,852,0.1794
"20023","2025",797,71,0.0891
"20025","2025",476,52,0.1092
"20027","2025",2184,214,0.098
"20029","2025",2263,293,0.1295
"20031","2025",2216,228,0.1029
"20033","2025",503,83,0.165
"20035","2025",7838,1136,0.1449
"20037","2025",7856,1413,0.1799
"20039","2025",861,86,0.0999
"20041","2025",4703,529,0.1125
"20043","2025",1798,200,0.1112
"20045","2025",21029,2044,0.0972
"20047","2025",751,81,0.1079
"20049","2025",756,101,0.1336
"20051","2025",6047,714,0.1181
"20053","2025",1536,139,0.0905
"20055","2025",5276,834,0.1581
"20057","2025",4504,713,0.1583
"20059","2025",6012,702,0.1168
"20061","2025",4525,645,0.1425
"20063","2025",708,43,0.0607
"20065","2025",735,87,0.1184
"20067","2025",1206,131,0.1086
"20069","2025",1174,89,0.0758
"20071","2025",301,38,0.1262
"20073","2025",1841,256,0.1391
"20075","2025",416,47,0.113
"20077","2025",1461,168,0.115
"20079","2025",8564,1021,0.1192
"20081","2025",635,56,0.0882
"20083","2025",424,32,0.0755
"20085","2025",3107,326,0.1049
"20087","2025",4697,451,0.096
"20089","2025",901,91,0.101
"20091","2025",117595,7338,0.0624
"20093","2025",665,69,0.1038
"20095","2025",2008,204,0.1016
"20097","2025",602,84,0.1395
"20099","2025",4962,1048,0.2112
"20101","2025",423,40,0.0946
"20103","2025",15893,1275,0.0802
"20105","2025",874,110,0.1259
"20107","2025",2614,293,0.1121
"20109","2025",665,59,0.0887
"20111","2025",6664,928,0.1393
"20113","2025",7295,646,0.0886
"20115","2025",3251,346,0.1064
"20117","2025",2745,267,0.0973
"20119","2025",866,70,0.0808
"20121","2025",7564,744,0.0984
"20123","2025",1647,154,0.0935
"20125","2025",7809,1476,0.189
"20127","2025",1502,136,0.0905
"20129","2025",596,59,0.099
"20131","2025",2451,218,0.0889
"20133","2025",3777,601,0.1591
"20135","2025",828,65,0.0785
"20137","2025",1187,123,0.1036
"20139","2025",4353,532,0.1222
"20141","2025",1021,113,0.1107
"20143","2025",1454,130,0.0894
"20145","2025",1495,174,0.1164
"20147","2025",1473,115,0.0781
"20149","2025",4776,366,0.0766
"20151","2025",2204,256,0.1162
"20153","2025",706,65,0.0921
"20155","2025",14974,1956,0.1306
"20157","2025",1444,166,0.115
"20159","2025",2266,263,0.1161
"20161","2025",9435,933,0.0989
"20163","2025",1354,141,0.1041
"20165","2025",943,107,0.1135
"20167","2025",1908,260,0.1363
"20169","2025",12513,1699,0.1358
"20171","2025",1043,95,0.0911
"20173","2025",101698,13530,0.133
"20175","2025",2591,463,0.1787
"20177","2025",41853,5821,0.1391
"20179","2025",636,45,0.0708
"20181","2025",1407,199,0.1414
"20183","2025",1183,136,0.115
"20185","2025",1052,107,0.1017
"20187","2025",364,47,0.1291
"20189","2025",902,85,0.0942
"20191","2025",5423,625,0.1152
"20193","2025",1681,167,0.0993
"20195","2025",845,80,0.0947
"20197","2025",1765,138,0.0782
"20199","2025",380,35,0.0921
"20201","2025",1498,139,0.0928
"20203","2025",455,42,0.0923
"20205","2025",2348,400,0.1704
"20207","2025",876,106,0.121
"20209","2025",25790,5171,0.2005
"20999","2025",,,
"21001","2025",4618,1147,0.2484
"21003","2025",4855,1005,0.207
"21005","2025",5294,602,0.1137
"21007","2025",2001,274,0.1369
"21009","2025",10748,2193,0.204
"21011","2025",3072,866,0.2819
"21013","2025",6368,2216,0.348
"21015","2025",25649,2250,0.0877
"21017","2025",4755,779,0.1638
"21019","2025",11988,2199,0.1834
"21021","2025",7452,1092,0.1465
"21023","2025",2233,398,0.1782
"21025","2025",3195,1145,0.3584
"21027","2025",5229,1019,0.1949
"21029","2025",17292,1860,0.1076
"21031","2025",2964,665,0.2244
"21033","2025",3371,591,0.1753
"21035","2025",8570,1241,0.1448
"21037","2025",19309,1942,0.1006
"21039","2025",1230,224,0.1821
"21041","2025",2412,487,0.2019
"21043","2025",7093,1706,0.2405
"21045","2025",3915,1061,0.271
"21047","2025",11975,2399,0.2003
"21049","2025",8666,1473,0.17
"21051","2025",4748,1802,0.3795
"21053","2025",2581,868,0.3363
"21055","2025",2205,329,0.1492
"21057","2025",1941,575,0.2962
"21059","2025",23741,3767,0.1587
"21061","2025",2795,560,0.2004
"21063","2025",1339,402,0.3002
"21065","2025",3707,1101,0.297
"21067","2025",55227,7274,0.1317
"21069","2025",3711,849,0.2288
"21071","2025",9875,2742,0.2777
"21073","2025",14902,4344,0.2915
"21075","2025",1793,487,0.2716
"21077","2025",1701,326,0.1917
"21079","2025",4353,745,0.1711
"21081","2025",5577,939,0.1684
"21083","2025",8951,1583,0.1769
"21085","2025",7060,1571,0.2225
"21087","2025",2919,692,0.2371
"21089","2025",9364,1536,0.164
"21091","2025",2188,320,0.1463
"21093","2025",23609,3386,0.1434
"21095","2025",7018,1977,0.2817
"21097","2025",4744,855,0.1802
"21099","2025",4439,1110,0.2501
"21101","2025",10763,1720,0.1598
"21103","2025",4171,629,0.1508
"21105","2025",1141,246,0.2156
"21107","2025",11121,1962,0.1764
"21109","2025",3328,1088,0.3269
"21111","2025",161143,23838,0.1479
"21113","2025",11339,1475,0.1301
"21115","2025",6004,1505,0.2507
"21117","2025",32301,3882,0.1202
"21119","2025",3621,964,0.2662
"21121","2025",7172,2640,0.3681
"21123","2025",3620,694,0.1917
"21125","2025",14208,3347,0.2356
"21127","2025",4080,1017,0.2493
"21129","2025",1734,634,0.3656
"21131","2025",2776,808,0.2911
"21133","2025",5839,1475,0.2526
"21135","2025",3298,1000,0.3032
"21137","2025",6418,1529,0.2382
"21139","2025",2696,382,0.1417
"21141","2025",6697,1198,0.1789
"21143","2025",2460,301,0.1224
"21145","2025",17176,2597,0.1512
"21147","2025",3887,1475,0.3795
"21149","2025",2440,421,0.1725
"21151","2025",19111,3350,0.1753
"21153","2025",3233,1004,0.3105
"21155","2025",4582,924,0.2017
"21157","2025",9090,1171,0.1288
"21159","2025",2629,685,0.2606
"21161","2025",4228,865,0.2046
"21163","2025",5760,746,0.1295
"21165","2025",1817,515,0.2834
"21167","2025",5834,835,0.1431
"21169","2025",2721,763,0.2804
"21171","2025",2737,733,0.2678
"21173","2025",6332,1308,0.2066
"21175","2025",3142,873,0.2778
"21177","2025",7715,1500,0.1944
"21179","2025",11382,1590,0.1397
"21181","2025",1783,413,0.2316
"21183","2025",5686,1118,0.1966
"21185","2025",11858,700,0.059
"21187","2025",2342,408,0.1742
"21189","2025",1163,509,0.4377
"21191","2025",3504,544,0.1553
"21193","2025",6867,1981,0.2885
"21195","2025",15711,3677,0.234
"21197","2025",3209,860,0.268
"21199","2025",18057,3970,0.2199
"21201","2025",586,132,0.2253
"21203","2025",4122,1191,0.2889
"21205","2025",5070,1194,0.2355
"21207","2025",4896,1244,0.2541
"21209","2025",10311,1182,0.1146
"21211","2025",9954,954,0.0958
"21213","2025",4466,691,0.1547
"21215","2025",4240,418,0.0986
"21217","2025",6491,1346,0.2074
"21219","2025",2559,511,0.1997
"21221","2025",4153,560,0.1348
"21223","2025",2067,315,0.1524
"21225","2025",3279,474,0.1446
"21227","2025",24239,4124,0.1701
"21229","2025",2972,547,0.1841
"21231","2025",5221,1574,0.3015
"21233","2025",3228,505,0.1564
"21235","2025",9898,3045,0.3076
"21237","2025",1959,745,0.3803
"21239","2025",6712,551,0.0821
"21999","2025",,,
"22001","2025",13075,3810,0.2914
"22003","2025",4748,1340,0.2822
"22005","2025",21522,3350,0.1557
"22007","2025",5106,1325,0.2595
"22009","2025",9198,3238,0.352
"22011","2025",8032,1623,0.2021
"22013","2025",3526,1126,0.3193
"22015","2025",23564,4303,0.1826
"22017","2025",52706,14340,0.2721
"22019","2025",39761,8202,0.2063
"22021","2025",2353,679,0.2886
"22023","2025",981,124,0.1264
"22025","2025",2440,716,0.2934
"22027","2025",3442,947,0.2751
"22029","2025",4256,1369,0.3217
"22031","2025",6572,1688,0.2568
"22033","2025",83208,18462,0.2219
"22035","2025",1357,601,0.4429
"22037","2025",4808,1109,0.2307
"22039","2025",7167,2532,0.3533
"22041","2025",4607,1656,0.3595
"22043","2025",4562,1158,0.2538
"22045","2025",15943,4509,0.2828
"22047","2025",6813,1801,0.2643
"22049","2025",3642,857,0.2353
"22051","2025",93643,19897,0.2125
"22053","2025",6957,1736,0.2495
"22055","2025",47062,9428,0.2003
"22057","2025",20051,4275,0.2132
"22059","2025",3123,715,0.2289
"22061","2025",8094,1840,0.2273
"22063","2025",25156,4715,0.1874
"22065","2025",2007,772,0.3847
"22067","2025",6612,2260,0.3418
"22069","2025",8012,2253,0.2812
"22071","2025",68893,23202,0.3368
"22073","2025",30983,8373,0.2702
"22075","2025",4106,900,0.2192
"22077","2025",5339,1306,0.2446
"22079","2025",29019,8019,0.2763
"22081","2025",1849,559,0.3023
"22083","2025",4773,1585,0.3321
"22085","2025",5577,1287,0.2308
"22087","2025",7498,2244,0.2993
"22089","2025",10405,1647,0.1583
"22091","2025",2329,783,0.3362
"22093","2025",4946,1085,0.2194
"22095","2025",8970,2302,0.2566
"22097","2025",19956,6418,0.3216
"22099","2025",11538,3019,0.2617
"22101","2025",11374,3214,0.2826
"22103","2025",61715,8800,0.1426
"22105","2025",27711,7677,0.277
"22107","2025",1200,447,0.3725
"22109","2025",22530,5656,0.251
"22111","2025",5715,1384,0.2422
"22113","2025",12448,3088,0.2481
"22115","2025",8110,1712,0.2111
"22117","2025",10923,3645,0.3337
"22119","2025",9817,2611,0.266
"22121","2025",5263,1138,0.2162
"22123","2025",2754,817,0.2967
"22125","2025",2456,441,0.1796
"22127","2025",2920,800,0.274
"22999","2025",,,
"23001","2025",26761,8943,0.3342
"23003","2025",21244,8443,0.3974
"23005","2025",76106,14753,0.1938
"23007","2025",8991,3029,0.3369
"23009","2025",17352,3466,0.1997
"23011","2025",34805,10426,0.2996
"23013","2025",13457,2781,0.2067
"23015","2025",12589,2270,0.1803
"23017","2025",18038,6486,0.3596
"23019","2025",40830,13468,0.3299
"23021","2025",5932,1996,0.3365
"23023","2025",11208,1900,0.1695
"23025","2025",15361,6269,0.4081
"23027","2025",12657,3614,0.2855
"23029","2025",10303,3465,0.3363
"23031","2025",59909,11829,0.1974
"23999","2025",,,
"24001","2025",17348,3377,0.1947
"24003","2025",107924,9188,0.0851
"24005","2025",172778,22921,0.1327
"24009","2025",19006,1615,0.085
"24011","2025",7463,1244,0.1667
"24013","2025",37716,2899,0.0769
"24015","2025",21781,2716,0.1247
"24017","2025",28768,3226,0.1121
"24019","2025",8934,1716,0.1921
"24021","2025",52473,4764,0.0908
"24023","2025",7740,1151,0.1487
"24025","2025",55913,5166,0.0924
"24027","2025",57595,6041,0.1049
"24029","2025",6413,680,0.106
"24031","2025",194760,23038,0.1183
"24033","2025",152406,19449,0.1276
"24035","2025",12855,880,0.0685
"24037","2025",19811,2307,0.1165
"24039","2025",5463,1160,0.2123
"24041","2025",12310,1104,0.0897
"24043","2025",33872,5303,0.1566
"24045","2025",21918,3754,0.1713
"24047","2025",17018,1636,0.0961
"24510","2025",103022,31310,0.3039
"24999","2025",,,
"25001","2025",86943,10889,0.1252
"25003","2025",38196,10168,0.2662
"25005","2025",133096,41002,0.3081
"25007","2025",5669,705,0.1244
"25009","2025",178882,45434,0.254
"25011","2025",21122,5182,0.2453
"25013","2025",109400,38058,0.3479
"25015","2025",39104,7763,0.1985
"25017","2025",303248,61244,0.202
"25019","2025",2319,200,0.0862
"25021","2025",149148,30240,0.2028
"25023","2025",129778,25646,0.1976
"25025","2025",113713,50389,0.4431
"25027","2025",179292,46122,0.2572
"25999","2025",,,
"26001","2025",4576,533,0.1165
"26003","2025",2841,291,0.1024
"26005","2025",26587,2578,0.097
"26007","2025",9581,1625,0.1696
"26009","2025",8299,829,0.0999
"26011","2025",5540,889,0.1605
"26013","2025",2281,310,0.1359
"26015","2025",14644,1416,0.0967
"26017","2025",28575,4338,0.1518
"26019","2025",6071,565,0.0931
"26021","2025",40170,5853,0.1457
"26023","2025",10461,1507,0.1441
"26025","2025",31776,6097,0.1919
"26027","2025",13018,1960,0.1506
"26029","2025",8607,798,0.0927
"26031","2025",8637,1179,0.1365
"26033","2025",8788,1310,0.1491
"26035","2025",10577,1965,0.1858
"26037","2025",17144,1241,0.0724
"26039","2025",4326,652,0.1507
"26041","2025",11653,1599,0.1372
"26043","2025",7703,950,0.1233
"26045","2025",26876,2628,0.0978
"26047","2025",10539,916,0.0869
"26049","2025",96924,16608,0.1714
"26051","2025",8915,1319,0.148
"26053","2025",4711,837,0.1777
"26055","2025",26551,2402,0.0905
"26057","2025",9483,1533,0.1617
"26059","2025",11528,1735,0.1505
"26061","2025",8040,1182,0.147
"26063","2025",10198,1256,0.1232
"26065","2025",53048,9019,0.17
"26067","2025",13368,1709,0.1278
"26069","2025",9597,1296,0.135
"26071","2025",4325,676,0.1563
"26073","2025",12217,2024,0.1657
"26075","2025",38254,5573,0.1457
"26077","2025",54180,7805,0.1441
"26079","2025",5292,809,0.1529
"26081","2025",124089,17371,0.14
"26083","2025",833,79,0.0948
"26085","2025",4286,886,0.2067
"26087","2025",22291,2118,0.095
"26089","2025",8065,355,0.044
"26091","2025",25291,2884,0.114
"26093","2025",44363,2305,0.052
"26095","2025",1697,296,0.1744
"26097","2025",3859,439,0.1138
"26099","2025",196230,31028,0.1581
"26101","2025",8527,1063,0.1247
"26103","2025",16783,2000,0.1192
"26105","2025",9267,1236,0.1334
"26107","2025",10795,1508,0.1397
"26109","2025",6964,816,0.1172
"26111","2025",20405,2546,0.1248
"26113","2025",4117,577,0.1402
"26115","2025",38124,4020,0.1054
"26117","2025",16086,2441,0.1517
"26119","2025",4341,570,0.1313
"26121","2025",42877,7475,0.1743
"26123","2025",12992,1985,0.1528
"26125","2025",274505,31414,0.1144
"26127","2025",7802,1121,0.1437
"26129","2025",7278,1229,0.1689
"26131","2025",2505,313,0.125
"26133","2025",6874,1026,0.1493
"26135","2025",3072,491,0.1598
"26137","2025",7379,945,0.1281
"26139","2025",62177,4837,0.0778
"26141","2025",5338,623,0.1167
"26143","2025",10465,1439,0.1375
"26145","2025",48086,8671,0.1803
"26147","2025",41956,5545,0.1322
"26149","2025",14109,1939,0.1374
"26151","2025",11539,1612,0.1397
"26153","2025",3010,415,0.1379
"26155","2025",17345,2303,0.1328
"26157","2025",14615,2045,0.1399
"26159","2025",19677,3158,0.1605
"26161","2025",67810,7850,0.1158
"26163","2025",349465,84481,0.2417
"26165","2025",9421,1713,0.1818
"26999","2025",,,
"27001","2025",6157,621,0.1009
"27003","2025",68502,8020,0.1171
"27005","2025",9621,1110,0.1154
"27007","2025",10305,1566,0.152
"27009","2025",8678,1918,0.221
"27011","2025",1562,194,0.1242
"27013","2025",13143,2003,0.1524
"27015","2025",7034,678,0.0964
"27017","2025",8861,1270,0.1433
"27019","2025",19398,1665,0.0858
"27021","2025",9763,1077,0.1103
"27023","2025",2929,317,0.1082
"27025","2025",13146,1190,0.0905
"27027","2025",11411,1724,0.1511
"27029","2025",2264,345,0.1524
"27031","2025",1881,138,0.0734
"27033","2025",3081,550,0.1785
"27035","2025",20384,2015,0.0989
"27037","2025",85218,8632,0.1013
"27039","2025",4083,372,0.0911
"27041","2025",11886,1502,0.1264
"27043","2025",3910,493,0.1261
"27045","2025",5606,624,0.1113
"27047","2025",8171,953,0.1166
"27049","2025",12211,1060,0.0868
"27051","2025",1703,166,0.0975
"27053","2025",225642,29801,0.1321
"27055","2025",5243,448,0.0854
"27057","2025",6629,716,0.108
"27059","2025",9054,856,0.0945
"27061","2025",13833,1780,0.1287
"27063","2025",2479,239,0.0964
"27065","2025",4158,553,0.133
"27067","2025",10743,1697,0.158
"27069","2025",1229,142,0.1155
"27071","2025",3903,591,0.1514
"27073","2025",1909,223,0.1168
"27075","2025",3390,289,0.0853
"27077","2025",1262,151,0.1197
"27079","2025",6297,525,0.0834
"27081","2025",1573,170,0.1081
"27083","2025",5430,750,0.1381
"27085","2025",8835,833,0.0943
"27087","2025",1136,235,0.2069
"27089","2025",2345,253,0.1079
"27091","2025",5655,826,0.1461
"27093","2025",5736,571,0.0995
"27095","2025",7170,922,0.1286
"27097","2025",9006,1057,0.1174
"27099","2025",8820,1398,0.1585
"27101","2025",2389,212,0.0887
"27103","2025",6854,784,0.1144
"27105","2025",4116,553,0.1344
"27107","2025",1679,249,0.1483
"27109","2025",31846,3426,0.1076
"27111","2025",17870,1800,0.1007
"27113","2025",3128,420,0.1343
"27115","2025",8268,1104,0.1335
"27117","2025",2316,269,0.1161
"27119","2025",7082,1171,0.1653
"27121","2025",3311,355,0.1072
"27123","2025",99657,16298,0.1635
"27125","2025",996,105,0.1054
"27127","2025",3811,431,0.1131
"27129","2025",3743,430,0.1149
"27131","2025",13445,1236,0.0919
"27133","2025",2364,260,0.11
"27135","2025",3696,391,0.1058
"27137","2025",51147,6640,0.1298
"27139","2025",24084,2349,0.0975
"27141","2025",17152,1599,0.0932
"27143","2025",3338,341,0.1022
"27145","2025",32178,3116,0.0968
"27147","2025",8674,1269,0.1463
"27149","2025",1972,200,0.1014
"27151","2025",2470,324,0.1312
"27153","2025",6025,753,0.125
"27155","2025",1028,141,0.1372
"27157","2025",6494,826,0.1272
"27159","2025",4153,667,0.1606
"27161","2025",4435,550,0.124
"27163","2025",56881,4504,0.0792
"27165","2025",2445,313,0.128
"27167","2025",1600,214,0.1338
"27169","2025",11215,1306,0.1165
"27171","2025",25657,2226,0.0868
"27173","2025",2566,323,0.1259
"27999","2025",,,
"28001","2025",7647,2244,0.2934
"28003","2025",8900,2460,0.2764
"28005","2025",3332,831,0.2494
"28007","2025",4428,1473,0.3327
"28009","2025",1940,611,0.3149
"28011","2025",7336,2820,0.3844
"28013","2025",3614,1117,0.3091
"28015","2025",2611,647,0.2478
"28017","2025",4402,1482,0.3367
"28019","2025",2087,586,0.2808
"28021","2025",1961,739,0.3768
"28023","2025",4358,1127,0.2586
"28025","2025",4758,1351,0.2839
"28027","2025",5011,2275,0.454
"28029","2025",6670,2006,0.3007
"28031","2025",4670,1337,0.2863
"28033","2025",32585,4116,0.1263
"28035","2025",16181,3914,0.2419
"28037","2025",2039,521,0.2555
"28039","2025",5695,1166,0.2047
"28041","2025",2408,632,0.2625
"28043","2025",5598,1686,0.3012
"28045","2025",11664,2102,0.1802
"28047","2025",46583,9422,0.2023
"28049","2025",45271,12739,0.2814
"28051","2025",4262,2001,0.4695
"28053","2025",1951,939,0.4813
"28055","2025",240,82,0.3417
"28057","2025",5786,1412,0.244
"28059","2025",30980,5012,0.1618
"28061","2025",4281,1322,0.3088
"28063","2025",1785,699,0.3916
"28065","2025",2922,936,0.3203
"28067","2025",15170,3631,0.2394
"28069","2025",2201,716,0.3253
"28071","2025",9396,1550,0.165
"28073","2025",10152,1615,0.1591
"28075","2025",15934,4014,0.2519
"28077","2025",3436,929,0.2704
"28079","2025",4759,1448,0.3043
"28081","2025",19025,4515,0.2373
"28083","2025",6013,2565,0.4266
"28085","2025",7756,1905,0.2456
"28087","2025",12652,3207,0.2535
"28089","2025",22624,3237,0.1431
"28091","2025",5992,1809,0.3019
"28093","2025",8998,2360,0.2623
"28095","2025",8766,2251,0.2568
"28097","2025",2825,951,0.3366
"28099","2025",6212,1703,0.2741
"28101","2025",4596,1181,0.257
"28103","2025",2624,1174,0.4474
"28105","2025",7640,1772,0.2319
"28107","2025",8140,2602,0.3197
"28109","2025",14170,2857,0.2016
"28111","2025",2868,787,0.2744
"28113","2025",9303,2858,0.3072
"28115","2025",6588,1638,0.2486
"28117","2025",5492,1534,0.2793
"28119","2025",1570,756,0.4815
"28121","2025",30679,4525,0.1475
"28123","2025",5770,1918,0.3324
"28125","2025",1094,440,0.4022
"28127","2025",6395,1916,0.2996
"28129","2025",3340,817,0.2446
"28131","2025",4597,1069,0.2325
"28133","2025",5099,2250,0.4413
"28135","2025",2813,1228,0.4365
"28137","2025",6192,1390,0.2245
"28139","2025",5352,1577,0.2947
"28141","2025",5243,1307,0.2493
"28143","2025",1993,913,0.4581
"28145","2025",6427,1517,0.236
"28147","2025",3354,1010,0.3011
"28149","2025",10385,2664,0.2565
"28151","2025",10618,4215,0.397
"28153","2025",4406,1314,0.2982
"28155","2025",2752,815,0.2961
"28157","2025",2006,733,0.3654
"28159","2025",4559,1308,0.2869
"28161","2025",4074,1155,0.2835
"28163","2025",5117,1836,0.3588
"28999","2025",,,
"29001","2025",5061,917,0.1812
"29003","2025",3903,366,0.0938
"29005","2025",1444,185,0.1281
"29007","2025",5804,910,0.1568
"29009","2025",9339,1478,0.1583
"29011","2025",2981,505,0.1694
"29013","2025",4128,642,0.1555
"29015","2025",7513,1136,0.1512
"29017","2025",2865,562,0.1962
"29019","2025",31939,4043,0.1266
"29021","2025",18813,3120,0.1658
"29023","2025",10864,2675,0.2462
"29025","2025",2241,278,0.1241
"29027","2025",10079,1444,0.1433
"29029","2025",14277,1251,0.0876
"29031","2025",17835,2410,0.1351
"29033","2025",2441,364,0.1491
"29035","2025",1588,403,0.2538
"29037","2025",23934,2054,0.0858
"29039","2025",4128,755,0.1829
"29041","2025",2050,229,0.1117
"29043","2025",19859,2047,0.1031
"29045","2025",1552,221,0.1424
"29047","2025",48099,4351,0.0905
"29049","2025",5213,560,0.1074
"29051","2025",17106,1886,0.1103
"29053","2025",4112,607,0.1476
"29055","2025",5997,1091,0.1819
"29057","2025",2259,359,0.1589
"29059","2025",4713,884,0.1876
"29061","2025",1894,234,0.1235
"29063","2025",2155,257,0.1193
"29065","2025",4175,842,0.2017
"29067","2025",2805,522,0.1861
"29069","2025",6822,2161,0.3168
"29071","2025",27150,2941,0.1083
"29073","2025",4413,517,0.1172
"29075","2025",1547,245,0.1584
"29077","2025",64287,9490,0.1476
"29079","2025",2513,428,0.1703
"29081","2025",2284,432,0.1891
"29083","2025",6593,1114,0.169
"29085","2025",2969,496,0.1671
"29087","2025",1208,150,0.1242
"29089","2025",2363,339,0.1435
"29091","2025",11209,2624,0.2341
"29093","2025",2998,694,0.2315
"29095","2025",135024,20727,0.1535
"29097","2025",26880,4924,0.1832
"29099","2025",48967,4945,0.101
"29101","2025",9472,1096,0.1157
"29103","2025",961,128,0.1332
"29105","2025",9017,1677,0.186
"29107","2025",7996,1037,0.1297
"29109","2025",8833,1491,0.1688
"29111","2025",2345,306,0.1305
"29113","2025",12502,1445,0.1156
"29115","2025",3240,518,0.1599
"29117","2025",3577,568,0.1588
"29119","2025",4645,919,0.1978
"29121","2025",4149,552,0.133
"29123","2025",3373,693,0.2055
"29125","2025",1998,281,0.1406
"29127","2025",7043,1307,0.1856
"29129","2025",823,133,0.1616
"29131","2025",5772,928,0.1608
"29133","2025",2877,794,0.276
"29135","2025",3115,356,0.1143
"29137","2025",2404,307,0.1277
"29139","2025",3252,477,0.1467
"29141","2025",6172,946,0.1533
"29143","2025",3857,1012,0.2624
"29145","2025",12492,1786,0.143
"29147","2025",4367,568,0.1301
"29149","2025",2663,742,0.2786
"29151","2025",2963,240,0.081
"29153","2025",3028,485,0.1602
"29155","2025",3532,1210,0.3426
"29157","2025",4662,598,0.1283
"29159","2025",9226,1724,0.1869
"29161","2025",9809,1684,0.1717
"29163","2025",4181,677,0.1619
"29165","2025",20304,1268,0.0625
"29167","2025",7812,1345,0.1722
"29169","2025",7628,1257,0.1648
"29171","2025",1294,201,0.1553
"29173","2025",2660,256,0.0962
"29175","2025",5651,1034,0.183
"29177","2025",5167,596,0.1153
"29179","2025",1639,355,0.2166
"29181","2025",3435,927,0.2699
"29183","2025",85348,5636,0.066
"29185","2025",2741,462,0.1686
"29186","2025",4703,513,0.1091
"29187","2025",16377,3499,0.2137
"29189","2025",225734,24654,0.1092
"29195","2025",5022,860,0.1712
"29197","2025",1027,160,0.1558
"29199","2025",983,130,0.1322
"29201","2025",9595,2187,0.2279
"29203","2025",2024,544,0.2688
"29205","2025",1694,231,0.1364
"29207","2025",7674,1753,0.2284
"29209","2025",10916,993,0.091
"29211","2025",1556,270,0.1735
"29213","2025",16074,2278,0.1417
"29215","2025",6682,1290,0.1931
"29217","2025",4705,887,0.1885
"29219","2025",8836,887,0.1004
"29221","2025",5623,1282,0.228
"29223","2025",3547,918,0.2588
"29225","2025",8870,1327,0.1496
"29227","2025",564,71,0.1259
"29229","2025",5337,1082,0.2027
"29510","2025",48192,14101,0.2926
"29999","2025",,,
"30001","2025",2672,215,0.0805
"30003","2025",2055,311,0.1513
"30005","2025",1237,151,0.1221
"30007","2025",1889,112,0.0593
"30009","2025",3516,194,0.0552
"30011","2025",357,18,0.0504
"30013","2025",19400,2255,0.1162
"30015","2025",1475,139,0.0942
"30017","2025",2898,390,0.1346
"30019","2025",470,23,0.0489
"30021","2025",2208,175,0.0793
"30023","2025",3049,492,0.1614
"30025","2025",641,34,0.053
"30027","2025",3449,278,0.0806
"30029","2025",28493,2205,0.0774
"30031","2025",19769,977,0.0494
"30033","2025",311,16,0.0514
"30035","2025",2262,454,0.2007
"30037","2025",302,38,0.1258
"30039","2025",1001,62,0.0619
"30041","2025",3345,462,0.1381
"30043","2025",3860,249,0.0645
"30045","2025",683,51,0.0747
"30047","2025",8920,1006,0.1128
"30049","2025",18239,1549,0.0849
"30051","2025",506,56,0.1107
"30053","2025",8255,938,0.1136
"30055","2025",474,21,0.0443
"30057","2025",2834,134,0.0473
"30059","2025",638,88,0.1379
"30061","2025",1764,195,0.1105
"30063","2025",25908,2898,0.1119
"30065","2025",1695,223,0.1316
"30067","2025",4765,376,0.0789
"30069","2025",118,13,0.1102
"30071","2025",1119,115,0.1028
"30073","2025",1543,236,0.1529
"30075","2025",450,26,0.0578
"30077","2025",1817,180,0.0991
"30079","2025",430,32,0.0744
"30081","2025",15402,1203,0.0781
"30083","2025",2288,206,0.09
"30085","2025",1777,250,0.1407
"30087","2025",1921,171,0.089
"30089","2025",4986,478,0.0959
"30091","2025",995,54,0.0543
"30093","2025",8730,1168,0.1338
"30095","2025",2831,142,0.0502
"30097","2025",1120,72,0.0643
"30099","2025",1726,183,0.106
"30101","2025",1065,167,0.1568
"30103","2025",243,17,0.07
"30105","2025",1914,239,0.1249
"30107","2025",645,97,0.1504
"30109","2025",241,18,0.0747
"30111","2025",37085,3594,0.0969
"30999","2025",,,
"31001","2025",7168,1027,0.1433
"31003","2025",1627,130,0.0799
"31005","2025",95,,
"31007","2025",117,,
"31009","2025",127,,
"31011","2025",1458,95,0.0652
"31013","2025",2738,327,0.1194
"31015","2025",651,53,0.0814
"31017","2025",853,83,0.0973
"31019","2025",9688,942,0.0972
"31021","2025",1996,215,0.1077
"31023","2025",1985,166,0.0836
"31025","2025",6085,411,0.0675
"31027","2025",2154,135,0.0627
"31029","2025",945,69,0.073
"31031","2025",1391,132,0.0949
"31033","2025",2491,310,0.1244
"31035","2025",1640,147,0.0896
"31037","2025",1834,145,0.0791
"31039","2025",2152,181,0.0841
"31041","2025",2784,262,0.0941
"31043","2025",3567,510,0.143
"31045","2025",1849,221,0.1195
"31047","2025",4628,584,0.1262
"31049","2025",575,50,0.087
"31051","2025",1364,92,0.0674
"31053","2025",8543,953,0.1116
"31055","2025",100441,13919,0.1386
"31057","2025",502,52,0.1036
"31059","2025",1533,130,0.0848
"31061","2025",823,77,0.0936
"31063","2025",630,54,0.0857
"31065","2025",1430,150,0.1049
"31067","2025",5737,784,0.1367
"31069","2025",635,66,0.1039
"31071","2025",518,39,0.0753
"31073","2025",589,39,0.0662
"31075","2025",173,,
"31077","2025",634,45,0.071
"31079","2025",11550,1566,0.1356
"31081","2025",2263,166,0.0734
"31083","2025",907,78,0.086
"31085","2025",193,15,0.0777
"31087","2025",808,85,0.1052
"31089","2025",2739,295,0.1077
"31091","2025",240,,
"31093","2025",1630,150,0.092
"31095","2025",2014,260,0.1291
"31097","2025",1050,87,0.0829
"31099","2025",1532,130,0.0849
"31101","2025",2343,226,0.0965
"31103","2025",224,12,0.0536
"31105","2025",1077,111,0.1031
"31107","2025",2414,207,0.0857
"31109","2025",59274,6933,0.117
"31111","2025",8274,1056,0.1276
"31113","2025",193,,
"31115","2025",185,,
"31117","2025",107,,
"31119","2025",7806,994,0.1273
"31121","2025",1921,207,0.1078
"31123","2025",1199,143,0.1193
"31125","2025",930,106,0.114
"31127","2025",1622,188,0.1159
"31129","2025",1377,135,0.098
"31131","2025",3804,370,0.0973
"31133","2025",781,85,0.1088
"31135","2025",703,47,0.0669
"31137","2025",2229,246,0.1104
"31139","2025",1653,151,0.0913
"31141","2025",7190,607,0.0844
"31143","2025",1315,93,0.0707
"31145","2025",2673,259,0.0969
"31147","2025",2274,316,0.139
"31149","2025",404,24,0.0594
"31151","2025",2862,288,0.1006
"31153","2025",32368,2428,0.075
"31155","2025",5032,396,0.0787
"31157","2025",8742,1309,0.1497
"31159","2025",3804,257,0.0676
"31161","2025",1434,156,0.1088
"31163","2025",858,56,0.0653
"31165","2025",268,18,0.0672
"31167","2025",1101,62,0.0563
"31169","2025",1482,145,0.0978
"31171","2025",211,17,0.0806
"31173","2025",1082,222,0.2052
"31175","2025",1148,115,0.1002
"31177","2025",4763,354,0.0743
"31179","2025",1600,110,0.0688
"31181","2025",926,126,0.1361
"31183","2025",214,11,0.0514
"31185","2025",3366,361,0.1072
"31999","2025",,,
"32001","2025",6262,766,0.1223
"32003","2025",418904,64692,0.1544
"32005","2025",18481,897,0.0485
"32007","2025",8081,1031,0.1276
"32009","2025",262,27,0.1031
"32011","2025",368,59,0.1603
"32013","2025",3425,476,0.139
"32015","2025",1055,124,0.1175
"32017","2025",1138,126,0.1107
"32019","2025",16347,1565,0.0957
"32021","2025",1388,247,0.178
"32023","2025",18310,2356,0.1287
"32027","2025",1136,178,0.1567
"32029","2025",1107,81,0.0732
"32031","2025",103804,11186,0.1078
"32033","2025",1988,236,0.1187
"32510","2025",15497,1864,0.1203
"32999","2025",,,
"33001","2025",21114,1869,0.0885
"33003","2025",19029,1280,0.0673
"33005","2025",21535,2095,0.0973
"33007","2025",10901,1721,0.1579
"33009","2025",25085,1968,0.0785
"33011","2025",92621,9136,0.0986
"33013","2025",39814,4267,0.1072
"33015","2025",81562,4989,0.0612
"33017","2025",29818,3206,0.1075
"33019","2025",12492,1433,0.1147
"33999","2025",,,
"34001","2025",65752,8596,0.1307
"34003","2025",191031,22153,0.116
"34005","2025",101505,9069,0.0893
"34007","2025",105158,17529,0.1667
"34009","2025",31097,2585,0.0831
"34011","2025",30578,6101,0.1995
"34013","2025",127741,26361,0.2064
"34015","2025",63944,6248,0.0977
"34017","2025",87639,25055,0.2859
"34019","2025",31553,1917,0.0608
"34021","2025",71808,11076,0.1542
"34023","2025",154665,21361,0.1381
"34025","2025",145408,12102,0.0832
"34027","2025",104528,8484,0.0812
"34029","2025",167670,12519,0.0747
"34031","2025",91852,19445,0.2117
"34033","2025",15043,2170,0.1443
"34035","2025",65032,6299,0.0969
"34037","2025",33964,2427,0.0715
"34039","2025",95739,14635,0.1529
"34041","2025",26288,2626,0.0999
"34999","2025",,,
"35001","2025",141191,28980,0.2053
"35003","2025",1634,290,0.1775
"35005","2025",12263,3799,0.3098
"35006","2025",5147,1526,0.2965
"35007","2025",3889,784,0.2016
"35009","2025",7884,2225,0.2822
"35011","2025",546,139,0.2546
"35013","2025",48448,14196,0.293
"35015","2025",10023,2245,0.224
"35017","2025",9203,1864,0.2025
"35019","2025",1062,354,0.3333
"35021","2025",219,34,0.1553
"35023","2025",1124,307,0.2731
"35025","2025",9738,2749,0.2823
"35027","2025",6504,1077,0.1656
"35028","2025",3746,183,0.0489
"35029","2025",6761,2714,0.4014
"35031","2025",12394,4856,0.3918
"35033","2025",1552,473,0.3048
"35035","2025",14458,3283,0.2271
"35037","2025",2531,727,0.2872
"35039","2025",9800,2437,0.2487
"35041","2025",3259,968,0.297
"35043","2025",36927,5572,0.1509
"35045","2025",24612,6051,0.2459
"35047","2025",7406,2335,0.3153
"35049","2025",46129,5914,0.1282
"35051","2025",4687,1292,0.2757
"35053","2025",4037,1258,0.3116
"35055","2025",10615,2509,0.2364
"35057","2025",3879,1118,0.2882
"35059","2025",963,221,0.2295
"35061","2025",17833,4465,0.2504
"35999","2025",,,
"36001","2025",66109,12715,0.1923
"36003","2025",11262,2913,0.2587
"36005","2025",229828,135056,0.5876
"36007","2025",46380,11865,0.2558
"36009","2025",19556,5103,0.2609
"36011","2025",18459,3785,0.205
"36013","2025",32791,8213,0.2505
"36015","2025",20757,5489,0.2644
"36017","2025",13031,3550,0.2724
"36019","2025",20343,5227,0.2569
"36021","2025",17466,3385,0.1938
"36023","2025",10178,2427,0.2385
"36025","2025",12432,2751,0.2213
"36027","2025",67711,11332,0.1674
"36029","2025",215696,46383,0.215
"36031","2025",10432,2014,0.1931
"36033","2025",12485,3585,0.2871
"36035","2025",14146,4180,0.2955
"36037","2025",14607,2798,0.1916
"36039","2025",12774,2619,0.205
"36041","2025",1782,205,0.115
"36043","2025",15643,3919,0.2505
"36045","2025",22415,5607,0.2501
"36047","2025",407755,210752,0.5169
"36049","2025",6646,1504,0.2263
"36051","2025",15543,2724,0.1753
"36053","2025",16479,3243,0.1968
"36055","2025",173591,38043,0.2192
"36057","2025",12714,3817,0.3002
"36059","2025",298744,54539,0.1826
"36061","2025",297725,118473,0.3979
"36063","2025",54525,11240,0.2061
"36065","2025",55307,14514,0.2624
"36067","2025",103716,20722,0.1998
"36069","2025",29686,4965,0.1673
"36071","2025",71549,13884,0.194
"36073","2025",9997,2692,0.2693
"36075","2025",28138,6437,0.2288
"36077","2025",15473,3421,0.2211
"36079","2025",22023,2643,0.12
"36081","2025",414581,184854,0.4459
"36083","2025",35263,6830,0.1937
"36085","2025",98247,30259,0.308
"36087","2025",59610,13157,0.2207
"36089","2025",25120,6747,0.2686
"36091","2025",57458,8141,0.1417
"36093","2025",35271,8198,0.2324
"36095","2025",8253,1921,0.2328
"36097","2025",5071,1198,0.2362
"36099","2025",8295,1879,0.2265
"36101","2025",23801,6127,0.2574
"36103","2025",328557,54372,0.1655
"36105","2025",18174,4871,0.268
"36107","2025",12501,2545,0.2036
"36109","2025",18871,3303,0.175
"36111","2025",44897,9243,0.2059
"36113","2025",19757,4127,0.2089
"36115","2025",16122,3678,0.2281
"36117","2025",24295,5379,0.2214
"36119","2025",195597,38160,0.1951
"36121","2025",9761,1894,0.194
"36123","2025",6418,1330,0.2072
"36999","2025",,,
"37001","2025",38323,6650,0.1735
"37003","2025",8838,1286,0.1455
"37005","2025",3800,594,0.1563
"37007","2025",5733,1526,0.2662
"37009","2025",8644,1491,0.1725
"37011","2025",5151,781,0.1516
"37013","2025",14687,2700,0.1838
"37015","2025",5563,1648,0.2962
"37017","2025",8182,2010,0.2457
"37019","2025",65942,4007,0.0608
"37021","2025",66850,8892,0.133
"37023","2025",22297,3903,0.175
"37025","2025",39561,5574,0.1409
"37027","2025",20833,4141,0.1988
"37029","2025",2304,198,0.0859
"37031","2025",21571,2207,0.1023
"37033","2025",5596,1110,0.1984
"37035","2025",39353,5827,0.1481
"37037","2025",20928,1709,0.0817
"37039","2025",11015,1624,0.1474
"37041","2025",4429,825,0.1863
"37043","2025",4734,563,0.1189
"37045","2025",25119,5060,0.2014
"37047","2025",13721,3449,0.2514
"37049","2025",28064,3603,0.1284
"37051","2025",60632,13765,0.227
"37053","2025",7056,628,0.089
"37055","2025",11059,641,0.058
"37057","2025",38984,6345,0.1628
"37059","2025",11916,1367,0.1147
"37061","2025",11396,2524,0.2215
"37063","2025",55281,7293,0.1319
"37065","2025",13280,4039,0.3041
"37067","2025",84257,13062,0.155
"37069","2025",16044,2426,0.1512
"37071","2025",49019,8657,0.1766
"37073","2025",2805,460,0.164
"37075","2025",2324,491,0.2113
"37077","2025",12930,2291,0.1772
"37079","2025",3993,862,0.2159
"37081","2025",110462,18403,0.1666
"37083","2025",14168,4178,0.2949
"37085","2025",23468,4269,0.1819
"37087","2025",19423,2687,0.1383
"37089","2025",37218,3484,0.0936
"37091","2025",5730,1705,0.2976
"37093","2025",8176,1915,0.2342
"37095","2025",1304,271,0.2078
"37097","2025",40978,5098,0.1244
"37099","2025",9362,1356,0.1448
"37101","2025",39828,5960,0.1496
"37103","2025",3005,599,0.1993
"37105","2025",15128,2368,0.1565
"37107","2025",15284,4212,0.2756
"37109","2025",22831,2754,0.1206
"37111","2025",12481,2469,0.1978
"37113","2025",12838,1546,0.1204
"37115","2025",6370,1128,0.1771
"37117","2025",6709,1583,0.236
"37119","2025",164635,26280,0.1596
"37121","2025",4671,834,0.1785
"37123","2025",6558,1355,0.2066
"37125","2025",29459,2769,0.094
"37127","2025",24207,4901,0.2025
"37129","2025",54147,6026,0.1113
"37131","2025",5682,1319,0.2321
"37133","2025",32427,5031,0.1551
"37135","2025",28715,2408,0.0839
"37137","2025",4477,481,0.1074
"37139","2025",9726,1730,0.1779
"37141","2025",15274,2074,0.1358
"37143","2025",4410,626,0.142
"37145","2025",10461,1792,0.1713
"37147","2025",34788,8096,0.2327
"37149","2025",7237,713,0.0985
"37151","2025",31995,5369,0.1678
"37153","2025",10695,2862,0.2676
"37155","2025",27000,8941,0.3311
"37157","2025",24987,5099,0.2041
"37159","2025",33243,5316,0.1599
"37161","2025",17541,3194,0.1821
"37163","2025",13522,2921,0.216
"37165","2025",8372,2159,0.2579
"37167","2025",15915,2690,0.169
"37169","2025",12418,1836,0.1478
"37171","2025",19497,4016,0.206
"37173","2025",4103,779,0.1899
"37175","2025",10935,1054,0.0964
"37177","2025",884,207,0.2342
"37179","2025",41758,4431,0.1061
"37181","2025",10996,3136,0.2852
"37183","2025",186558,18986,0.1018
"37185","2025",5134,1108,0.2158
"37187","2025",3574,836,0.2339
"37189","2025",9985,944,0.0945
"37191","2025",25950,5400,0.2081
"37193","2025",18347,3630,0.1979
"37195","2025",19121,4311,0.2255
"37197","2025",9626,1477,0.1534
"37199","2025",5810,946,0.1628
"37999","2025",,,
"38001","2025",700,46,0.0657
"38003","2025",2863,286,0.0999
"38005","2025",1182,168,0.1421
"38007","2025",190,,
"38009","2025",1824,148,0.0811
"38011","2025",846,61,0.0721
"38013","2025",521,20,0.0384
"38015","2025",20870,1920,0.092
"38017","2025",30512,3428,0.1123
"38019","2025",1055,51,0.0483
"38021","2025",1191,112,0.094
"38023","2025",536,26,0.0485
"38025","2025",794,50,0.063
"38027","2025",659,65,0.0986
"38029","2025",976,72,0.0738
"38031","2025",842,60,0.0713
"38033","2025",458,31,0.0677
"38035","2025",12341,1439,0.1166
"38037","2025",716,62,0.0866
"38039","2025",687,49,0.0713
"38041","2025",670,58,0.0866
"38043","2025",660,54,0.0818
"38045","2025",1197,91,0.076
"38047","2025",540,43,0.0796
"38049","2025",1423,98,0.0689
"38051","2025",885,75,0.0847
"38053","2025",1369,109,0.0796
"38055","2025",2772,156,0.0563
"38057","2025",2190,143,0.0653
"38059","2025",6952,724,0.1041
"38061","2025",1580,85,0.0538
"38063","2025",1053,96,0.0912
"38065","2025",424,25,0.059
"38067","2025",1937,160,0.0826
"38069","2025",1062,90,0.0847
"38071","2025",2829,353,0.1248
"38073","2025",1365,112,0.0821
"38075","2025",571,33,0.0578
"38077","2025",3815,348,0.0912
"38079","2025",2371,462,0.1949
"38081","2025",1022,76,0.0744
"38083","2025",406,37,0.0911
"38085","2025",451,102,0.2262
"38087","2025",163,,
"38089","2025",5676,597,0.1052
"38091","2025",482,23,0.0477
"38093","2025",5196,690,0.1328
"38095","2025",591,40,0.0677
"38097","2025",1866,133,0.0713
"38099","2025",2672,270,0.101
"38101","2025",11505,1283,0.1115
"38103","2025",1227,119,0.097
"38105","2025",4650,416,0.0895
"38999","2025",,,
"39001","2025",7253,1812,0.2498
"39003","2025",23541,4039,0.1716
"39005","2025",12624,1597,0.1265
"39007","2025",25117,4914,0.1956
"39009","2025",11452,2306,0.2014
"39011","2025",11178,1115,0.0997
"39013","2025",16885,2894,0.1714
"39015","2025",10415,1852,0.1778
"39017","2025",75009,10954,0.146
"39019","2025",6703,925,0.138
"39021","2025",9138,1270,0.139
"39023","2025",31863,5513,0.173
"39025","2025",47896,5432,0.1134
"39027","2025",10083,1553,0.154
"39029","2025",26744,4385,0.164
"39031","2025",8653,1689,0.1952
"39033","2025",11240,1974,0.1756
"39035","2025",275336,56663,0.2058
"39037","2025",12387,1381,0.1115
"39039","2025",9573,1280,0.1337
"39041","2025",41562,3216,0.0774
"39043","2025",21406,2840,0.1327
"39045","2025",32343,4107,0.127
"39047","2025",6501,1282,0.1972
"39049","2025",205689,37436,0.182
"39051","2025",10515,1090,0.1037
"39053","2025",7364,1646,0.2235
"39055","2025",23633,1579,0.0668
"39057","2025",36541,4159,0.1138
"39059","2025",9654,1823,0.1888
"39061","2025",161716,28515,0.1763
"39063","2025",16469,2042,0.124
"39065","2025",6478,983,0.1517
"39067","2025",3979,673,0.1691
"39069","2025",6731,697,0.1036
"39071","2025",10257,2035,0.1984
"39073","2025",6769,1220,0.1802
"39075","2025",5392,584,0.1083
"39077","2025",14679,2060,0.1403
"39079","2025",7705,1830,0.2375
"39081","2025",17158,2851,0.1662
"39083","2025",14764,1994,0.1351
"39085","2025",60124,5842,0.0972
"39087","2025",14465,3379,0.2336
"39089","2025",38365,4773,0.1244
"39091","2025",11346,1542,0.1359
"39093","2025",76291,9734,0.1276
"39095","2025",92150,18300,0.1986
"39097","2025",9746,1182,0.1213
"39099","2025",60195,12223,0.2031
"39101","2025",14995,2843,0.1896
"39103","2025",43812,3518,0.0803
"39105","2025",5667,1128,0.199
"39107","2025",9695,1000,0.1031
"39109","2025",25990,3237,0.1245
"39111","2025",3711,521,0.1404
"39113","2025",118121,20370,0.1725
"39115","2025",3489,639,0.1831
"39117","2025",7631,1002,0.1313
"39119","2025",21946,4779,0.2178
"39121","2025",2668,382,0.1432
"39123","2025",13001,1199,0.0922
"39125","2025",4401,550,0.125
"39127","2025",8807,1665,0.1891
"39129","2025",12046,1744,0.1448
"39131","2025",6192,1442,0.2329
"39133","2025",37217,4562,0.1226
"39135","2025",10161,1330,0.1309
"39137","2025",7990,812,0.1016
"39139","2025",30317,5179,0.1708
"39141","2025",17250,3367,0.1952
"39143","2025",14463,1889,0.1306
"39145","2025",17048,4249,0.2492
"39147","2025",13835,2139,0.1546
"39149","2025",10282,1177,0.1145
"39151","2025",94698,14077,0.1487
"39153","2025",124086,20895,0.1684
"39155","2025",53171,8557,0.1609
"39157","2025",22447,3383,0.1507
"39159","2025",10477,1016,0.097
"39161","2025",6611,827,0.1251
"39163","2025",2865,652,0.2276
"39165","2025",46502,3946,0.0849
"39167","2025",16333,2695,0.165
"39169","2025",26081,3217,0.1233
"39171","2025",9366,1196,0.1277
"39173","2025",27276,2877,0.1055
"39175","2025",5616,769,0.1369
"39999","2025",,,
"40001","2025",4481,1096,0.2446
"40003","2025",1171,119,0.1016
"40005","2025",3080,583,0.1893
"40007","2025",1017,79,0.0777
"40009","2025",4343,765,0.1761
"40011","2025",2100,286,0.1362
"40013","2025",10376,1845,0.1778
"40015","2025",6402,1283,0.2004
"40017","2025",28314,2435,0.086
"40019","2025",11477,1869,0.1628
"40021","2025",10270,1771,0.1724
"40023","2025",3896,958,0.2459
"40025","2025",542,43,0.0793
"40027","2025",52396,5416,0.1034
"40029","2025",1224,254,0.2075
"40031","2025",21645,3392,0.1567
"40033","2025",1339,205,0.1531
"40035","2025",3832,755,0.197
"40037","2025",17109,2513,0.1469
"40039","2025",5077,712,0.1402
"40041","2025",11620,1755,0.151
"40043","2025",1164,101,0.0868
"40045","2025",963,103,0.107
"40047","2025",12824,1943,0.1515
"40049","2025",6551,1113,0.1699
"40051","2025",11465,1543,0.1346
"40053","2025",1030,99,0.0961
"40055","2025",1243,276,0.222
"40057","2025",612,147,0.2402
"40059","2025",859,91,0.1059
"40061","2025",3091,660,0.2135
"40063","2025",3053,618,0.2024
"40065","2025",4719,840,0.178
"40067","2025",1528,284,0.1859
"40069","2025",2651,554,0.209
"40071","2025",10747,1819,0.1693
"40073","2025",3235,354,0.1094
"40075","2025",2277,517,0.2271
"40077","2025",2607,500,0.1918
"40079","2025",11790,2472,0.2097
"40081","2025",8096,1301,0.1607
"40083","2025",9835,1121,0.114
"40085","2025",2413,302,0.1252
"40087","2025",10031,1053,0.105
"40089","2025",7374,1717,0.2328
"40091","2025",5926,1132,0.191
"40093","2025",1719,147,0.0855
"40095","2025",4299,639,0.1486
"40097","2025",9960,1562,0.1568
"40099","2025",3411,512,0.1501
"40101","2025",16248,3301,0.2032
"40103","2025",2619,409,0.1562
"40105","2025",2461,408,0.1658
"40107","2025",2665,624,0.2341
"40109","2025",145747,22826,0.1566
"40111","2025",9277,1876,0.2022
"40113","2025",9192,1119,0.1217
"40115","2025",8146,1574,0.1932
"40117","2025",3956,617,0.156
"40119","2025",13850,1775,0.1282
"40121","2025",10666,1883,0.1765
"40123","2025",8412,1571,0.1868
"40125","2025",16717,2932,0.1754
"40127","2025",3074,664,0.216
"40129","2025",829,63,0.076
"40131","2025",20515,2034,0.0991
"40133","2025",5504,1360,0.2471
"40135","2025",10466,2430,0.2322
"40137","2025",11199,1815,0.1621
"40139","2025",2703,302,0.1117
"40141","2025",1640,350,0.2134
"40143","2025",128268,17238,0.1344
"40145","2025",17712,1716,0.0969
"40147","2025",12892,1610,0.1249
"40149","2025",2493,386,0.1548
"40151","2025",1756,177,0.1008
"40153","2025",3901,484,0.1241
"40999","2025",,,
"41001","2025",5467,1005,0.1838
"41003","2025",19532,2375,0.1216
"41005","2025",97568,12286,0.1259
"41007","2025",11721,2079,0.1774
"41009","2025",13632,2152,0.1579
"41011","2025",21910,4788,0.2185
"41013","2025",8208,1254,0.1528
"41015","2025",9949,1772,0.1781
"41017","2025",52288,6125,0.1171
"41019","2025",36282,7235,0.1994
"41021","2025",642,120,0.1869
"41023","2025",2378,414,0.1741
"41025","2025",2189,462,0.2111
"41027","2025",5135,738,0.1437
"41029","2025",61333,10927,0.1782
"41031","2025",6457,1307,0.2024
"41033","2025",28618,5931,0.2072
"41035","2025",18850,4217,0.2237
"41037","2025",2425,552,0.2276
"41039","2025",96907,18039,0.1861
"41041","2025",18365,3187,0.1735
"41043","2025",32723,6220,0.1901
"41045","2025",6532,1744,0.267
"41047","2025",71396,14257,0.1997
"41049","2025",2385,493,0.2067
"41051","2025",137010,31700,0.2314
"41053","2025",20407,3017,0.1478
"41055","2025",564,92,0.1631
"41057","2025",8866,1440,0.1624
"41059","2025",15950,3617,0.2268
"41061","2025",6887,1186,0.1722
"41063","2025",2640,423,0.1602
"41065","2025",6677,1259,0.1886
"41067","2025",104543,15308,0.1464
"41069","2025",513,95,0.1852
"41071","2025",24556,3870,0.1576
"41999","2025",,,
"42001","2025",28248,2331,0.0825
"42003","2025",281577,41193,0.1463
"42005","2025",18241,2798,0.1534
"42007","2025",45173,6520,0.1443
"42009","2025",13927,2244,0.1611
"42011","2025",93420,14721,0.1576
"42013","2025",32988,5729,0.1737
"42015","2025",15981,2438,0.1526
"42017","2025",156669,14711,0.0939
"42019","2025",50473,5025,0.0996
"42021","2025",38337,6766,0.1765
"42023","2025",1517,259,0.1707
"42025","2025",17941,2334,0.1301
"42027","2025",27867,2494,0.0895
"42029","2025",112231,8290,0.0739
"42031","2025",9823,1648,0.1678
"42033","2025",20852,3610,0.1731
"42035","2025",9239,1527,0.1653
"42037","2025",16409,2501,0.1524
"42039","2025",22797,3860,0.1693
"42041","2025",61497,6434,0.1046
"42043","2025",62462,10707,0.1714
"42045","2025",121020,18656,0.1542
"42047","2025",8828,1129,0.1279
"42049","2025",65594,12389,0.1889
"42051","2025",36466,7699,0.2111
"42053","2025",1920,347,0.1807
"42055","2025",38304,4416,0.1153
"42057","2025",3980,576,0.1447
"42059","2025",8964,1734,0.1934
"42061","2025",11455,1670,0.1458
"42063","2025",21070,3379,0.1604
"42065","2025",12072,2014,0.1668
"42067","2025",5751,743,0.1292
"42069","2025",55137,11958,0.2169
"42071","2025",124962,13902,0.1112
"42073","2025",24192,4318,0.1785
"42075","2025",35344,4448,0.1258
"42077","2025",80847,14277,0.1766
"42079","2025",77365,13911,0.1798
"42081","2025",29443,5021,0.1705
"42083","2025",10588,2057,0.1943
"42085","2025",30341,4939,0.1628
"42087","2025",11811,2079,0.176
"42089","2025",39103,5352,0.1369
"42091","2025",188531,17994,0.0954
"42093","2025",4773,639,0.1339
"42095","2025",78756,10141,0.1288
"42097","2025",24185,4513,0.1866
"42099","2025",11710,1378,0.1177
"42101","2025",265353,102081,0.3847
"42103","2025",16965,1561,0.092
"42105","2025",4942,741,0.1499
"42107","2025",37244,6282,0.1687
"42109","2025",9178,1211,0.1319
"42111","2025",20840,2906,0.1394
"42113","2025",2150,277,0.1288
"42115","2025",11294,1389,0.123
"42117","2025",11333,1660,0.1465
"42119","2025",9085,1080,0.1189
"42121","2025",15050,2707,0.1799
"42123","2025",11019,1688,0.1532
"42125","2025",55703,7056,0.1267
"42127","2025",14867,1676,0.1127
"42129","2025",101533,12354,0.1217
"42131","2025",7437,942,0.1267
"42133","2025",105604,12281,0.1163
"42999","2025",,,
"44001","2025",13035,1398,0.1072
"44003","2025",44376,6668,0.1503
"44005","2025",22543,2390,0.106
"44007","2025",131512,32632,0.2481
"44009","2025",36986,3167,0.0856
"44999","2025",,,
"45001","2025",6393,1091,0.1707
"45003","2025",44477,5721,0.1286
"45005","2025",2140,754,0.3523
"45007","2025",48814,7777,0.1593
"45009","2025",3471,1084,0.3123
"45011","2025",5264,1460,0.2774
"45013","2025",62444,3196,0.0512
"45015","2025",48138,5472,0.1137
"45017","2025",3715,752,0.2024
"45019","2025",84901,10003,0.1178
"45021","2025",12901,2554,0.198
"45023","2025",8267,1754,0.2122
"45025","2025",10349,2435,0.2353
"45027","2025",9634,2250,0.2335
"45029","2025",10421,2315,0.2221
"45031","2025",16236,3815,0.235
"45033","2025",6877,2192,0.3187
"45035","2025",33244,3931,0.1182
"45037","2025",7031,1152,0.1638
"45039","2025",6303,1292,0.205
"45041","2025",32470,7437,0.229
"45043","2025",21982,2557,0.1163
"45045","2025",118730,14846,0.125
"45047","2025",17633,3055,0.1733
"45049","2025",5079,1308,0.2575
"45051","2025",134064,11401,0.085
"45053","2025",9772,1083,0.1108
"45055","2025",17933,2683,0.1496
"45057","2025",27058,2955,0.1092
"45059","2025",16645,3390,0.2037
"45061","2025",4103,1248,0.3042
"45063","2025",66811,7694,0.1152
"45065","2025",4807,542,0.1128
"45067","2025",8132,2405,0.2957
"45069","2025",6496,1995,0.3071
"45071","2025",10479,1727,0.1648
"45073","2025",24770,2931,0.1183
"45075","2025",22107,5644,0.2553
"45077","2025",30582,4250,0.139
"45079","2025",76480,12368,0.1617
"45081","2025",3460,676,0.1954
"45083","2025",74781,12353,0.1652
"45085","2025",24441,5656,0.2314
"45087","2025",7555,1784,0.2361
"45089","2025",8649,2570,0.2971
"45091","2025",56859,6070,0.1068
"45999","2025",,,
"46003","2025",656,34,0.0518
"46005","2025",3985,639,0.1604
"46007","2025",511,83,0.1624
"46009","2025",1678,159,0.0948
"46011","2025",5946,537,0.0903
"46013","2025",8470,925,0.1092
"46015","2025",1256,147,0.117
"46017","2025",206,56,0.2718
"46019","2025",2771,313,0.113
"46021","2025",441,31,0.0703
"46023","2025",1932,279,0.1444
"46025","2025",880,108,0.1227
"46027","2025",2253,271,0.1203
"46029","2025",6653,735,0.1105
"46031","2025",577,141,0.2444
"46033","2025",3555,171,0.0481
"46035","2025",4804,653,0.1359
"46037","2025",1639,143,0.0872
"46039","2025",1045,87,0.0833
"46041","2025",896,180,0.2009
"46043","2025",816,81,0.0993
"46045","2025",939,69,0.0735
"46047","2025",2947,290,0.0984
"46049","2025",588,92,0.1565
"46051","2025",2129,206,0.0968
"46053","2025",1218,118,0.0969
"46055","2025",588,42,0.0714
"46057","2025",1232,96,0.0779
"46059","2025",898,74,0.0824
"46061","2025",1057,64,0.0605
"46063","2025",309,12,0.0388
"46065","2025",3766,307,0.0815
"46067","2025",1905,158,0.0829
"46069","2025",360,29,0.0806
"46071","2025",478,72,0.1506
"46073","2025",590,46,0.078
"46075","2025",250,12,0.048
"46077","2025",1544,126,0.0816
"46079","2025",2818,221,0.0784
"46081","2025",8290,689,0.0831
"46083","2025",12156,579,0.0476
"46085","2025",730,87,0.1192
"46087","2025",1376,136,0.0988
"46089","2025",710,89,0.1254
"46091","2025",1176,96,0.0816
"46093","2025",6488,528,0.0814
"46095","2025",364,77,0.2115
"46097","2025",631,58,0.0919
"46099","2025",40327,4258,0.1056
"46101","2025",1427,133,0.0932
"46102","2025",1402,468,0.3338
"46103","2025",29973,2644,0.0882
"46105","2025",863,65,0.0753
"46107","2025",684,33,0.0482
"46109","2025",2200,281,0.1277
"46111","2025",597,62,0.1039
"46115","2025",1664,230,0.1382
"46117","2025",793,45,0.0567
"46119","2025",339,,
"46121","2025",980,335,0.3418
"46123","2025",1383,147,0.1063
"46125","2025",2077,169,0.0814
"46127","2025",3825,229,0.0599
"46129","2025",1512,159,0.1052
"46135","2025",5868,708,0.1207
"46137","2025",189,47,0.2487
"46999","2025",,,
"47001","2025",19298,2924,0.1515
"47003","2025",10255,1559,0.152
"47005","2025",4936,924,0.1872
"47007","2025",3515,672,0.1912
"47009","2025",34730,3689,0.1062
"47011","2025",24883,3862,0.1552
"47013","2025",10397,2722,0.2618
"47015","2025",3624,566,0.1562
"47017","2025",7701,1477,0.1918
"47019","2025",14916,3001,0.2012
"47021","2025",9221,945,0.1025
"47023","2025",3864,772,0.1998
"47025","2025",9124,2332,0.2556
"47027","2025",2109,482,0.2285
"47029","2025",11277,2695,0.239
"47031","2025",14229,2308,0.1622
"47033","2025",3392,704,0.2075
"47035","2025",24531,2563,0.1045
"47037","2025",105164,16985,0.1615
"47039","2025",3528,737,0.2089
"47041","2025",5127,962,0.1876
"47043","2025",12452,1789,0.1437
"47045","2025",8284,1898,0.2291
"47047","2025",11166,1392,0.1247
"47049","2025",6215,1483,0.2386
"47051","2025",11075,1494,0.1349
"47053","2025",12429,2520,0.2028
"47055","2025",7742,1182,0.1527
"47057","2025",7063,1356,0.192
"47059","2025",20701,3779,0.1826
"47061","2025",4176,1041,0.2493
"47063","2025",15756,2809,0.1783
"47065","2025",82012,11278,0.1375
"47067","2025",1796,556,0.3096
"47069","2025",6203,1478,0.2383
"47071","2025",7654,1609,0.2102
"47073","2025",17029,2983,0.1752
"47075","2025",4321,1124,0.2601
"47077","2025",6869,1395,0.2031
"47079","2025",9594,1546,0.1611
"47081","2025",5748,1021,0.1776
"47083","2025",2270,434,0.1912
"47085","2025",4832,714,0.1478
"47087","2025",3185,611,0.1918
"47089","2025",15341,2374,0.1547
"47091","2025",5617,1241,0.2209
"47093","2025",98526,13174,0.1337
"47095","2025",1400,460,0.3286
"47097","2025",5570,1440,0.2585
"47099","2025",11011,2036,0.1849
"47101","2025",3184,585,0.1837
"47103","2025",9222,1441,0.1563
"47105","2025",20918,1593,0.0762
"47107","2025",14291,2465,0.1725
"47109","2025",7257,1521,0.2096
"47111","2025",5210,1086,0.2084
"47113","2025",22682,4326,0.1907
"47115","2025",7136,1145,0.1605
"47117","2025",7692,1121,0.1457
"47119","2025",25248,2643,0.1047
"47121","2025",4176,734,0.1758
"47123","2025",13864,2413,0.174
"47125","2025",32494,4573,0.1407
"47127","2025",1497,158,0.1055
"47129","2025",4812,978,0.2032
"47131","2025",7884,1474,0.187
"47133","2025",6007,1134,0.1888
"47135","2025",2321,485,0.209
"47137","2025",1553,306,0.197
"47139","2025",5174,949,0.1834
"47141","2025",19397,3253,0.1677
"47143","2025",8887,1574,0.1771
"47145","2025",15622,2371,0.1518
"47147","2025",15695,1859,0.1184
"47149","2025",51953,5969,0.1149
"47151","2025",5334,1538,0.2883
"47153","2025",5642,1426,0.2527
"47155","2025",25032,3030,0.121
"47157","2025",166056,35260,0.2123
"47159","2025",4486,733,0.1634
"47161","2025",3652,585,0.1602
"47163","2025",45168,7010,0.1552
"47165","2025",40801,4185,0.1026
"47167","2025",12724,2025,0.1591
"47169","2025",1948,381,0.1956
"47171","2025",5487,1043,0.1901
"47173","2025",4798,1038,0.2163
"47175","2025",1729,307,0.1776
"47177","2025",10477,2171,0.2072
"47179","2025",34320,5082,0.1481
"47181","2025",3834,752,0.1961
"47183","2025",7420,1401,0.1888
"47185","2025",7981,1438,0.1802
"47187","2025",45327,1819,0.0401
"47189","2025",31444,2805,0.0892
"47999","2025",,,
"48001","2025",11624,1656,0.1425
"48003","2025",2456,299,0.1217
"48005","2025",18905,2969,0.157
"48007","2025",8417,750,0.0891
"48009","2025",2024,149,0.0736
"48011","2025",519,47,0.0906
"48013","2025",9974,1788,0.1793
"48015","2025",7999,670,0.0838
"48017","2025",1131,164,0.145
"48019","2025",8147,592,0.0727
"48021","2025",19098,1997,0.1046
"48023","2025",940,146,0.1553
"48025","2025",5232,1012,0.1934
"48027","2025",63196,8231,0.1302
"48029","2025",335213,56215,0.1677
"48031","2025",4413,241,0.0546
"48033","2025",104,,
"48035","2025",5718,544,0.0951
"48037","2025",20395,3202,0.157
"48039","2025",63218,6755,0.1069
"48041","2025",29872,2916,0.0976
"48043","2025",2361,222,0.094
"48045","2025",424,41,0.0967
"48047","2025",1547,494,0.3193
"48049","2025",9865,1547,0.1568
"48051","2025",5261,535,0.1017
"48053","2025",14528,944,0.065
"48055","2025",8691,1298,0.1493
"48057","2025",4654,563,0.121
"48059","2025",3683,404,0.1097
"48061","2025",72175,25268,0.3501
"48063","2025",3151,472,0.1498
"48065","2025",1283,89,0.0694
"48067","2025",8644,1299,0.1503
"48069","2025",1242,198,0.1594
"48071","2025",7805,663,0.0849
"48073","2025",11042,1581,0.1432
"48075","2025",1311,223,0.1701
"48077","2025",2579,226,0.0876
"48079","2025",535,120,0.2243
"48081","2025",1030,109,0.1058
"48083","2025",2651,383,0.1445
"48085","2025",155450,12330,0.0793
"48087","2025",673,110,0.1634
"48089","2025",5931,591,0.0996
"48091","2025",46656,2523,0.0541
"48093","2025",3698,482,0.1303
"48095","2025",774,101,0.1305
"48097","2025",9511,821,0.0863
"48099","2025",12261,1424,0.1161
"48101","2025",409,53,0.1296
"48103","2025",668,96,0.1437
"48105","2025",764,91,0.1191
"48107","2025",1284,244,0.19
"48109","2025",511,105,0.2055
"48111","2025",1041,100,0.0961
"48113","2025",360658,54291,0.1505
"48115","2025",2203,423,0.192
"48117","2025",2783,461,0.1656
"48119","2025",1396,210,0.1504
"48121","2025",131761,9949,0.0755
"48123","2025",4676,580,0.124
"48125","2025",584,86,0.1473
"48127","2025",1907,571,0.2994
"48129","2025",976,121,0.124
"48131","2025",2418,707,0.2924
"48133","2025",5055,704,0.1393
"48135","2025",21762,3505,0.1611
"48137","2025",636,70,0.1101
"48139","2025",37036,3416,0.0922
"48141","2025",150915,43400,0.2876
"48143","2025",7688,982,0.1277
"48145","2025",3772,632,0.1676
"48147","2025",8300,1005,0.1211
"48149","2025",7940,588,0.0741
"48151","2025",937,112,0.1195
"48153","2025",1225,185,0.151
"48155","2025",364,58,0.1593
"48157","2025",131451,15162,0.1153
"48159","2025",2689,302,0.1123
"48161","2025",4871,575,0.118
"48163","2025",2970,853,0.2872
"48165","2025",2233,417,0.1867
"48167","2025",69004,7102,0.1029
"48169","2025",889,136,0.153
"48171","2025",9758,445,0.0456
"48173","2025",197,,
"48175","2025",1888,173,0.0916
"48177","2025",4652,659,0.1417
"48179","2025",4151,558,0.1344
"48181","2025",33160,3434,0.1036
"48183","2025",28583,4227,0.1479
"48185","2025",7354,820,0.1115
"48187","2025",33173,3056,0.0921
"48189","2025",5811,1021,0.1757
"48191","2025",777,123,0.1583
"48193","2025",2517,268,0.1065
"48195","2025",925,93,0.1005
"48197","2025",941,133,0.1413
"48199","2025",12969,1322,0.1019
"48201","2025",649936,101124,0.1556
"48203","2025",14015,1954,0.1394
"48205","2025",514,42,0.0817
"48207","2025",1456,205,0.1408
"48209","2025",42348,3129,0.0739
"48211","2025",682,36,0.0528
"48213","2025",22409,2826,0.1261
"48215","2025",122876,46611,0.3793
"48217","2025",9708,1198,0.1234
"48219","2025",4240,573,0.1351
"48221","2025",20666,1213,0.0587
"48223","2025",8635,1126,0.1304
"48225","2025",5932,910,0.1534
"48227","2025",5245,714,0.1361
"48229","2025",964,303,0.3143
"48231","2025",20689,2729,0.1319
"48233","2025",4299,437,0.1017
"48235","2025",396,31,0.0783
"48237","2025",1821,195,0.1071
"48239","2025",3414,382,0.1119
"48241","2025",9025,1281,0.1419
"48243","2025",710,39,0.0549
"48245","2025",45952,8038,0.1749
"48247","2025",986,252,0.2556
"48249","2025",8737,2090,0.2392
"48251","2025",37360,3850,0.1031
"48253","2025",3507,494,0.1409
"48255","2025",3002,483,0.1609
"48257","2025",27122,3412,0.1258
"48259","2025",14536,655,0.0451
"48261","2025",53,14,0.2642
"48263","2025",223,30,0.1345
"48265","2025",17893,1212,0.0677
"48267","2025",1345,134,0.0996
"48269","2025",37,,
"48271","2025",925,161,0.1741
"48273","2025",5351,1133,0.2117
"48275","2025",876,171,0.1952
"48277","2025",11931,1887,0.1582
"48279","2025",2676,504,0.1883
"48281","2025",6227,576,0.0925
"48283","2025",1178,326,0.2767
"48285","2025",5983,620,0.1036
"48287","2025",4103,385,0.0938
"48289","2025",5672,510,0.0899
"48291","2025",16931,2592,0.1531
"48293","2025",5475,942,0.1721
"48295","2025",666,47,0.0706
"48297","2025",2535,270,0.1065
"48299","2025",9026,586,0.0649
"48301","2025",16,,
"48303","2025",53544,7336,0.137
"48305","2025",1110,182,0.164
"48307","2025",2287,343,0.15
"48309","2025",49766,7166,0.144
"48311","2025",191,20,0.1047
"48313","2025",2610,346,0.1326
"48315","2025",2998,509,0.1698
"48317","2025",819,89,0.1087
"48319","2025",1406,106,0.0754
"48321","2025",8146,1132,0.139
"48323","2025",11376,5013,0.4407
"48325","2025",11512,1468,0.1275
"48327","2025",722,87,0.1205
"48329","2025",21720,2440,0.1123
"48331","2025",6525,852,0.1306
"48333","2025",1503,153,0.1018
"48335","2025",1566,220,0.1405
"48337","2025",5937,654,0.1102
"48339","2025",118401,9262,0.0782
"48341","2025",2721,325,0.1194
"48343","2025",3563,596,0.1673
"48345","2025",355,53,0.1493
"48347","2025",12767,1819,0.1425
"48349","2025",11354,1774,0.1562
"48351","2025",2959,486,0.1642
"48353","2025",3318,566,0.1706
"48355","2025",66669,12108,0.1816
"48357","2025",1395,145,0.1039
"48359","2025",455,36,0.0791
"48361","2025",17150,2071,0.1208
"48363","2025",7033,828,0.1177
"48365","2025",5558,702,0.1263
"48367","2025",33069,2316,0.07
"48369","2025",1508,175,0.116
"48371","2025",2451,420,0.1714
"48373","2025",18797,1937,0.103
"48375","2025",20247,3600,0.1778
"48377","2025",1783,589,0.3303
"48379","2025",3571,344,0.0963
"48381","2025",26891,1980,0.0736
"48383","2025",486,67,0.1379
"48385","2025",1367,159,0.1163
"48387","2025",3621,653,0.1803
"48389","2025",2129,384,0.1804
"48391","2025",1864,272,0.1459
"48393","2025",190,,
"48395","2025",4318,569,0.1318
"48397","2025",20963,1397,0.0666
"48399","2025",2676,368,0.1375
"48401","2025",10651,1372,0.1288
"48403","2025",3625,408,0.1126
"48405","2025",2470,420,0.17
"48407","2025",6756,804,0.119
"48409","2025",14481,2333,0.1611
"48411","2025",1584,169,0.1067
"48413","2025",645,96,0.1488
"48415","2025",3114,400,0.1285
"48417","2025",821,78,0.095
"48419","2025",5456,969,0.1776
"48421","2025",384,29,0.0755
"48423","2025",52119,5742,0.1102
"48425","2025",2405,201,0.0836
"48427","2025",10365,5637,0.5438
"48429","2025",2134,259,0.1214
"48431","2025",253,28,0.1107
"48433","2025",402,59,0.1468
"48435","2025",842,93,0.1105
"48437","2025",1439,211,0.1466
"48439","2025",317742,39322,0.1238
"48441","2025",28110,4034,0.1435
"48443","2025",238,28,0.1176
"48445","2025",2067,388,0.1877
"48447","2025",388,38,0.0979
"48449","2025",5823,870,0.1494
"48451","2025",24361,3247,0.1333
"48453","2025",157523,16174,0.1027
"48455","2025",4683,661,0.1411
"48457","2025",5366,691,0.1288
"48459","2025",9721,1244,0.128
"48461","2025",657,87,0.1324
"48463","2025",5688,1263,0.222
"48465","2025",8960,2632,0.2938
"48467","2025",14393,1673,0.1162
"48469","2025",19689,2555,0.1298
"48471","2025",12461,1372,0.1101
"48473","2025",8624,952,0.1104
"48475","2025",1918,258,0.1345
"48477","2025",10182,969,0.0952
"48479","2025",38441,12128,0.3155
"48481","2025",9326,1238,0.1327
"48483","2025",1184,100,0.0845
"48485","2025",26816,4054,0.1512
"48487","2025",2835,459,0.1619
"48489","2025",3701,1341,0.3623
"48491","2025",102754,6681,0.065
"48493","2025",11209,988,0.0881
"48495","2025",1096,149,0.1359
"48497","2025",15076,1206,0.08
"48499","2025",16590,1552,0.0936
"48501","2025",1326,163,0.1229
"48503","2025",4659,535,0.1148
"48505","2025",2168,775,0.3575
"48507","2025",2116,778,0.3677
"48999","2025",,,
"49001","2025",1495,113,0.0756
"49003","2025",9988,615,0.0616
"49005","2025",17244,1105,0.0641
"49007","2025",4891,595,0.1217
"49009","2025",283,,
"49011","2025",48512,2707,0.0558
"49013","2025",3781,343,0.0907
"49015","2025",2284,184,0.0806
"49017","2025",1334,69,0.0517
"49019","2025",2274,172,0.0756
"49021","2025",10938,867,0.0793
"49023","2025",1962,140,0.0714
"49025","2025",2293,133,0.058
"49027","2025",2746,167,0.0608
"49029","2025",1947,32,0.0164
"49031","2025",469,34,0.0725
"49033","2025",519,13,0.025
"49035","2025",164023,14391,0.0877
"49037","2025",2498,500,0.2002
"49039","2025",5572,380,0.0682
"49041","2025",4710,420,0.0892
"49043","2025",8306,154,0.0185
"49045","2025",9972,865,0.0867
"49047","2025",5427,437,0.0805
"49049","2025",70383,5669,0.0805
"49051","2025",5819,175,0.0301
"49053","2025",47267,2180,0.0461
"49055","2025",714,35,0.049
"49057","2025",42009,3748,0.0892
"49999","2025",,,
"50001","2025",9946,1291,0.1298
"50003","2025",10956,1954,0.1783
"50005","2025",8359,1548,0.1852
"50007","2025",35663,5216,0.1463
"50009","2025",2022,405,0.2003
"50011","2025",11554,2133,0.1846
"50013","2025",2437,293,0.1202
"50015","2025",6231,1050,0.1685
"50017","2025",8399,1297,0.1544
"50019","2025",8137,1890,0.2323
"50021","2025",18362,3577,0.1948
"50023","2025",15537,2421,0.1558
"50025","2025",13259,2324,0.1753
"50027","2025",17203,2424,0.1409
"50999","2025",,,
"51001","2025",10221,1596,0.1561
"51003","2025",24812,1541,0.0621
"51005","2025",4075,642,0.1575
"51007","2025",3557,446,0.1254
"51009","2025",8513,1192,0.14
"51011","2025",4436,678,0.1528
"51013","2025",27976,3204,0.1145
"51015","2025",18748,1545,0.0824
"51017","2025",1430,173,0.121
"51019","2025",22724,1872,0.0824
"51021","2025",1831,204,0.1114
"51023","2025",9501,665,0.07
"51025","2025",4329,942,0.2176
"51027","2025",6597,1367,0.2072
"51029","2025",3794,713,0.1879
"51031","2025",12995,1806,0.139
"51033","2025",6880,841,0.1222
"51035","2025",8384,1268,0.1512
"51036","2025",1996,226,0.1132
"51037","2025",3515,708,0.2014
"51041","2025",74737,6160,0.0824
"51043","2025",4231,324,0.0766
"51045","2025",1371,169,0.1233
"51047","2025",11597,1226,0.1057
"51049","2025",2271,368,0.162
"51051","2025",4610,942,0.2043
"51053","2025",5799,695,0.1198
"51057","2025",3359,466,0.1387
"51059","2025",181062,15756,0.087
"51061","2025",14971,927,0.0619
"51063","2025",4492,520,0.1158
"51065","2025",7353,557,0.0758
"51067","2025",16098,1959,0.1217
"51069","2025",20655,1420,0.0687
"51071","2025",4670,683,0.1463
"51073","2025",10454,999,0.0956
"51075","2025",7859,424,0.054
"51077","2025",4510,840,0.1863
"51079","2025",4898,502,0.1025
"51081","2025",2538,522,0.2057
"51083","2025",10239,1854,0.1811
"51085","2025",26141,1586,0.0607
"51087","2025",66694,6910,0.1036
"51089","2025",13652,2398,0.1757
"51091","2025",924,67,0.0725
"51093","2025",10213,986,0.0965
"51095","2025",26550,1211,0.0456
"51097","2025",1973,286,0.145
"51099","2025",4965,454,0.0914
"51101","2025",4198,418,0.0996
"51103","2025",4925,490,0.0995
"51105","2025",6328,1706,0.2696
"51107","2025",52756,4109,0.0779
"51109","2025",10071,1127,0.1119
"51111","2025",3046,632,0.2075
"51113","2025",3771,378,0.1002
"51115","2025",3140,296,0.0943
"51117","2025",10006,1673,0.1672
"51119","2025",4141,432,0.1043
"51121","2025",15440,1800,0.1166
"51125","2025",5449,578,0.1061
"51127","2025",6806,363,0.0533
"51131","2025",4356,900,0.2066
"51133","2025",5037,406,0.0806
"51135","2025",3851,745,0.1935
"51137","2025",10960,1052,0.096
"51139","2025",6599,1052,0.1594
"51141","2025",5687,912,0.1604
"51143","2025",16164,2637,0.1631
"51145","2025",7381,389,0.0527
"51147","2025",5380,1065,0.198
"51149","2025",6533,613,0.0938
"51153","2025",64050,6412,0.1001
"51155","2025",9086,1405,0.1546
"51157","2025",2150,133,0.0619
"51159","2025",2185,343,0.157
"51161","2025",25269,2038,0.0807
"51163","2025",6162,699,0.1134
"51165","2025",19078,1585,0.0831
"51167","2025",8032,1484,0.1848
"51169","2025",6687,1350,0.2019
"51171","2025",11844,1245,0.1051
"51173","2025",8524,1906,0.2236
"51175","2025",4139,567,0.137
"51177","2025",26931,2384,0.0885
"51179","2025",22944,1796,0.0783
"51181","2025",1934,213,0.1101
"51183","2025",2635,500,0.1898
"51185","2025",11790,2006,0.1701
"51187","2025",9675,965,0.0997
"51191","2025",15950,2103,0.1318
"51193","2025",5852,727,0.1242
"51195","2025",10706,2217,0.2071
"51197","2025",8561,1574,0.1839
"51199","2025",13745,681,0.0495
"51510","2025",20734,2172,0.1048
"51520","2025",4391,959,0.2184
"51530","2025",1637,369,0.2254
"51540","2025",7592,1129,0.1487
"51550","2025",47056,4676,0.0994
"51570","2025",4688,608,0.1297
"51580","2025",2154,460,0.2136
"51590","2025",12400,3372,0.2719
"51595","2025",1292,441,0.3413
"51600","2025",5970,627,0.105
"51610","2025",2803,141,0.0503
"51620","2025",2678,652,0.2435
"51630","2025",4945,822,0.1662
"51640","2025",2594,759,0.2926
"51650","2025",28052,4075,0.1453
"51660","2025",7522,1181,0.157
"51670","2025",5167,1191,0.2305
"51678","2025",2208,321,0.1454
"51680","2025",17277,3243,0.1877
"51683","2025",5750,672,0.1169
"51685","2025",1065,108,0.1014
"51690","2025",5490,1646,0.2998
"51700","2025",32553,5518,0.1695
"51710","2025",37642,8327,0.2212
"51720","2025",1213,360,0.2968
"51730","2025",9352,2577,0.2756
"51735","2025",2929,125,0.0427
"51740","2025",18953,3849,0.2031
"51750","2025",2713,397,0.1463
"51760","2025",35590,8494,0.2387
"51770","2025",22072,4642,0.2103
"51775","2025",7271,804,0.1106
"51790","2025",7606,1225,0.1611
"51800","2025",20357,2855,0.1402
"51810","2025",86249,7640,0.0886
"51820","2025",6266,894,0.1427
"51830","2025",2301,139,0.0604
"51840","2025",5951,957,0.1608
"51999","2025",,,
"53001","2025",2914,569,0.1953
"53003","2025",6920,1186,0.1714
"53005","2025",41167,5696,0.1384
"53007","2025",19957,2728,0.1367
"53009","2025",29489,3281,0.1113
"53011","2025",105886,13710,0.1295
"53013","2025",1353,221,0.1633
"53015","2025",28983,4937,0.1703
"53017","2025",9340,1132,0.1212
"53019","2025",2480,484,0.1952
"53021","2025",12545,2422,0.1931
"53023","2025",745,100,0.1342
"53025","2025",18083,3468,0.1918
"53027","2025",22560,4154,0.1841
"53029","2025",26953,1953,0.0725
"53031","2025",15189,1397,0.092
"53033","2025",360943,57362,0.1589
"53035","2025",65689,7003,0.1066
"53037","2025",10631,1236,0.1163
"53039","2025",7069,954,0.135
"53041","2025",23095,3821,0.1654
"53043","2025",3718,524,0.1409
"53045","2025",19860,2584,0.1301
"53047","2025",12131,2250,0.1855
"53049","2025",9225,1448,0.157
"53051","2025",4599,789,0.1716
"53053","2025",172911,27149,0.157
"53055","2025",6743,464,0.0688
"53057","2025",35599,4132,0.1161
"53059","2025",2944,390,0.1325
"53061","2025",149430,21592,0.1445
"53063","2025",121061,20957,0.1731
"53065","2025",14409,2307,0.1601
"53067","2025",69484,9222,0.1327
"53069","2025",1739,210,0.1208
"53071","2025",14786,2139,0.1447
"53073","2025",53396,7211,0.135
"53075","2025",7021,985,0.1403
"53077","2025",46433,10740,0.2313
"53999","2025",,,
"54001","2025",4152,1016,0.2447
"54003","2025",26384,3482,0.132
"54005","2025",5767,1243,0.2155
"54007","2025",3686,818,0.2219
"54009","2025",5962,843,0.1414
"54011","2025",20764,4043,0.1947
"54013","2025",2065,581,0.2814
"54015","2025",2553,748,0.293
"54017","2025",1626,310,0.1907
"54019","2025",11430,2551,0.2232
"54021","2025",1529,367,0.24
"54023","2025",3325,655,0.197
"54025","2025",9939,1682,0.1692
"54027","2025",6546,1050,0.1604
"54029","2025",8309,1208,0.1454
"54031","2025",3795,653,0.1721
"54033","2025",16642,2929,0.176
"54035","2025",7609,1396,0.1835
"54037","2025",13022,1444,0.1109
"54039","2025",47410,8480,0.1789
"54041","2025",4423,965,0.2182
"54043","2025",5293,1366,0.2581
"54045","2025",8620,1938,0.2248
"54047","2025",5180,1720,0.332
"54049","2025",13978,2487,0.1779
"54051","2025",7820,1136,0.1453
"54053","2025",6695,1337,0.1997
"54055","2025",16153,3571,0.2211
"54057","2025",7388,1153,0.1561
"54059","2025",6523,1788,0.2741
"54061","2025",16191,1906,0.1177
"54063","2025",3887,585,0.1505
"54065","2025",5175,632,0.1221
"54067","2025",7408,1516,0.2046
"54069","2025",11097,1645,0.1482
"54071","2025",2261,384,0.1698
"54073","2025",1859,332,0.1786
"54075","2025",2582,423,0.1638
"54077","2025",8451,1454,0.1721
"54079","2025",13594,1690,0.1243
"54081","2025",19580,3685,0.1882
"54083","2025",7443,1535,0.2062
"54085","2025",2790,588,0.2108
"54087","2025",3919,956,0.2439
"54089","2025",3594,815,0.2268
"54091","2025",3997,765,0.1914
"54093","2025",2100,341,0.1624
"54095","2025",2218,361,0.1628
"54097","2025",6226,1274,0.2046
"54099","2025",10492,2394,0.2282
"54101","2025",2505,764,0.305
"54103","2025",4099,739,0.1803
"54105","2025",1676,402,0.2399
"54107","2025",22814,4584,0.2009
"54109","2025",5648,1239,0.2194
"54999","2025",,,
"55001","2025",7308,1289,0.1764
"55003","2025",4442,866,0.195
"55005","2025",13469,2135,0.1585
"55007","2025",5803,596,0.1027
"55009","2025",56140,7054,0.1257
"55011","2025",3679,442,0.1201
"55013","2025",6143,677,0.1102
"55015","2025",9071,692,0.0763
"55017","2025",16257,2238,0.1377
"55019","2025",7661,1415,0.1847
"55021","2025",15048,1830,0.1216
"55023","2025",4661,711,0.1525
"55025","2025",103850,11339,0.1092
"55027","2025",21170,2132,0.1007
"55029","2025",11199,681,0.0608
"55031","2025",11414,1906,0.167
"55033","2025",10322,1910,0.185
"55035","2025",22574,3400,0.1506
"55037","2025",1703,240,0.1409
"55039","2025",24278,2723,0.1122
"55041","2025",2906,439,0.1511
"55043","2025",12228,1699,0.1389
"55045","2025",9433,1019,0.108
"55047","2025",5727,656,0.1145
"55049","2025",6142,685,0.1115
"55051","2025",2258,349,0.1546
"55053","2025",5042,759,0.1505
"55055","2025",19120,2399,0.1255
"55057","2025",7392,1257,0.17
"55059","2025",33478,4950,0.1479
"55061","2025",5337,492,0.0922
"55063","2025",26488,3596,0.1358
"55065","2025",3958,451,0.1139
"55067","2025",6192,982,0.1586
"55069","2025",8611,1095,0.1272
"55071","2025",22175,2754,0.1242
"55073","2025",31440,3636,0.1156
"55075","2025",13875,1902,0.1371
"55077","2025",5364,646,0.1204
"55078","2025",942,294,0.3121
"55079","2025",164559,40316,0.245
"55081","2025",10439,1628,0.156
"55083","2025",10730,1128,0.1051
"55085","2025",13473,1394,0.1035
"55087","2025",41718,4368,0.1047
"55089","2025",24237,1623,0.067
"55091","2025",2288,401,0.1753
"55093","2025",9405,914,0.0972
"55095","2025",12821,1420,0.1108
"55097","2025",16089,1606,0.0998
"55099","2025",5005,722,0.1443
"55101","2025",46086,6892,0.1495
"55103","2025",4677,743,0.1589
"55105","2025",37344,5463,0.1463
"55107","2025",4468,814,0.1822
"55109","2025",19064,1412,0.0741
"55111","2025",15983,1904,0.1191
"55113","2025",6344,806,0.127
"55115","2025",10536,1296,0.123
"55117","2025",28934,3522,0.1217
"55119","2025",4935,647,0.1311
"55121","2025",7189,932,0.1296
"55123","2025",7825,1048,0.1339
"55125","2025",9373,897,0.0957
"55127","2025",25179,2315,0.0919
"55129","2025",6403,910,0.1421
"55131","2025",33842,2159,0.0638
"55133","2025",103659,8318,0.0802
"55135","2025",15408,2029,0.1317
"55137","2025",7437,955,0.1284
"55139","2025",37475,4643,0.1239
"55141","2025",20707,3008,0.1453
"55999","2025",,,
"56001","2025",6150,550,0.0894
"56003","2025",3105,299,0.0963
"56005","2025",7864,708,0.09
"56007","2025",3232,276,0.0854
"56009","2025",3117,270,0.0866
"56011","2025",2099,97,0.0462
"56013","2025",9529,1113,0.1168
"56015","2025",3473,309,0.089
"56017","2025",1581,194,0.1227
"56019","2025",2736,182,0.0665
"56021","2025",21976,2330,0.106
"56023","2025",4738,223,0.0471
"56025","2025",17048,2136,0.1253
"56027","2025",675,56,0.083
"56029","2025",9142,607,0.0664
"56031","2025",2660,211,0.0793
"56033","2025",8835,683,0.0773
"56035","2025",2099,95,0.0453
"56037","2025",7626,715,0.0938
"56039","2025",4383,110,0.0251
"56041","2025",4381,473,0.108
"56043","2025",2172,215,0.099
"56045","2025",1937,178,0.0919
"56999","2025",,,
"72001","2025",3943,25,0.0063
"72003","2025",9674,86,0.0089
"72005","2025",13458,137,0.0102
"72007","2025",5759,30,0.0052
"72009","2025",6693,38,0.0057
"72011","2025",6580,52,0.0079
"72013","2025",23420,188,0.008
"72015","2025",4301,66,0.0153
"72017","2025",5551,50,0.009
"72019","2025",5864,46,0.0078
"72021","2025",43874,245,0.0056
"72023","2025",10907,70,0.0064
"72025","2025",30876,209,0.0068
"72027","2025",8047,67,0.0083
"72029","2025",9665,103,0.0107
"72031","2025",35092,252,0.0072
"72033","2025",4521,47,0.0104
"72035","2025",12086,76,0.0063
"72037","2025",2733,33,0.0121
"72039","2025",4872,37,0.0076
"72041","2025",9210,66,0.0072
"72043","2025",8169,89,0.0109
"72045","2025",3911,32,0.0082
"72047","2025",7559,52,0.0069
"72049","2025",358,,
"72051","2025",7516,62,0.0082
"72053","2025",7315,74,0.0101
"72054","2025",3744,33,0.0088
"72055","2025",3809,60,0.0158
"72057","2025",8491,114,0.0134
"72059","2025",5346,42,0.0079
"72061","2025",19914,89,0.0045
"72063","2025",8227,64,0.0078
"72065","2025",8421,74,0.0088
"72067","2025",4429,29,0.0065
"72069","2025",14179,135,0.0095
"72071","2025",10209,97,0.0095
"72073","2025",3480,26,0.0075
"72075","2025",9487,114,0.012
"72077","2025",8373,80,0.0096
"72079","2025",5657,59,0.0104
"72081","2025",7380,72,0.0098
"72083","2025",2089,14,0.0067
"72085","2025",8535,77,0.009
"72087","2025",3902,42,0.0108
"72089","2025",4128,40,0.0097
"72091","2025",10133,69,0.0068
"72093","2025",1178,,
"72095","2025",3129,28,0.0089
"72097","2025",19298,149,0.0077
"72099","2025",8813,78,0.0089
"72101","2025",6688,54,0.0081
"72103","2025",5299,57,0.0108
"72105","2025",6537,36,0.0055
"72107","2025",5146,34,0.0066
"72109","2025",4852,60,0.0124
"72111","2025",4943,51,0.0103
"72113","2025",34630,263,0.0076
"72115","2025",6380,52,0.0082
"72117","2025",3863,37,0.0096
"72119","2025",10362,111,0.0107
"72121","2025",5928,47,0.0079
"72123","2025",6621,75,0.0113
"72125","2025",7645,52,0.0068
"72127","2025",76439,466,0.0061
"72129","2025",8878,81,0.0091
"72131","2025",11008,98,0.0089
"72133","2025",4349,42,0.0097
"72135","2025",12700,82,0.0065
"72137","2025",16945,126,0.0074
"72139","2025",11965,71,0.0059
"72141","2025",7146,62,0.0087
"72143","2025",8569,77,0.009
"72145","2025",12418,113,0.0091
"72147","2025",1662,28,0.0168
"72149","2025",5513,34,0.0062
"72151","2025",9154,79,0.0086
"72153","2025",9230,73,0.0079
"72999","2025",,,
"78010","2025",10076,217,0.0215
"78020","2025",950,14,0.0147
"78030","2025",9880,178,0.018
"78999","2025",,,
